user_id,content_id,watch_date,watch_duration_mins,completion_pct,device,rating
U0233,C022,2025-08-27,37.7,46.0,Mobile,0.0
U0080,C011,2026-03-16,33.9,29.0,Tablet,1.0
U0111,C049,2025-09-17,31.7,85.7,Tablet,3.0
U0342,C020,2025-11-17,32.3,29.4,Desktop,5.0
U0131,C019,2025-10-01,56.6,50.1,TV,0.0
U0204,C048,2025-08-13,18.3,45.8,Mobile,2.0
U0011,C021,2025-09-20,14.3,37.6,TV,0.0
U0224,C007,2025-10-20,52.7,39.3,TV,4.0
U0174,C015,2025-05-01,52.0,46.4,Desktop,5.0
U0179,C023,2025-09-16,104.2,89.1,Desktop,5.0
U0389,C042,2025-04-22,8.4,17.8,Tablet,4.0
U0474,C037,2025-07-29,63.8,76.0,TV,0.0
U0226,C005,2025-05-14,25.4,32.1,TV,3.0
U0038,C020,2025-06-19,70.5,64.1,Mobile,3.0
U0305,C033,2025-06-03,132.0,90.4,Desktop,1.0
U0310,C031,2025-10-20,78.2,60.6,TV,4.0
U0044,C033,2025-11-11,98.5,67.5,TV,1.0
U0470,C019,2025-06-17,46.6,41.2,TV,0.0
U0286,C044,2026-03-26,14.0,22.9,Desktop,1.0
U0042,C038,2026-04-13,68.3,77.6,Tablet,0.0
U0305,C046,2025-09-21,12.5,26.1,Mobile,4.0
U0344,C028,2026-01-16,103.8,70.6,TV,5.0
U0249,C013,2025-09-10,108.4,79.1,Mobile,3.0
U0395,C035,2025-07-01,124.3,97.1,Desktop,3.0
U0193,C010,2025-12-01,19.1,18.0,Desktop,4.0
U0225,C003,2026-03-04,29.9,71.2,TV,5.0
U0384,C029,2026-02-09,15.9,28.4,Tablet,2.0
U0394,C019,2025-07-10,87.7,77.6,Desktop,5.0
U0310,C009,2025-10-15,50.0,54.9,Mobile,5.0
U0083,C018,2026-03-28,25.6,21.9,Tablet,0.0
U0203,C033,2026-01-16,123.5,84.6,TV,0.0
U0430,C046,2025-08-19,42.0,87.5,Tablet,4.0
U0426,C009,2025-07-16,59.1,65.0,Mobile,1.0
U0111,C010,2025-12-10,61.5,58.0,TV,0.0
U0155,C008,2025-12-15,5.0,8.4,Mobile,5.0
U0464,C032,2026-04-10,63.1,83.0,TV,0.0
U0293,C027,2025-05-24,25.8,34.8,Mobile,2.0
U0448,C031,2025-11-15,31.5,24.4,TV,5.0
U0035,C023,2025-07-11,88.9,76.0,TV,0.0
U0023,C023,2025-11-05,95.5,81.6,Tablet,4.0
U0246,C041,2025-08-17,33.4,22.6,Mobile,1.0
U0104,C003,2025-11-24,35.0,83.3,Tablet,5.0
U0279,C031,2025-05-18,85.8,66.5,Mobile,5.0
U0336,C022,2025-05-05,39.0,47.6,Tablet,2.0
U0174,C012,2025-08-03,35.6,33.0,Mobile,2.0
U0309,C012,2025-11-04,96.4,89.3,TV,2.0
U0309,C046,2025-11-13,30.4,63.4,TV,3.0
U0223,C018,2025-06-02,108.9,93.1,Tablet,1.0
U0263,C048,2025-11-12,35.2,88.0,Tablet,0.0
U0065,C005,2025-10-29,39.7,50.2,Mobile,3.0
U0079,C044,2026-01-21,35.5,58.2,Desktop,3.0
U0188,C026,2025-07-01,86.3,70.7,Mobile,1.0
U0397,C017,2025-10-05,24.6,61.4,Tablet,0.0
U0063,C009,2025-09-22,31.9,35.0,TV,1.0
U0436,C011,2025-07-04,70.3,60.1,Desktop,0.0
U0103,C009,2025-07-16,45.9,50.4,Tablet,5.0
U0283,C009,2025-09-16,68.6,75.4,Tablet,3.0
U0211,C050,2025-06-20,114.2,81.0,Mobile,2.0
U0239,C044,2025-09-17,31.7,51.9,Desktop,2.0
U0258,C004,2026-03-20,23.1,85.7,Desktop,1.0
U0486,C034,2025-07-04,43.6,90.9,TV,0.0
U0321,C020,2025-06-17,59.1,53.7,Desktop,0.0
U0338,C040,2025-07-04,129.5,95.2,TV,4.0
U0108,C050,2025-06-13,133.7,94.8,TV,4.0
U0490,C020,2025-07-25,46.8,42.5,Mobile,4.0
U0031,C011,2026-01-27,88.0,75.2,TV,5.0
U0368,C021,2026-01-21,29.5,77.7,TV,0.0
U0239,C008,2025-07-18,47.0,78.3,Tablet,5.0
U0316,C027,2025-05-07,51.4,69.5,TV,0.0
U0391,C011,2025-06-08,66.8,57.1,Mobile,0.0
U0484,C026,2025-12-14,94.1,77.1,Mobile,1.0
U0254,C039,2026-01-01,33.4,35.2,Tablet,0.0
U0292,C036,2025-06-17,91.1,77.9,TV,5.0
U0320,C044,2025-10-15,54.5,89.4,TV,3.0
U0481,C024,2025-11-18,52.4,69.0,Tablet,0.0
U0311,C033,2026-01-26,64.8,44.4,TV,3.0
U0173,C033,2025-08-16,93.1,63.8,Mobile,1.0
U0170,C044,2025-10-06,25.3,41.4,Mobile,3.0
U0243,C017,2025-09-01,23.3,58.2,Desktop,3.0
U0323,C047,2025-11-02,69.6,85.9,Mobile,3.0
U0486,C045,2025-12-15,33.1,32.5,Tablet,5.0
U0435,C048,2026-04-06,27.6,69.0,Tablet,3.0
U0193,C021,2025-08-21,17.5,46.1,TV,3.0
U0248,C013,2025-09-19,41.8,30.5,Tablet,1.0
U0246,C023,2025-09-28,51.4,43.9,Tablet,2.0
U0420,C023,2025-08-15,34.4,29.4,Tablet,4.0
U0132,C048,2026-02-21,21.3,53.2,TV,0.0
U0056,C040,2026-03-17,129.3,95.1,Desktop,4.0
U0120,C004,2025-08-11,7.8,28.9,Desktop,0.0
U0494,C036,2025-12-25,78.7,67.3,TV,1.0
U0147,C042,2026-02-12,6.9,14.7,Mobile,0.0
U0214,C012,2026-03-21,97.8,90.6,TV,0.0
U0005,C020,2025-12-30,67.5,61.4,Tablet,1.0
U0099,C008,2026-01-15,21.9,36.5,Mobile,4.0
U0173,C019,2025-05-21,93.0,82.3,Tablet,5.0
U0219,C033,2025-09-16,118.6,81.2,Tablet,1.0
U0480,C016,2025-05-15,2.5,8.0,TV,1.0
U0299,C047,2025-05-24,57.0,70.4,Mobile,2.0
U0158,C011,2026-03-04,76.3,65.2,TV,1.0
U0315,C015,2026-03-25,76.4,68.2,TV,2.0
U0360,C036,2026-03-21,66.5,56.8,Mobile,3.0
U0229,C034,2025-08-28,27.6,57.5,Desktop,0.0
U0168,C034,2025-07-13,18.1,37.7,Tablet,5.0
U0029,C030,2025-05-15,22.7,27.3,TV,4.0
U0012,C026,2026-02-08,53.9,44.2,Mobile,0.0
U0479,C031,2025-05-01,9.4,7.3,Tablet,1.0
U0457,C025,2026-02-23,49.0,62.8,Desktop,4.0
U0441,C023,2025-11-13,42.5,36.3,Desktop,5.0
U0002,C049,2025-04-19,3.1,8.4,Tablet,5.0
U0118,C016,2026-03-13,24.0,77.4,Mobile,0.0
U0415,C043,2025-06-02,51.9,74.1,Mobile,2.0
U0307,C044,2025-11-17,51.8,84.9,Mobile,0.0
U0258,C019,2025-08-04,39.7,35.1,TV,0.0
U0155,C010,2025-12-23,51.0,48.1,Desktop,4.0
U0348,C028,2025-08-16,103.6,70.5,Tablet,5.0
U0269,C021,2026-02-25,30.3,79.7,Tablet,0.0
U0435,C015,2025-05-01,25.8,23.0,Tablet,2.0
U0286,C034,2025-07-26,26.1,54.4,Tablet,5.0
U0190,C006,2025-12-18,64.3,91.9,Mobile,5.0
U0038,C013,2025-11-05,88.5,64.6,Desktop,5.0
U0465,C022,2025-05-02,55.4,67.6,Mobile,4.0
U0387,C031,2026-02-19,107.5,83.3,TV,2.0
U0239,C035,2025-05-29,94.8,74.1,Tablet,0.0
U0412,C047,2025-07-31,49.7,61.4,Desktop,4.0
U0075,C002,2025-09-25,20.2,36.8,Desktop,0.0
U0169,C015,2025-11-08,56.2,50.2,TV,1.0
U0391,C032,2025-08-23,30.5,40.1,Mobile,3.0
U0018,C005,2025-10-12,57.0,72.1,Tablet,4.0
U0250,C002,2025-11-21,34.5,62.8,TV,3.0
U0147,C002,2025-12-28,34.1,62.0,Desktop,0.0
U0471,C007,2025-07-18,67.0,50.0,TV,1.0
U0408,C026,2025-09-11,32.5,26.6,Desktop,1.0
U0351,C006,2025-07-26,51.2,73.2,Mobile,4.0
U0005,C045,2025-07-20,40.1,39.3,Mobile,3.0
U0471,C003,2025-08-23,11.4,27.2,TV,0.0
U0474,C005,2025-09-14,51.3,64.9,Desktop,5.0
U0162,C002,2025-06-27,42.5,77.2,Desktop,3.0
U0124,C037,2025-11-21,76.4,91.0,Mobile,1.0
U0310,C050,2025-05-24,76.4,54.2,Tablet,2.0
U0117,C023,2026-01-21,94.9,81.1,Tablet,0.0
U0396,C040,2026-03-30,112.7,82.9,Tablet,4.0
U0402,C041,2025-08-02,63.3,42.8,TV,2.0
U0185,C049,2025-10-18,25.1,67.9,Tablet,0.0
U0014,C006,2026-04-03,29.1,41.6,Tablet,0.0
U0150,C027,2025-06-07,13.1,17.7,Desktop,3.0
U0267,C011,2025-12-12,94.7,80.9,Desktop,0.0
U0086,C028,2026-02-05,64.1,43.6,Tablet,0.0
U0070,C020,2025-05-08,9.2,8.4,Desktop,1.0
U0165,C039,2025-09-24,30.6,32.2,Desktop,1.0
U0193,C018,2025-08-20,28.0,23.9,Mobile,4.0
U0237,C046,2026-03-26,7.4,15.5,Tablet,0.0
U0325,C020,2026-01-14,29.1,26.5,Mobile,2.0
U0307,C031,2025-06-11,86.6,67.1,TV,4.0
U0459,C035,2025-07-31,112.6,88.0,TV,0.0
U0332,C040,2025-07-14,16.0,11.8,TV,5.0
U0221,C007,2025-04-21,11.5,8.6,Desktop,2.0
U0192,C026,2025-11-24,50.0,41.0,Mobile,2.0
U0054,C019,2026-02-22,92.9,82.2,Desktop,1.0
U0160,C022,2025-04-29,45.8,55.8,Tablet,4.0
U0357,C029,2025-12-16,18.9,33.8,Desktop,3.0
U0090,C036,2026-01-17,47.0,40.2,Tablet,2.0
U0015,C048,2026-03-31,22.9,57.3,Desktop,0.0
U0143,C049,2025-06-28,23.6,63.8,Desktop,1.0
U0167,C013,2025-07-01,61.2,44.7,Tablet,3.0
U0059,C023,2025-07-11,86.6,74.0,TV,3.0
U0303,C006,2025-07-01,57.5,82.1,TV,4.0
U0073,C033,2025-06-26,66.1,45.3,Tablet,4.0
U0276,C045,2025-06-29,96.1,94.2,TV,0.0
U0096,C021,2025-12-15,18.4,48.4,Tablet,0.0
U0100,C025,2026-01-01,48.8,62.6,Tablet,0.0
U0043,C037,2025-07-30,21.3,25.4,TV,0.0
U0400,C030,2025-04-22,50.7,61.1,Mobile,1.0
U0397,C035,2026-04-19,54.8,42.8,TV,5.0
U0017,C029,2025-12-29,44.5,79.5,Mobile,5.0
U0416,C016,2026-02-20,8.1,26.1,Tablet,0.0
U0316,C009,2026-03-31,46.2,50.8,TV,3.0
U0276,C011,2025-06-27,72.8,62.2,Mobile,0.0
U0493,C049,2025-10-27,33.9,91.7,Desktop,0.0
U0365,C021,2025-09-27,25.2,66.3,TV,4.0
U0213,C025,2026-01-31,41.6,53.3,TV,2.0
U0487,C032,2025-05-19,43.5,57.3,TV,5.0
U0033,C035,2025-06-03,81.8,63.9,Desktop,3.0
U0437,C032,2025-05-13,50.5,66.4,Mobile,0.0
U0476,C011,2025-11-23,67.4,57.6,TV,0.0
U0336,C024,2026-04-18,37.1,48.8,Desktop,2.0
U0336,C006,2026-01-20,52.6,75.1,Mobile,0.0
U0357,C022,2025-08-19,65.4,79.8,Mobile,0.0
U0197,C006,2025-07-02,53.0,75.7,Desktop,4.0
U0347,C010,2025-05-29,18.8,17.7,TV,4.0
U0110,C041,2025-10-20,95.0,64.2,Desktop,0.0
U0460,C007,2025-09-26,25.2,18.8,Tablet,1.0
U0406,C009,2025-10-20,55.1,60.6,TV,5.0
U0482,C045,2025-11-01,11.2,11.0,Tablet,1.0
U0331,C004,2025-09-23,23.3,86.4,Desktop,2.0
U0327,C039,2026-03-01,82.8,87.2,TV,0.0
U0199,C037,2026-04-18,64.7,77.0,Mobile,0.0
U0301,C005,2026-04-09,10.4,13.2,Tablet,2.0
U0360,C026,2025-05-30,23.4,19.2,TV,0.0
U0262,C014,2025-12-03,11.1,27.7,Mobile,1.0
U0358,C028,2026-03-07,108.8,74.0,Mobile,1.0
U0342,C048,2025-06-17,39.2,97.9,TV,3.0
U0265,C047,2025-10-16,20.3,25.1,Mobile,5.0
U0461,C002,2025-12-22,25.1,45.6,Mobile,2.0
U0234,C033,2025-05-04,64.5,44.2,TV,5.0
U0053,C037,2026-02-27,79.4,94.5,Desktop,0.0
U0477,C003,2026-02-12,17.6,41.8,TV,0.0
U0214,C047,2025-05-25,33.5,41.3,Mobile,0.0
U0115,C034,2025-07-22,17.5,36.5,TV,0.0
U0284,C030,2025-05-16,43.2,52.0,Tablet,5.0
U0398,C013,2026-01-10,93.0,67.9,Mobile,1.0
U0001,C049,2025-07-09,23.7,64.1,Tablet,0.0
U0498,C010,2025-07-09,88.9,83.9,TV,2.0
U0499,C048,2025-07-02,22.4,55.9,Mobile,3.0
U0291,C004,2026-03-24,19.5,72.4,TV,5.0
U0202,C045,2026-03-29,86.1,84.4,TV,2.0
U0062,C035,2025-07-21,66.8,52.2,Mobile,0.0
U0081,C044,2025-06-18,23.2,38.1,TV,0.0
U0047,C046,2026-02-23,19.4,40.4,TV,5.0
U0090,C002,2025-09-16,50.2,91.2,Desktop,0.0
U0102,C026,2025-08-31,47.9,39.3,TV,5.0
U0039,C002,2025-08-22,49.8,90.5,TV,0.0
U0022,C030,2025-06-28,19.0,22.9,Tablet,0.0
U0196,C044,2026-02-22,34.6,56.7,Desktop,4.0
U0152,C032,2026-04-17,67.0,88.2,Desktop,2.0
U0103,C042,2025-06-03,19.3,41.1,TV,2.0
U0279,C032,2026-03-08,46.3,60.9,Mobile,1.0
U0306,C015,2025-12-11,28.7,25.6,Tablet,3.0
U0184,C050,2025-12-25,118.4,84.0,Desktop,1.0
U0274,C048,2026-04-19,15.6,39.0,Tablet,1.0
U0479,C012,2026-01-02,17.9,16.6,Mobile,4.0
U0359,C023,2026-02-23,71.6,61.2,Tablet,0.0
U0047,C004,2025-04-30,19.4,71.9,TV,0.0
U0012,C010,2025-07-06,43.0,40.6,TV,0.0
U0192,C046,2026-01-25,27.9,58.2,Tablet,5.0
U0328,C032,2025-05-29,62.4,82.1,Desktop,2.0
U0158,C047,2025-08-13,41.5,51.2,Tablet,5.0
U0395,C037,2025-05-26,2.7,3.2,Desktop,4.0
U0290,C007,2026-01-04,76.2,56.9,TV,2.0
U0006,C017,2025-09-21,19.6,48.9,Mobile,0.0
U0198,C029,2025-09-22,43.2,77.2,Mobile,5.0
U0246,C037,2026-04-07,64.3,76.6,Mobile,1.0
U0088,C025,2026-04-08,35.3,45.3,Tablet,4.0
U0016,C028,2026-02-20,75.4,51.3,TV,4.0
U0145,C020,2025-05-12,39.3,35.7,Desktop,0.0
U0185,C001,2025-08-18,37.1,41.2,Desktop,0.0
U0014,C014,2025-12-13,29.9,74.7,TV,5.0
U0204,C031,2025-04-20,112.1,86.9,Desktop,1.0
U0454,C025,2025-06-08,52.3,67.0,Desktop,5.0
U0138,C037,2025-07-01,25.5,30.4,Desktop,3.0
U0032,C025,2025-12-15,57.9,74.2,Tablet,3.0
U0452,C016,2025-11-23,17.2,55.6,Desktop,0.0
U0487,C049,2025-10-29,29.1,78.7,Desktop,0.0
U0022,C028,2025-07-27,67.5,45.9,Desktop,5.0
U0305,C017,2025-09-18,17.0,42.4,TV,3.0
U0235,C001,2026-02-05,65.3,72.6,Tablet,0.0
U0076,C037,2025-08-31,48.6,57.8,TV,5.0
U0275,C023,2026-01-22,79.1,67.6,Tablet,0.0
U0317,C039,2025-05-09,69.9,73.6,Desktop,0.0
U0382,C031,2026-01-25,127.5,98.8,TV,1.0
U0144,C032,2025-11-11,66.3,87.3,TV,1.0
U0374,C027,2026-01-05,49.4,66.8,Tablet,4.0
U0249,C049,2026-01-08,33.7,91.1,Mobile,1.0
U0364,C033,2025-11-03,72.7,49.8,Desktop,0.0
U0449,C013,2025-06-20,54.1,39.5,Tablet,3.0
U0204,C041,2025-07-01,66.0,44.6,Tablet,3.0
U0283,C023,2025-08-01,77.1,65.9,Mobile,1.0
U0015,C025,2025-11-01,28.9,37.1,Desktop,1.0
U0334,C027,2025-12-07,44.2,59.7,Desktop,3.0
U0411,C001,2025-11-07,23.1,25.7,Tablet,5.0
U0179,C030,2025-12-10,24.6,29.6,Tablet,3.0
U0053,C001,2026-04-03,42.4,47.1,TV,4.0
U0056,C031,2025-11-09,20.4,15.8,TV,4.0
U0365,C042,2025-12-20,12.3,26.1,Tablet,4.0
U0164,C044,2025-08-01,23.8,39.0,Desktop,1.0
U0372,C046,2026-03-24,9.9,20.6,TV,3.0
U0154,C011,2025-06-03,106.5,91.0,Desktop,4.0
U0133,C047,2026-03-24,72.7,89.8,TV,4.0
U0046,C015,2025-09-15,70.2,62.7,TV,1.0
U0134,C038,2025-07-21,41.0,46.6,Mobile,2.0
U0456,C013,2025-11-29,89.3,65.2,Mobile,5.0
U0438,C010,2026-04-19,39.6,37.4,Tablet,0.0
U0162,C046,2026-04-11,22.9,47.7,TV,4.0
U0030,C001,2026-02-28,30.1,33.4,Desktop,2.0
U0403,C049,2025-09-18,21.6,58.3,Mobile,0.0
U0274,C013,2025-11-11,93.8,68.5,Mobile,4.0
U0376,C016,2025-09-13,16.6,53.4,TV,0.0
U0034,C003,2026-04-17,12.1,28.9,TV,2.0
U0455,C044,2026-01-29,35.1,57.6,Desktop,0.0
U0376,C002,2025-09-14,38.9,70.8,Mobile,2.0
U0449,C041,2025-06-29,126.5,85.5,Mobile,4.0
U0429,C002,2025-05-13,12.0,21.8,TV,2.0
U0360,C010,2026-02-09,100.0,94.3,Mobile,4.0
U0267,C018,2026-04-06,81.0,69.2,Mobile,1.0
U0059,C007,2025-05-20,47.3,35.3,Desktop,1.0
U0361,C027,2025-09-26,33.2,44.9,Tablet,1.0
U0121,C001,2025-12-20,26.0,28.9,Mobile,4.0
U0371,C007,2026-02-22,40.1,29.9,TV,1.0
U0411,C044,2025-11-01,49.2,80.6,Mobile,0.0
U0437,C009,2025-11-07,68.2,74.9,TV,4.0
U0048,C024,2025-09-20,51.7,68.0,Tablet,5.0
U0216,C042,2025-05-30,31.7,67.4,Tablet,5.0
U0292,C044,2025-06-14,19.6,32.1,Desktop,2.0
U0472,C032,2025-06-07,59.0,77.6,TV,0.0
U0361,C044,2026-02-03,25.4,41.7,TV,3.0
U0268,C045,2026-04-04,77.0,75.5,Tablet,0.0
U0430,C036,2025-12-01,10.8,9.2,Tablet,5.0
U0085,C005,2025-10-17,63.7,80.6,Desktop,3.0
U0330,C025,2025-08-07,42.4,54.4,Tablet,0.0
U0439,C032,2026-01-27,41.3,54.3,Mobile,2.0
U0212,C003,2026-03-04,8.4,20.0,Desktop,4.0
U0344,C030,2025-10-27,18.8,22.6,Tablet,4.0
U0337,C024,2025-11-05,61.2,80.5,TV,3.0
U0268,C024,2025-10-03,16.2,21.3,Mobile,1.0
U0313,C013,2025-09-09,60.0,43.8,Desktop,4.0
U0174,C007,2025-09-18,117.9,88.0,Tablet,4.0
U0302,C033,2026-01-25,43.1,29.5,Tablet,5.0
U0300,C031,2025-09-25,92.1,71.4,TV,3.0
U0452,C025,2026-01-25,29.9,38.3,Tablet,1.0
U0497,C019,2025-07-11,68.4,60.5,TV,5.0
U0360,C036,2026-04-12,106.5,91.0,TV,4.0
U0177,C044,2026-01-16,17.4,28.6,Mobile,5.0
U0181,C036,2026-02-20,51.2,43.8,TV,5.0
U0217,C001,2025-09-13,74.8,83.1,Desktop,1.0
U0385,C011,2025-04-22,73.4,62.7,Desktop,4.0
U0332,C036,2025-09-13,32.9,28.1,Mobile,2.0
U0199,C027,2025-10-03,70.2,94.8,Tablet,5.0
U0116,C041,2025-08-24,73.7,49.8,Desktop,5.0
U0372,C013,2025-12-19,43.7,31.9,Desktop,4.0
U0264,C008,2025-09-04,27.5,45.9,TV,0.0
U0170,C030,2025-05-03,73.2,88.2,Mobile,5.0
U0478,C041,2026-01-24,95.2,64.3,TV,0.0
U0402,C046,2025-05-17,22.0,45.8,Tablet,0.0
U0179,C015,2025-12-19,54.7,48.8,Mobile,0.0
U0343,C023,2025-11-28,53.7,45.9,Mobile,4.0
U0454,C021,2025-06-08,30.9,81.2,TV,0.0
U0467,C034,2025-07-17,46.3,96.4,Desktop,1.0
U0264,C006,2025-09-30,63.1,90.2,Tablet,4.0
U0419,C005,2025-10-18,25.1,31.8,Desktop,1.0
U0209,C025,2025-11-30,52.4,67.2,Mobile,3.0
U0004,C042,2026-01-07,20.5,43.6,TV,5.0
U0475,C029,2025-08-11,51.5,92.0,Desktop,0.0
U0383,C026,2026-01-22,103.1,84.5,TV,4.0
U0455,C047,2025-09-28,79.2,97.8,Desktop,0.0
U0022,C001,2025-08-31,52.2,58.0,Desktop,4.0
U0380,C047,2025-09-16,30.4,37.5,Desktop,0.0
U0114,C040,2026-03-16,18.9,13.9,Tablet,4.0
U0282,C005,2026-03-24,62.6,79.3,Tablet,1.0
U0183,C009,2026-03-13,72.3,79.4,Desktop,1.0
U0249,C029,2026-01-17,18.5,33.1,TV,5.0
U0162,C028,2025-07-30,25.7,17.5,Tablet,1.0
U0431,C024,2025-08-19,30.9,40.7,Mobile,0.0
U0331,C039,2026-04-14,9.4,9.9,Desktop,1.0
U0376,C041,2025-12-03,89.7,60.6,Tablet,5.0
U0303,C014,2025-08-30,24.6,61.5,TV,2.0
U0115,C050,2026-04-16,121.3,86.0,Mobile,2.0
U0187,C033,2026-01-03,7.7,5.3,Desktop,2.0
U0082,C012,2026-03-23,46.8,43.3,Mobile,0.0
U0390,C032,2026-04-05,46.1,60.7,TV,2.0
U0241,C030,2025-05-16,65.7,79.1,Desktop,2.0
U0335,C025,2025-09-26,45.3,58.1,Tablet,1.0
U0419,C023,2026-04-17,57.3,49.0,Desktop,2.0
U0085,C015,2025-06-29,50.0,44.6,TV,3.0
U0368,C008,2025-10-13,45.8,76.4,Tablet,2.0
U0108,C038,2026-03-16,25.9,29.4,Mobile,3.0
U0076,C004,2025-09-28,9.0,33.4,Mobile,4.0
U0373,C043,2025-09-22,62.2,88.9,Tablet,5.0
U0247,C011,2025-11-07,81.3,69.5,Desktop,3.0
U0338,C033,2025-06-23,78.7,53.9,Mobile,0.0
U0194,C025,2025-12-25,34.9,44.8,Mobile,0.0
U0244,C040,2026-01-02,82.4,60.6,Mobile,2.0
U0338,C009,2026-03-05,1.5,1.6,Tablet,1.0
U0448,C003,2025-10-31,20.2,48.0,Mobile,2.0
U0069,C017,2025-12-15,31.2,78.0,Mobile,3.0
U0268,C008,2025-12-07,47.0,78.4,Tablet,1.0
U0055,C010,2026-03-18,74.3,70.1,TV,3.0
U0142,C044,2025-05-12,29.0,47.5,Desktop,1.0
U0287,C036,2025-05-02,59.3,50.7,Tablet,4.0
U0071,C043,2025-08-11,10.2,14.5,Mobile,0.0
U0261,C026,2026-04-10,81.9,67.1,Mobile,0.0
U0200,C041,2025-06-12,54.2,36.6,Desktop,1.0
U0041,C039,2025-07-15,15.4,16.2,Mobile,5.0
U0420,C012,2025-11-01,89.7,83.1,TV,0.0
U0018,C039,2026-01-22,47.0,49.5,TV,0.0
U0336,C001,2025-10-15,28.5,31.7,Desktop,3.0
U0008,C048,2025-05-07,26.2,65.6,TV,1.0
U0494,C018,2025-08-21,50.0,42.7,Mobile,1.0
U0090,C027,2025-11-25,42.4,57.3,Mobile,5.0
U0263,C017,2026-02-14,30.8,76.9,Tablet,3.0
U0248,C050,2025-04-21,31.6,22.4,Mobile,2.0
U0060,C017,2025-12-23,16.3,40.8,TV,3.0
U0275,C001,2025-06-19,72.5,80.6,TV,0.0
U0284,C012,2026-01-09,83.3,77.1,TV,0.0
U0118,C013,2025-11-04,114.8,83.8,Mobile,0.0
U0347,C043,2025-07-01,18.9,27.0,Tablet,1.0
U0318,C021,2025-09-05,21.8,57.3,TV,2.0
U0114,C049,2026-03-12,13.9,37.5,Mobile,3.0
U0178,C026,2025-08-09,98.9,81.1,Tablet,1.0
U0353,C001,2025-06-04,6.8,7.6,TV,0.0
U0281,C017,2025-12-01,13.2,32.9,Tablet,2.0
U0108,C027,2025-09-03,63.9,86.4,Desktop,5.0
U0052,C047,2026-01-09,38.6,47.7,Desktop,5.0
U0492,C048,2025-05-09,23.7,59.2,TV,5.0
U0250,C020,2025-12-19,76.1,69.2,TV,2.0
U0430,C041,2025-08-17,64.2,43.4,TV,1.0
U0011,C027,2025-06-07,18.9,25.5,Desktop,5.0
U0146,C023,2025-05-04,31.2,26.7,Mobile,2.0
U0315,C019,2025-12-22,53.1,47.0,Mobile,0.0
U0083,C022,2025-09-12,45.3,55.3,Tablet,1.0
U0455,C029,2026-04-18,31.5,56.3,Tablet,2.0
U0086,C012,2025-06-27,26.0,24.1,Desktop,0.0
U0204,C007,2025-09-05,37.8,28.2,Tablet,3.0
U0392,C006,2025-08-14,47.2,67.5,Tablet,1.0
U0118,C016,2026-04-15,28.1,90.5,Desktop,0.0
U0018,C043,2026-03-16,13.8,19.7,Tablet,0.0
U0497,C045,2025-12-26,63.5,62.3,Tablet,3.0
U0328,C041,2026-01-11,89.2,60.3,Mobile,2.0
U0158,C024,2025-07-21,73.3,96.4,Desktop,1.0
U0147,C031,2025-11-05,77.0,59.7,TV,0.0
U0393,C028,2025-12-03,77.8,52.9,Desktop,2.0
U0452,C036,2026-03-28,44.0,37.6,Tablet,0.0
U0135,C006,2026-03-31,22.8,32.6,TV,1.0
U0333,C048,2025-10-01,33.6,84.1,Tablet,3.0
U0232,C018,2025-06-09,92.1,78.7,Mobile,0.0
U0498,C007,2025-12-01,64.5,48.1,Mobile,0.0
U0008,C032,2025-10-02,15.4,20.2,TV,2.0
U0357,C003,2025-06-22,20.6,49.1,TV,5.0
U0196,C001,2026-02-15,43.4,48.2,Tablet,0.0
U0378,C003,2025-12-10,31.4,74.8,Desktop,2.0
U0200,C044,2025-05-13,11.8,19.3,Mobile,1.0
U0247,C041,2026-03-10,127.9,86.4,Mobile,0.0
U0325,C028,2026-04-01,93.1,63.3,Desktop,0.0
U0497,C003,2025-07-04,20.1,47.9,Mobile,0.0
U0081,C032,2026-03-20,4.0,5.3,Mobile,0.0
U0183,C042,2026-03-30,32.4,69.0,TV,3.0
U0404,C042,2025-06-25,35.4,75.3,Tablet,1.0
U0371,C009,2026-03-11,60.2,66.2,Desktop,3.0
U0179,C021,2025-09-19,16.6,43.6,Desktop,0.0
U0272,C010,2025-07-18,54.4,51.3,Tablet,4.0
U0095,C002,2026-01-05,30.5,55.5,Mobile,4.0
U0496,C035,2026-01-27,111.9,87.4,Tablet,4.0
U0165,C008,2025-11-19,45.8,76.4,Desktop,5.0
U0017,C013,2025-08-01,111.5,81.4,Tablet,4.0
U0251,C034,2025-11-19,44.9,93.6,Mobile,0.0
U0477,C014,2026-03-18,22.6,56.4,Tablet,5.0
U0189,C046,2026-03-26,9.5,19.8,TV,0.0
U0484,C014,2025-10-23,34.7,86.7,Desktop,3.0
U0321,C012,2026-01-21,44.9,41.6,TV,4.0
U0235,C045,2025-06-13,87.8,86.1,Tablet,3.0
U0173,C043,2025-06-18,26.2,37.4,TV,3.0
U0167,C024,2026-04-07,54.0,71.0,Tablet,5.0
U0282,C048,2025-06-30,18.2,45.4,Mobile,1.0
U0306,C002,2025-11-02,39.3,71.5,Desktop,0.0
U0439,C021,2025-12-02,3.0,7.8,Desktop,0.0
U0020,C030,2025-11-12,48.3,58.2,Desktop,1.0
U0416,C020,2025-09-09,16.7,15.2,Desktop,2.0
U0423,C045,2025-11-23,93.3,91.5,Mobile,4.0
U0414,C037,2025-09-13,25.2,30.0,Mobile,4.0
U0399,C041,2025-07-15,133.8,90.4,Desktop,1.0
U0258,C045,2025-08-30,24.6,24.1,Tablet,5.0
U0305,C037,2025-10-16,60.3,71.8,Desktop,1.0
U0043,C031,2025-08-23,87.5,67.8,Tablet,5.0
U0358,C009,2025-08-14,79.6,87.5,Desktop,3.0
U0316,C048,2025-06-09,29.7,74.3,Mobile,0.0
U0344,C027,2025-06-24,48.5,65.5,Mobile,5.0
U0157,C011,2025-08-17,103.2,88.2,Desktop,5.0
U0427,C019,2025-08-29,37.2,32.9,Mobile,1.0
U0108,C048,2026-02-07,23.1,57.7,Tablet,3.0
U0374,C010,2025-07-20,79.9,75.4,Mobile,1.0
U0088,C004,2026-03-07,9.7,35.8,Mobile,0.0
U0199,C043,2026-01-12,22.4,32.0,Mobile,1.0
U0445,C042,2025-06-21,23.5,49.9,TV,2.0
U0444,C039,2025-11-20,56.0,58.9,Mobile,0.0
U0127,C034,2025-04-22,15.6,32.4,TV,0.0
U0257,C018,2025-07-02,50.7,43.3,Mobile,3.0
U0486,C018,2025-12-01,55.1,47.1,Tablet,3.0
U0492,C044,2025-08-30,49.1,80.5,Desktop,2.0
U0497,C020,2025-05-14,92.7,84.3,Desktop,5.0
U0071,C020,2025-11-19,62.9,57.2,Desktop,1.0
U0035,C036,2025-09-29,94.2,80.5,Desktop,4.0
U0016,C049,2026-02-06,10.6,28.7,TV,0.0
U0399,C013,2025-09-08,20.0,14.6,TV,3.0
U0291,C040,2025-09-27,37.5,27.6,Tablet,0.0
U0258,C039,2026-04-05,74.2,78.1,Tablet,0.0
U0084,C013,2025-11-06,38.8,28.3,Desktop,0.0
U0091,C029,2025-07-27,36.8,65.8,Mobile,3.0
U0377,C025,2026-01-05,52.6,67.5,Mobile,3.0
U0056,C029,2025-06-11,29.1,52.0,Mobile,3.0
U0199,C034,2026-03-28,42.2,88.0,TV,5.0
U0424,C019,2026-03-28,52.9,46.8,Desktop,2.0
U0425,C042,2025-09-01,39.3,83.6,Desktop,2.0
U0212,C021,2025-07-28,18.2,47.9,Desktop,2.0
U0047,C017,2025-05-02,12.8,31.9,Mobile,3.0
U0363,C025,2025-06-20,49.1,63.0,Tablet,0.0
U0394,C011,2025-09-08,59.3,50.7,TV,4.0
U0394,C029,2026-02-19,8.1,14.5,Mobile,3.0
U0392,C017,2025-07-24,3.8,9.6,Tablet,0.0
U0112,C038,2026-03-04,61.3,69.7,Mobile,0.0
U0452,C036,2025-10-10,63.6,54.4,Mobile,4.0
U0296,C039,2026-01-27,82.6,86.9,Desktop,0.0
U0345,C019,2026-01-18,64.3,56.9,Desktop,2.0
U0384,C038,2026-01-31,26.3,29.9,Mobile,1.0
U0242,C009,2025-06-15,37.7,41.4,Desktop,4.0
U0108,C040,2026-03-04,79.3,58.3,TV,2.0
U0312,C021,2026-02-04,12.8,33.8,Tablet,3.0
U0374,C041,2025-09-01,105.7,71.4,Mobile,0.0
U0239,C041,2026-01-30,130.7,88.3,Tablet,2.0
U0024,C022,2025-12-19,57.6,70.2,TV,1.0
U0405,C005,2025-07-02,25.7,32.5,Mobile,5.0
U0090,C013,2026-03-21,47.7,34.8,Mobile,4.0
U0070,C031,2025-05-18,15.4,11.9,Tablet,5.0
U0417,C027,2025-10-10,33.4,45.2,Mobile,0.0
U0296,C044,2025-09-14,45.9,75.3,TV,2.0
U0321,C035,2025-09-15,106.0,82.8,TV,4.0
U0440,C021,2025-10-18,35.0,92.2,TV,2.0
U0425,C020,2025-12-30,80.5,73.2,Desktop,0.0
U0228,C033,2025-10-24,20.1,13.8,Tablet,4.0
U0448,C034,2026-03-05,43.0,89.5,Mobile,0.0
U0160,C003,2025-05-25,38.5,91.7,Mobile,0.0
U0267,C050,2026-01-25,86.0,61.0,Desktop,1.0
U0103,C013,2026-03-01,34.1,24.9,TV,0.0
U0081,C018,2025-05-14,30.1,25.7,TV,3.0
U0164,C018,2026-01-14,55.7,47.6,Mobile,1.0
U0314,C022,2025-06-07,77.6,94.6,Mobile,0.0
U0197,C004,2025-10-31,4.2,15.6,Tablet,3.0
U0183,C020,2025-12-08,31.2,28.4,Mobile,5.0
U0392,C030,2025-11-29,30.5,36.7,Mobile,2.0
U0159,C044,2025-04-25,40.9,67.1,Desktop,5.0
U0459,C040,2025-11-12,91.9,67.6,TV,5.0
U0441,C021,2025-04-21,21.4,56.2,Tablet,5.0
U0088,C019,2026-02-19,54.2,48.0,TV,3.0
U0333,C005,2026-02-25,62.6,79.3,Desktop,3.0
U0082,C031,2026-03-02,33.9,26.3,Tablet,3.0
U0404,C022,2026-02-11,49.7,60.6,Tablet,1.0
U0285,C007,2025-04-29,19.2,14.3,Tablet,4.0
U0339,C004,2026-01-29,2.1,7.6,Mobile,5.0
U0076,C043,2025-06-01,28.1,40.1,Desktop,0.0
U0349,C021,2025-07-06,12.3,32.4,Tablet,4.0
U0469,C023,2025-10-20,39.8,34.0,Mobile,1.0
U0462,C036,2025-09-12,101.9,87.1,Mobile,0.0
U0222,C045,2025-11-02,47.4,46.5,Tablet,3.0
U0109,C043,2026-01-13,22.1,31.6,TV,5.0
U0214,C010,2026-02-24,35.9,33.9,Tablet,4.0
U0224,C009,2026-01-14,27.3,30.0,Tablet,3.0
U0093,C030,2025-09-09,50.7,61.1,Desktop,2.0
U0310,C001,2026-02-13,70.7,78.5,Tablet,3.0
U0296,C024,2026-03-28,38.4,50.5,Mobile,0.0
U0374,C047,2025-09-22,31.9,39.4,Mobile,3.0
U0456,C040,2025-11-30,19.2,14.1,Mobile,4.0
U0325,C035,2025-05-09,12.0,9.4,Tablet,3.0
U0376,C022,2025-09-21,75.4,92.0,TV,4.0
U0402,C037,2025-08-29,31.0,36.9,TV,5.0
U0378,C040,2026-03-16,14.7,10.8,TV,0.0
U0380,C008,2025-11-12,26.9,44.9,TV,5.0
U0090,C017,2025-07-18,34.3,85.8,Desktop,3.0
U0479,C010,2025-11-25,86.4,81.5,Tablet,4.0
U0327,C011,2026-01-25,57.9,49.5,Mobile,0.0
U0086,C030,2026-03-07,27.3,32.9,Desktop,2.0
U0350,C046,2025-06-21,23.3,48.6,TV,5.0
U0230,C025,2026-04-06,60.0,76.9,Mobile,1.0
U0336,C038,2025-10-01,28.4,32.3,Desktop,3.0
U0173,C044,2025-06-17,39.6,64.9,Mobile,0.0
U0211,C007,2026-03-31,91.8,68.5,TV,0.0
U0018,C002,2025-05-28,31.6,57.4,Desktop,3.0
U0327,C008,2025-04-30,35.1,58.5,Desktop,0.0
U0357,C012,2025-05-31,50.5,46.8,TV,1.0
U0083,C050,2025-09-11,42.7,30.3,Mobile,1.0
U0490,C017,2025-08-28,17.2,42.9,Mobile,0.0
U0277,C050,2026-01-01,118.0,83.7,TV,0.0
U0018,C005,2026-03-30,18.3,23.2,Mobile,0.0
U0341,C025,2025-05-11,32.4,41.6,Tablet,2.0
U0224,C026,2025-10-17,71.4,58.5,Mobile,2.0
U0489,C045,2025-10-25,73.8,72.4,TV,1.0
U0350,C020,2025-06-17,53.8,48.9,Mobile,5.0
U0236,C049,2025-10-28,29.1,78.7,Tablet,0.0
U0323,C045,2026-03-19,40.2,39.4,Desktop,0.0
U0099,C002,2026-03-31,38.7,70.3,TV,2.0
U0274,C029,2025-09-16,17.8,31.7,Desktop,5.0
U0335,C043,2025-06-23,62.7,89.6,Tablet,4.0
U0010,C031,2026-01-17,120.2,93.2,TV,5.0
U0407,C007,2026-03-12,64.5,48.1,Mobile,0.0
U0255,C039,2026-01-06,49.2,51.8,Tablet,1.0
U0062,C044,2025-11-13,20.4,33.4,Mobile,3.0
U0089,C022,2025-08-10,23.9,29.1,Desktop,3.0
U0021,C009,2025-05-18,19.4,21.3,Mobile,2.0
U0042,C001,2025-12-14,3.6,4.0,TV,2.0
U0356,C050,2025-05-05,115.2,81.7,Tablet,2.0
U0123,C012,2026-04-06,90.2,83.5,Mobile,4.0
U0424,C020,2025-08-18,42.1,38.3,TV,5.0
U0390,C035,2025-11-17,62.1,48.5,Mobile,0.0
U0058,C010,2025-11-22,73.4,69.2,Mobile,0.0
U0331,C024,2025-04-20,42.6,56.1,Tablet,0.0
U0054,C048,2025-12-14,7.8,19.4,Desktop,4.0
U0228,C038,2026-02-24,37.6,42.7,Desktop,5.0
U0057,C021,2025-05-16,17.4,45.8,Desktop,0.0
U0242,C038,2026-02-08,72.1,81.9,Tablet,0.0
U0199,C024,2025-11-01,18.2,23.9,Desktop,1.0
U0066,C003,2025-12-28,14.3,34.1,TV,0.0
U0454,C019,2025-05-30,60.1,53.2,Desktop,3.0
U0497,C036,2025-11-04,98.2,83.9,Desktop,3.0
U0485,C010,2025-06-16,92.0,86.8,Tablet,4.0
U0394,C033,2025-08-14,24.7,16.9,Mobile,2.0
U0254,C016,2026-04-02,4.9,15.8,Desktop,0.0
U0184,C019,2025-10-20,104.8,92.7,Desktop,4.0
U0236,C037,2025-07-03,48.0,57.1,Mobile,2.0
U0458,C045,2025-09-27,53.4,52.4,Desktop,5.0
U0351,C006,2025-10-13,65.3,93.3,Tablet,3.0
U0021,C024,2026-01-01,26.1,34.4,Desktop,0.0
U0172,C016,2025-06-24,12.8,41.3,Desktop,5.0
U0382,C049,2025-04-22,21.1,57.1,TV,0.0
U0033,C024,2025-05-27,35.0,46.1,TV,2.0
U0318,C024,2025-05-20,39.3,51.7,Mobile,0.0
U0457,C030,2025-05-29,41.7,50.3,Mobile,0.0
U0085,C018,2026-03-31,67.6,57.8,Mobile,1.0
U0214,C044,2025-08-14,42.5,69.7,Mobile,1.0
U0097,C005,2025-09-27,15.4,19.5,TV,2.0
U0304,C043,2025-09-22,50.1,71.6,Desktop,5.0
U0157,C011,2025-07-11,76.5,65.4,Desktop,4.0
U0275,C019,2025-04-22,26.0,23.0,Desktop,0.0
U0122,C008,2025-11-03,27.5,45.9,Desktop,0.0
U0288,C046,2025-11-15,11.3,23.6,Desktop,3.0
U0155,C008,2025-08-01,36.0,60.0,Mobile,4.0
U0280,C033,2025-06-04,71.4,48.9,Desktop,5.0
U0290,C047,2025-06-28,52.3,64.6,Tablet,3.0
U0431,C015,2025-07-05,100.6,89.8,Desktop,5.0
U0480,C050,2026-02-02,82.5,58.5,TV,3.0
U0310,C033,2025-05-07,84.8,58.1,TV,1.0
U0229,C036,2026-02-18,33.7,28.8,Tablet,1.0
U0084,C047,2025-11-03,65.4,80.8,TV,0.0
U0478,C038,2025-12-03,51.0,57.9,Desktop,0.0
U0096,C025,2025-06-06,30.0,38.4,Tablet,0.0
U0014,C001,2025-04-25,22.4,24.9,Mobile,4.0
U0341,C019,2026-01-05,43.6,38.6,Mobile,5.0
U0142,C032,2025-08-26,51.1,67.3,Tablet,4.0
U0419,C008,2025-09-18,56.7,94.5,Mobile,0.0
U0164,C030,2025-10-27,32.8,39.5,TV,0.0
U0149,C019,2025-09-16,65.4,57.9,Desktop,5.0
U0049,C039,2025-06-27,37.4,39.4,TV,1.0
U0351,C045,2025-06-01,63.9,62.6,Mobile,0.0
U0266,C019,2025-09-01,69.2,61.2,Mobile,0.0
U0080,C033,2026-03-23,54.0,37.0,Mobile,2.0
U0236,C005,2026-01-13,69.4,87.8,TV,0.0
U0419,C029,2025-09-11,48.3,86.2,Desktop,0.0
U0218,C045,2025-08-10,14.5,14.2,Mobile,5.0
U0338,C033,2025-11-20,129.9,89.0,Desktop,3.0
U0462,C013,2026-04-10,101.8,74.3,TV,3.0
U0179,C023,2025-09-26,23.8,20.3,Mobile,0.0
U0420,C038,2026-04-15,50.8,57.7,Desktop,5.0
U0276,C001,2025-07-23,22.7,25.2,Desktop,2.0
U0345,C007,2025-06-25,59.1,44.1,Desktop,2.0
U0058,C049,2025-12-31,5.5,14.9,Mobile,0.0
U0168,C032,2025-05-31,17.9,23.6,Tablet,0.0
U0284,C027,2025-07-18,23.6,31.9,Tablet,4.0
U0054,C026,2025-07-08,105.0,86.1,Tablet,4.0
U0303,C007,2025-12-21,118.3,88.3,Desktop,1.0
U0103,C039,2025-08-07,38.2,40.2,TV,5.0
U0405,C042,2025-07-03,41.0,87.3,Mobile,1.0
U0251,C032,2025-05-28,67.4,88.7,Mobile,2.0
U0348,C002,2025-08-18,32.5,59.1,Mobile,4.0
U0385,C034,2026-02-15,42.0,87.5,Tablet,3.0
U0134,C035,2025-07-31,57.1,44.6,Mobile,2.0
U0451,C008,2025-06-06,35.5,59.2,Mobile,0.0
U0286,C043,2026-02-22,62.4,89.2,Tablet,5.0
U0057,C037,2025-08-02,45.4,54.0,Tablet,3.0
U0438,C011,2025-05-28,67.7,57.9,TV,5.0
U0146,C021,2026-04-11,19.6,51.7,Mobile,5.0
U0457,C041,2025-10-16,87.2,58.9,TV,0.0
U0339,C016,2025-09-02,10.8,35.0,Mobile,5.0
U0157,C008,2026-04-06,19.7,32.8,TV,2.0
U0293,C025,2025-10-03,36.9,47.3,Desktop,1.0
U0255,C033,2025-12-07,132.3,90.6,Tablet,0.0
U0255,C041,2026-04-11,132.5,89.5,Mobile,4.0
U0433,C038,2025-05-07,61.5,69.9,Tablet,2.0
U0108,C023,2025-06-13,98.4,84.1,Tablet,4.0
U0277,C021,2026-01-15,11.2,29.5,Desktop,0.0
U0322,C046,2025-10-18,27.9,58.1,Tablet,1.0
U0480,C041,2025-09-09,56.2,38.0,Mobile,3.0
U0103,C024,2025-04-26,27.6,36.3,Tablet,2.0
U0164,C005,2026-03-25,62.3,78.9,Desktop,1.0
U0352,C039,2026-04-02,39.3,41.4,Tablet,4.0
U0464,C003,2025-11-26,36.9,87.8,TV,4.0
U0282,C012,2025-12-13,102.1,94.5,TV,3.0
U0153,C005,2025-10-31,65.7,83.2,Desktop,0.0
U0058,C037,2026-02-09,58.2,69.3,TV,2.0
U0453,C006,2026-02-13,24.4,34.9,Desktop,2.0
U0112,C010,2025-11-24,46.3,43.7,Mobile,2.0
U0274,C024,2025-10-06,49.9,65.6,Desktop,1.0
U0451,C010,2025-04-30,24.2,22.8,Mobile,4.0
U0470,C043,2025-11-17,38.3,54.7,TV,5.0
U0351,C008,2025-06-18,37.8,63.0,Tablet,1.0
U0155,C006,2025-10-07,50.7,72.4,TV,5.0
U0393,C042,2025-08-15,10.4,22.2,Tablet,2.0
U0378,C027,2025-04-28,62.2,84.0,TV,3.0
U0034,C023,2026-01-09,57.6,49.2,Mobile,5.0
U0027,C042,2026-01-30,33.5,71.3,TV,3.0
U0043,C008,2026-03-16,10.9,18.1,Tablet,5.0
U0481,C021,2025-09-12,31.0,81.7,TV,5.0
U0145,C013,2025-08-08,43.0,31.4,Desktop,0.0
U0486,C002,2025-09-20,27.3,49.6,Tablet,3.0
U0220,C039,2025-12-21,49.1,51.7,Mobile,0.0
U0368,C034,2026-04-14,27.2,56.7,Mobile,0.0
U0366,C014,2025-12-29,14.8,37.0,Desktop,3.0
U0111,C019,2025-12-04,98.5,87.2,Mobile,1.0
U0500,C017,2025-10-03,23.9,59.7,Tablet,0.0
U0006,C031,2026-04-06,26.2,20.3,Tablet,4.0
U0217,C048,2025-09-30,23.5,58.7,Desktop,2.0
U0466,C023,2026-03-08,65.9,56.3,TV,0.0
U0496,C036,2025-12-30,46.7,39.9,TV,2.0
U0068,C006,2026-01-02,52.8,75.4,Mobile,0.0
U0256,C018,2025-06-29,96.9,82.8,TV,3.0
U0161,C028,2025-08-03,34.8,23.7,Mobile,0.0
U0077,C004,2026-02-05,12.6,46.6,Tablet,0.0
U0227,C023,2025-06-07,76.3,65.2,TV,0.0
U0428,C011,2025-04-27,79.2,67.7,Desktop,3.0
U0498,C001,2025-09-25,57.9,64.3,Tablet,4.0
U0049,C022,2025-10-15,7.2,8.8,Mobile,5.0
U0166,C010,2025-09-14,9.1,8.6,TV,3.0
U0337,C001,2025-07-12,34.5,38.3,Desktop,0.0
U0442,C004,2025-05-21,19.5,72.1,Mobile,2.0
U0131,C012,2026-03-03,51.6,47.8,Desktop,0.0
U0199,C050,2025-10-28,93.1,66.0,TV,4.0
U0309,C009,2025-06-02,53.1,58.4,Tablet,2.0
U0244,C018,2026-03-23,47.9,40.9,Desktop,2.0
U0323,C028,2026-01-19,27.8,18.9,Tablet,3.0
U0323,C042,2026-03-02,29.5,62.8,Tablet,1.0
U0077,C009,2025-11-01,74.6,82.0,Mobile,3.0
U0040,C003,2026-03-28,26.8,63.8,TV,1.0
U0131,C038,2026-01-06,51.5,58.5,Desktop,5.0
U0094,C026,2025-07-19,13.4,11.0,Tablet,5.0
U0344,C029,2025-10-28,46.8,83.5,TV,5.0
U0345,C007,2025-11-04,56.3,42.0,Tablet,5.0
U0337,C048,2026-02-12,21.8,54.6,TV,4.0
U0345,C045,2025-07-18,93.2,91.4,Desktop,0.0
U0418,C002,2026-03-03,53.1,96.5,Desktop,4.0
U0124,C028,2025-11-25,111.6,75.9,Tablet,0.0
U0243,C028,2025-05-29,49.0,33.3,Tablet,2.0
U0011,C029,2025-04-21,32.0,57.2,Mobile,1.0
U0005,C007,2025-12-27,62.6,46.7,TV,0.0
U0250,C026,2025-05-03,59.0,48.4,Tablet,0.0
U0366,C004,2026-03-21,19.2,71.1,Tablet,2.0
U0060,C032,2025-06-26,51.1,67.3,Desktop,1.0
U0372,C013,2026-01-26,75.2,54.9,TV,3.0
U0437,C046,2025-10-07,37.6,78.3,Tablet,5.0
U0482,C044,2026-03-31,41.2,67.5,Desktop,3.0
U0107,C019,2026-02-09,91.3,80.8,Tablet,2.0
U0156,C016,2025-11-10,5.2,16.8,Mobile,5.0
U0033,C022,2025-07-20,67.4,82.2,TV,1.0
U0402,C023,2025-05-26,81.3,69.5,Mobile,4.0
U0026,C029,2026-03-17,32.0,57.1,Mobile,5.0
U0288,C003,2025-05-07,35.7,84.9,TV,0.0
U0373,C019,2026-01-27,78.1,69.1,Desktop,4.0
U0187,C022,2025-05-12,43.9,53.5,TV,1.0
U0367,C049,2026-01-13,26.2,70.8,Tablet,5.0
U0117,C009,2025-04-26,72.3,79.5,TV,0.0
U0227,C010,2025-12-27,76.1,71.8,TV,1.0
U0206,C050,2025-09-13,26.5,18.8,Desktop,3.0
U0030,C041,2025-12-08,124.0,83.8,TV,4.0
U0381,C021,2025-12-04,18.0,47.4,Tablet,4.0
U0177,C042,2025-12-08,29.8,63.4,Desktop,3.0
U0277,C019,2026-03-17,59.1,52.3,Desktop,0.0
U0015,C035,2025-06-09,52.4,40.9,Mobile,4.0
U0031,C024,2025-07-24,56.5,74.4,Mobile,2.0
U0153,C037,2025-09-16,57.7,68.7,TV,1.0
U0146,C043,2026-04-05,44.0,62.9,Desktop,0.0
U0168,C034,2026-01-07,33.9,70.7,Tablet,5.0
U0211,C006,2025-07-22,40.4,57.7,Mobile,1.0
U0347,C034,2025-04-24,14.6,30.4,Tablet,4.0
U0217,C029,2025-08-06,28.5,50.9,Desktop,0.0
U0259,C009,2026-03-24,49.3,54.2,Tablet,2.0
U0017,C048,2025-09-21,17.0,42.4,Desktop,0.0
U0191,C020,2026-04-18,90.3,82.1,Mobile,1.0
U0456,C019,2025-08-31,44.6,39.5,TV,0.0
U0446,C003,2025-10-10,20.0,47.7,Tablet,2.0
U0428,C047,2025-09-28,13.8,17.0,Desktop,5.0
U0373,C021,2025-06-11,7.4,19.6,Tablet,1.0
U0277,C003,2025-05-28,27.8,66.2,TV,3.0
U0331,C008,2025-08-22,27.4,45.6,Desktop,5.0
U0244,C033,2025-09-01,33.9,23.2,Tablet,0.0
U0414,C035,2025-06-07,119.9,93.7,Mobile,1.0
U0224,C012,2025-10-27,70.5,65.3,Mobile,0.0
U0278,C011,2026-02-14,99.2,84.8,Desktop,0.0
U0366,C004,2026-03-09,20.1,74.3,TV,2.0
U0483,C008,2025-04-29,9.5,15.9,Tablet,0.0
U0138,C004,2025-08-25,9.9,36.8,Mobile,1.0
U0284,C038,2026-03-30,55.9,63.5,TV,3.0
U0209,C029,2026-04-06,26.2,46.8,TV,3.0
U0087,C016,2025-07-17,30.8,99.5,TV,4.0
U0498,C011,2025-09-13,2.1,1.8,Tablet,1.0
U0432,C041,2025-08-18,81.3,54.9,Mobile,1.0
U0046,C026,2026-03-19,63.7,52.2,Tablet,0.0
U0313,C033,2025-05-14,118.6,81.2,Tablet,1.0
U0126,C043,2026-02-12,67.0,95.7,Mobile,3.0
U0244,C001,2026-03-17,33.5,37.2,Mobile,5.0
U0449,C042,2025-12-22,32.5,69.1,Tablet,5.0
U0308,C023,2026-02-08,31.2,26.7,Mobile,2.0
U0190,C013,2025-06-23,130.0,94.9,TV,0.0
U0047,C040,2025-10-21,110.7,81.4,TV,0.0
U0144,C032,2025-06-23,29.3,38.6,Desktop,0.0
U0302,C009,2026-02-03,81.4,89.4,Mobile,4.0
U0348,C035,2025-08-08,87.3,68.2,Mobile,5.0
U0481,C021,2025-08-11,26.4,69.4,Tablet,2.0
U0186,C034,2026-02-23,41.3,86.1,Tablet,3.0
U0230,C021,2026-04-17,30.9,81.3,Tablet,0.0
U0470,C016,2025-07-24,24.8,80.0,Mobile,2.0
U0222,C002,2025-07-10,40.1,72.9,Mobile,2.0
U0123,C022,2025-10-17,62.4,76.1,Mobile,5.0
U0308,C040,2025-09-22,78.1,57.4,Mobile,0.0
U0194,C021,2025-06-22,35.4,93.1,Tablet,0.0
U0317,C049,2025-05-31,11.1,30.0,Tablet,2.0
U0238,C028,2025-06-04,39.4,26.8,TV,3.0
U0099,C007,2025-11-02,95.0,70.9,Desktop,3.0
U0065,C041,2025-05-29,87.2,58.9,Desktop,0.0
U0071,C003,2025-12-08,10.4,24.7,TV,1.0
U0299,C035,2026-03-18,50.6,39.5,Mobile,0.0
U0260,C036,2025-12-30,56.6,48.4,Tablet,3.0
U0355,C022,2026-01-23,70.2,85.6,TV,0.0
U0054,C030,2025-09-06,67.0,80.7,Desktop,4.0
U0118,C030,2026-01-12,38.6,46.5,TV,5.0
U0379,C025,2026-01-01,56.2,72.1,Desktop,4.0
U0300,C049,2025-04-21,26.6,71.9,Desktop,1.0
U0369,C012,2026-03-06,23.4,21.7,Mobile,5.0
U0347,C009,2025-10-24,74.1,81.4,TV,2.0
U0123,C024,2025-11-04,69.5,91.5,Desktop,0.0
U0273,C025,2026-03-06,56.5,72.4,Mobile,5.0
U0316,C038,2025-07-10,71.7,81.5,Desktop,5.0
U0261,C038,2025-05-09,21.4,24.3,TV,2.0
U0266,C030,2025-07-24,28.2,34.0,Tablet,2.0
U0138,C038,2025-08-23,40.0,45.4,Desktop,0.0
U0232,C016,2026-03-19,14.7,47.5,Mobile,1.0
U0228,C034,2025-06-02,24.4,50.8,Tablet,2.0
U0240,C028,2025-06-12,95.5,65.0,Desktop,2.0
U0120,C017,2026-02-07,36.5,91.2,Mobile,5.0
U0142,C015,2025-11-17,40.2,35.9,TV,4.0
U0418,C050,2026-01-23,74.4,52.8,TV,0.0
U0395,C020,2025-06-25,23.0,20.9,Mobile,2.0
U0335,C033,2025-06-21,123.1,84.3,Tablet,4.0
U0417,C030,2026-03-27,43.2,52.0,Mobile,1.0
U0072,C037,2026-04-07,50.7,60.3,Desktop,2.0
U0218,C044,2026-02-27,36.0,59.0,Mobile,3.0
U0403,C003,2025-07-24,24.0,57.1,Tablet,0.0
U0486,C026,2026-02-25,28.4,23.3,Tablet,4.0
U0459,C020,2026-01-10,26.0,23.6,Tablet,0.0
U0096,C013,2025-09-26,50.0,36.5,Mobile,2.0
U0030,C024,2025-05-15,62.3,82.0,Tablet,2.0
U0381,C005,2025-10-01,57.4,72.7,TV,2.0
U0419,C046,2026-04-17,29.5,61.5,Desktop,3.0
U0367,C044,2026-02-08,17.6,28.9,Desktop,3.0
U0169,C037,2025-05-21,63.1,75.1,Tablet,1.0
U0359,C046,2025-04-24,23.7,49.3,Tablet,0.0
U0092,C040,2025-07-20,90.2,66.3,Mobile,0.0
U0454,C011,2025-10-27,68.7,58.7,Desktop,2.0
U0211,C049,2025-07-24,14.6,39.4,Tablet,0.0
U0130,C014,2025-11-19,35.6,89.1,Tablet,2.0
U0176,C048,2026-04-02,36.5,91.2,Desktop,1.0
U0344,C048,2026-02-21,34.8,87.1,Tablet,0.0
U0242,C018,2026-02-12,61.3,52.4,Mobile,4.0
U0140,C010,2025-10-12,40.1,37.8,Desktop,2.0
U0357,C004,2025-07-18,18.7,69.4,Mobile,2.0
U0354,C020,2025-08-14,99.7,90.6,Desktop,0.0
U0192,C016,2025-11-19,29.6,95.6,Mobile,5.0
U0428,C043,2026-02-13,28.1,40.2,TV,1.0
U0288,C041,2026-04-13,50.2,33.9,Mobile,0.0
U0110,C007,2026-03-28,74.6,55.7,Tablet,0.0
U0235,C015,2025-08-13,17.6,15.7,Mobile,0.0
U0211,C020,2025-06-19,56.0,50.9,Desktop,1.0
U0492,C007,2025-07-07,64.9,48.4,Desktop,1.0
U0090,C041,2025-10-27,106.1,71.7,Mobile,0.0
U0011,C040,2025-11-24,81.9,60.2,Desktop,1.0
U0256,C019,2025-06-04,32.2,28.5,Tablet,4.0
U0450,C022,2025-11-25,12.3,15.0,TV,5.0
U0013,C015,2025-11-15,67.4,60.2,Desktop,3.0
U0447,C025,2026-03-31,38.2,49.0,Tablet,0.0
U0489,C013,2025-09-21,58.8,42.9,Desktop,0.0
U0260,C006,2025-12-27,54.6,78.0,Tablet,0.0
U0311,C016,2025-12-11,16.7,54.0,Tablet,3.0
U0313,C048,2025-09-25,13.4,33.4,Mobile,5.0
U0465,C020,2026-04-18,50.0,45.5,Tablet,1.0
U0233,C019,2025-12-03,97.0,85.8,Tablet,0.0
U0080,C013,2025-06-08,3.7,2.7,Tablet,2.0
U0482,C026,2026-01-30,61.4,50.3,Mobile,0.0
U0198,C037,2026-03-29,16.0,19.1,Tablet,4.0
U0353,C024,2025-11-24,32.8,43.2,Mobile,4.0
U0341,C042,2025-11-19,24.3,51.6,Desktop,0.0
U0060,C050,2025-10-03,46.8,33.2,Mobile,3.0
U0466,C013,2025-07-07,72.5,52.9,Tablet,3.0
U0158,C047,2025-07-25,34.2,42.2,TV,5.0
U0074,C018,2025-12-02,90.1,77.0,Desktop,5.0
U0252,C001,2025-10-28,28.5,31.7,TV,4.0
U0221,C011,2026-03-26,78.6,67.2,Mobile,2.0
U0291,C014,2025-07-15,24.8,62.1,TV,5.0
U0210,C029,2025-09-06,43.1,77.0,TV,0.0
U0176,C002,2025-10-17,27.2,49.4,Mobile,1.0
U0385,C001,2026-03-10,85.3,94.8,Mobile,2.0
U0309,C034,2025-06-20,27.2,56.7,TV,5.0
U0123,C024,2026-01-21,71.1,93.5,TV,5.0
U0052,C001,2025-08-30,34.0,37.8,Desktop,0.0
U0309,C008,2025-10-15,45.7,76.1,Tablet,3.0
U0212,C043,2025-05-22,63.8,91.1,Mobile,5.0
U0377,C021,2025-12-01,25.9,68.2,Mobile,1.0
U0220,C031,2025-06-12,95.5,74.0,Mobile,0.0
U0255,C006,2025-12-08,29.2,41.7,Desktop,2.0
U0489,C008,2025-07-09,44.5,74.1,Mobile,0.0
U0223,C046,2026-02-28,10.9,22.7,TV,0.0
U0369,C017,2026-03-11,21.8,54.6,Tablet,0.0
U0408,C045,2025-08-31,42.6,41.8,Mobile,4.0
U0176,C025,2025-07-20,37.7,48.3,Tablet,5.0
U0120,C015,2026-03-24,85.0,75.9,Desktop,4.0
U0483,C008,2025-10-01,44.0,73.3,Mobile,1.0
U0032,C038,2025-06-01,60.0,68.2,Desktop,3.0
U0340,C039,2026-04-09,92.9,97.8,TV,0.0
U0418,C019,2025-11-18,89.9,79.6,Desktop,4.0
U0341,C045,2025-08-01,16.5,16.2,TV,5.0
U0362,C037,2025-06-16,47.3,56.3,Tablet,0.0
U0415,C022,2025-07-28,10.5,12.8,Desktop,4.0
U0377,C004,2025-05-02,23.5,87.2,Desktop,0.0
U0281,C026,2026-01-24,67.5,55.3,TV,1.0
U0357,C013,2025-11-07,125.1,91.3,Mobile,5.0
U0479,C046,2025-10-21,19.2,39.9,Tablet,1.0
U0460,C010,2025-07-22,66.6,62.8,TV,4.0
U0439,C037,2025-04-21,30.7,36.6,Mobile,0.0
U0264,C042,2025-12-27,35.6,75.7,Desktop,0.0
U0061,C016,2026-01-07,13.7,44.3,Tablet,5.0
U0355,C043,2026-03-23,55.6,79.4,TV,0.0
U0062,C008,2025-12-11,10.1,16.8,Mobile,3.0
U0294,C037,2026-03-05,72.5,86.3,Tablet,2.0
U0331,C045,2025-06-03,78.0,76.5,Mobile,2.0
U0285,C035,2025-09-10,121.5,94.9,Mobile,5.0
U0386,C014,2025-07-19,24.8,61.9,TV,0.0
U0021,C009,2025-08-24,81.3,89.3,Mobile,0.0
U0064,C033,2025-08-28,104.1,71.3,Mobile,0.0
U0154,C003,2025-10-10,32.2,76.6,TV,3.0
U0467,C023,2025-12-19,57.8,49.4,Mobile,0.0
U0019,C013,2026-03-19,74.1,54.1,Desktop,3.0
U0184,C018,2025-12-03,84.7,72.4,Tablet,4.0
U0463,C011,2026-02-27,81.1,69.3,Desktop,3.0
U0105,C005,2025-11-21,43.6,55.2,TV,3.0
U0337,C042,2026-03-29,37.6,80.1,Tablet,2.0
U0014,C039,2025-11-05,37.1,39.1,Tablet,0.0
U0169,C041,2026-01-09,92.6,62.6,Desktop,2.0
U0488,C007,2026-02-05,70.2,52.4,Mobile,3.0
U0179,C045,2025-09-10,77.5,76.0,Mobile,0.0
U0163,C049,2025-10-11,12.1,32.8,Tablet,2.0
U0304,C009,2026-03-06,25.1,27.6,Desktop,2.0
U0291,C048,2026-02-05,13.3,33.2,Desktop,4.0
U0312,C027,2025-12-08,50.9,68.8,Tablet,3.0
U0483,C046,2026-03-05,42.4,88.4,TV,2.0
U0395,C021,2026-03-21,36.3,95.4,Mobile,0.0
U0295,C004,2026-01-12,24.1,89.2,Desktop,2.0
U0255,C033,2025-05-23,95.8,65.6,Mobile,3.0
U0098,C048,2025-06-25,2.6,6.6,Mobile,3.0
U0230,C011,2025-10-24,76.6,65.5,Mobile,1.0
U0430,C009,2025-09-05,57.5,63.2,TV,0.0
U0174,C044,2026-02-18,34.3,56.3,Desktop,0.0
U0378,C041,2025-05-29,109.1,73.7,Mobile,2.0
U0457,C040,2026-04-08,15.2,11.2,TV,4.0
U0096,C026,2026-04-18,59.9,49.1,Desktop,2.0
U0064,C032,2025-12-25,10.7,14.1,TV,1.0
U0187,C028,2025-05-25,47.3,32.2,Desktop,1.0
U0383,C028,2025-07-06,17.1,11.6,Tablet,4.0
U0170,C003,2026-01-24,14.8,35.2,TV,0.0
U0216,C032,2025-11-23,33.4,43.9,Tablet,3.0
U0372,C048,2025-05-10,11.4,28.5,Desktop,0.0
U0348,C022,2025-09-30,79.7,97.2,TV,2.0
U0043,C049,2026-02-21,25.4,68.7,TV,4.0
U0127,C043,2025-09-23,38.4,54.8,Desktop,0.0
U0438,C038,2025-08-16,77.5,88.1,TV,0.0
U0476,C010,2026-04-11,63.0,59.4,Desktop,0.0
U0173,C028,2026-03-07,66.9,45.5,TV,1.0
U0144,C023,2025-10-11,116.8,99.8,TV,0.0
U0147,C031,2025-10-17,62.6,48.5,Tablet,1.0
U0172,C020,2025-06-07,20.9,19.0,Desktop,1.0
U0185,C048,2025-08-15,28.2,70.5,Desktop,4.0
U0142,C014,2025-11-24,35.2,88.0,Mobile,0.0
U0301,C042,2025-09-17,32.0,68.1,Desktop,3.0
U0370,C010,2025-12-30,17.3,16.3,TV,1.0
U0230,C041,2025-07-19,138.5,93.6,Mobile,0.0
U0307,C018,2025-11-01,111.0,94.9,Desktop,4.0
U0418,C026,2025-09-12,68.2,55.9,Tablet,5.0
U0261,C025,2025-10-03,41.4,53.1,Mobile,0.0
U0293,C014,2025-11-17,29.6,73.9,TV,4.0
U0138,C036,2025-08-12,32.3,27.6,Desktop,1.0
U0475,C009,2025-06-30,30.2,33.2,Desktop,3.0
U0060,C001,2026-01-12,71.7,79.7,TV,1.0
U0030,C041,2025-08-23,131.0,88.5,Desktop,1.0
U0498,C002,2026-04-12,20.6,37.4,Mobile,4.0
U0382,C045,2026-02-17,47.5,46.6,Desktop,1.0
U0138,C014,2025-07-26,31.6,79.0,TV,0.0
U0462,C031,2026-01-05,65.3,50.6,Desktop,3.0
U0252,C047,2026-01-22,40.1,49.5,Tablet,4.0
U0312,C013,2025-11-02,53.7,39.2,Mobile,3.0
U0052,C025,2026-02-22,74.5,95.5,Mobile,0.0
U0128,C050,2025-08-16,84.7,60.1,TV,5.0
U0363,C006,2025-05-16,23.5,33.6,Desktop,1.0
U0170,C031,2025-08-29,115.5,89.5,Mobile,3.0
U0152,C007,2025-11-20,111.2,83.0,Mobile,0.0
U0219,C025,2025-11-28,41.8,53.6,Tablet,4.0
U0453,C046,2025-06-13,34.2,71.3,TV,0.0
U0316,C022,2025-10-24,19.4,23.7,TV,3.0
U0093,C044,2025-08-19,23.9,39.1,TV,1.0
U0449,C007,2026-01-25,70.2,52.4,Mobile,5.0
U0002,C010,2026-01-24,16.5,15.6,Mobile,0.0
U0296,C028,2025-07-14,74.2,50.5,TV,2.0
U0218,C031,2025-05-23,57.1,44.3,Desktop,2.0
U0215,C036,2025-09-25,64.0,54.7,Tablet,0.0
U0298,C046,2026-02-08,18.4,38.4,Mobile,0.0
U0186,C001,2025-09-20,42.8,47.5,Desktop,0.0
U0031,C023,2025-07-19,60.5,51.7,Tablet,0.0
U0108,C015,2026-02-17,30.4,27.1,Tablet,1.0
U0028,C045,2025-12-19,30.0,29.4,Desktop,0.0
U0076,C024,2026-01-24,69.3,91.2,Tablet,0.0
U0392,C012,2025-08-15,57.8,53.5,Tablet,2.0
U0370,C022,2025-09-20,73.1,89.1,Desktop,3.0
U0083,C001,2026-04-07,32.0,35.6,TV,4.0
U0117,C028,2025-08-16,47.2,32.1,Tablet,0.0
U0422,C048,2025-06-11,10.1,25.3,Tablet,5.0
U0195,C011,2025-10-30,28.3,24.2,Mobile,0.0
U0186,C039,2025-12-09,81.9,86.2,Mobile,0.0
U0109,C039,2025-10-19,20.7,21.8,Mobile,0.0
U0138,C006,2025-12-03,65.1,93.0,TV,0.0
U0183,C049,2025-10-03,25.2,68.0,TV,0.0
U0360,C044,2025-10-08,13.6,22.3,Mobile,1.0
U0083,C010,2026-01-30,85.5,80.7,Desktop,5.0
U0368,C011,2025-10-04,72.5,62.0,TV,1.0
U0320,C028,2026-02-09,16.2,11.0,Mobile,0.0
U0291,C041,2025-11-03,25.6,17.3,Mobile,2.0
U0049,C030,2026-03-19,60.7,73.1,TV,1.0
U0046,C005,2025-09-14,42.6,53.9,TV,5.0
U0449,C029,2025-08-22,49.5,88.4,Mobile,1.0
U0440,C019,2025-07-20,68.8,60.9,TV,1.0
U0043,C044,2025-08-21,13.0,21.3,Mobile,3.0
U0330,C004,2026-03-15,24.0,88.9,Mobile,0.0
U0199,C030,2025-09-03,56.9,68.6,Tablet,0.0
U0044,C012,2025-06-02,93.3,86.4,TV,1.0
U0310,C032,2025-08-05,55.3,72.7,Desktop,2.0
U0075,C041,2025-09-02,119.9,81.0,Tablet,2.0
U0110,C004,2026-01-10,22.9,84.8,Desktop,0.0
U0141,C026,2025-05-31,33.5,27.5,Desktop,4.0
U0458,C017,2025-04-20,15.4,38.6,Desktop,4.0
U0224,C023,2025-04-30,72.8,62.2,Desktop,1.0
U0341,C047,2025-11-06,65.5,80.9,Tablet,0.0
U0256,C021,2026-01-30,13.2,34.7,Mobile,2.0
U0483,C009,2025-06-14,54.1,59.4,Desktop,2.0
U0357,C035,2026-02-23,111.5,87.1,Desktop,4.0
U0296,C001,2026-04-10,57.6,64.0,Mobile,4.0
U0256,C042,2026-04-16,25.2,53.6,TV,0.0
U0475,C012,2025-05-03,55.2,51.1,Tablet,2.0
U0146,C043,2026-03-07,56.2,80.3,Mobile,0.0
U0413,C007,2026-02-14,92.3,68.9,Mobile,4.0
U0149,C027,2026-01-13,25.9,35.0,Tablet,0.0
U0180,C030,2025-12-13,30.8,37.1,Mobile,1.0
U0401,C015,2025-11-05,51.5,46.0,Tablet,4.0
U0124,C001,2025-12-28,22.8,25.3,TV,0.0
U0492,C037,2026-03-27,34.6,41.2,Desktop,4.0
U0200,C047,2026-01-06,27.5,34.0,Mobile,4.0
U0411,C009,2026-03-27,31.9,35.1,TV,5.0
U0284,C011,2025-06-06,23.2,19.8,Mobile,3.0
U0363,C035,2025-07-17,101.6,79.4,TV,0.0
U0123,C042,2025-04-26,17.5,37.2,TV,4.0
U0027,C018,2025-05-12,96.4,82.4,Mobile,0.0
U0236,C039,2025-06-01,44.7,47.1,Mobile,2.0
U0433,C024,2025-08-26,24.7,32.5,Mobile,0.0
U0352,C027,2025-06-09,55.1,74.5,Mobile,0.0
U0500,C022,2025-06-30,69.7,85.0,Mobile,0.0
U0311,C002,2026-02-18,37.5,68.2,Mobile,1.0
U0071,C015,2026-01-08,63.5,56.7,Desktop,0.0
U0179,C046,2025-10-08,19.8,41.3,Tablet,0.0
U0129,C012,2026-02-18,25.4,23.5,Mobile,3.0
U0407,C050,2025-12-23,114.2,81.0,Tablet,2.0
U0217,C039,2025-12-06,60.4,63.6,Tablet,0.0
U0291,C023,2025-08-04,101.6,86.8,Mobile,3.0
U0130,C038,2026-01-08,18.7,21.2,TV,2.0
U0016,C008,2025-10-23,46.3,77.1,TV,0.0
U0400,C021,2025-07-13,34.7,91.2,Tablet,3.0
U0408,C021,2025-10-22,18.4,48.5,TV,4.0
U0312,C043,2025-05-19,19.7,28.1,TV,5.0
U0164,C013,2025-07-07,51.1,37.3,Tablet,0.0
U0064,C029,2025-11-24,24.0,42.9,TV,0.0
U0330,C037,2025-09-24,42.7,50.8,Mobile,1.0
U0331,C002,2025-07-08,5.5,10.0,TV,1.0
U0386,C023,2025-07-24,75.8,64.8,Tablet,1.0
U0357,C030,2026-03-27,63.1,76.0,Desktop,0.0
U0166,C045,2025-04-21,94.2,92.4,TV,5.0
U0463,C035,2025-12-31,93.4,73.0,Tablet,0.0
U0065,C021,2025-06-14,17.9,47.1,Tablet,4.0
U0229,C043,2025-10-20,17.9,25.5,TV,1.0
U0396,C047,2025-09-18,28.8,35.6,TV,3.0
U0428,C016,2025-07-29,30.3,97.6,Tablet,0.0
U0250,C007,2025-12-16,38.3,28.6,TV,5.0
U0484,C020,2026-03-15,98.5,89.5,Tablet,2.0
U0445,C040,2025-10-11,108.1,79.5,Desktop,4.0
U0158,C037,2026-02-07,68.1,81.1,Desktop,1.0
U0015,C031,2025-06-30,103.3,80.1,Mobile,1.0
U0221,C014,2026-03-11,13.0,32.4,TV,1.0
U0051,C004,2025-12-09,19.0,70.3,Tablet,0.0
U0305,C018,2025-07-01,74.1,63.3,Desktop,0.0
U0113,C008,2025-08-07,46.6,77.7,Tablet,2.0
U0202,C007,2025-12-22,35.6,26.6,Desktop,5.0
U0105,C023,2025-05-21,98.3,84.0,Tablet,4.0
U0157,C045,2025-09-05,82.6,81.0,Tablet,0.0
U0493,C001,2025-05-20,87.1,96.8,Mobile,0.0
U0348,C049,2026-01-18,29.3,79.2,Mobile,0.0
U0420,C002,2025-08-04,45.6,82.9,Mobile,0.0
U0156,C048,2025-08-13,23.2,58.1,Tablet,1.0
U0187,C030,2026-02-18,4.6,5.6,Tablet,0.0
U0139,C044,2025-10-20,50.5,82.8,Desktop,4.0
U0073,C023,2025-06-29,45.3,38.7,TV,0.0
U0382,C006,2025-12-14,19.7,28.1,Tablet,3.0
U0090,C017,2025-11-05,28.5,71.2,TV,5.0
U0314,C008,2025-08-03,41.0,68.4,Tablet,4.0
U0076,C030,2025-07-22,66.1,79.6,Desktop,1.0
U0250,C019,2026-04-19,27.7,24.5,Mobile,0.0
U0251,C020,2025-09-29,20.7,18.8,Desktop,0.0
U0366,C018,2025-06-26,42.7,36.5,TV,0.0
U0017,C031,2026-02-15,94.6,73.3,TV,1.0
U0306,C020,2025-10-30,13.2,12.0,Desktop,4.0
U0394,C013,2025-07-20,89.6,65.4,TV,3.0
U0475,C041,2025-06-10,48.8,33.0,Mobile,0.0
U0270,C029,2025-06-17,31.0,55.3,TV,2.0
U0239,C027,2026-04-07,11.6,15.7,TV,0.0
U0318,C035,2025-06-13,124.5,97.3,Desktop,2.0
U0344,C001,2026-02-08,48.4,53.8,Mobile,0.0
U0139,C042,2025-08-20,5.5,11.7,TV,5.0
U0032,C008,2025-09-04,51.8,86.4,Tablet,0.0
U0115,C044,2025-08-10,34.3,56.2,Mobile,5.0
U0249,C040,2025-05-15,136.0,100.0,Mobile,3.0
U0050,C016,2025-05-21,13.8,44.4,Desktop,5.0
U0435,C035,2025-11-19,59.4,46.4,Mobile,2.0
U0075,C041,2025-12-24,104.3,70.5,Desktop,2.0
U0246,C019,2026-03-05,43.1,38.1,TV,2.0
U0198,C045,2026-01-25,86.8,85.1,Tablet,0.0
U0298,C020,2025-12-14,12.0,10.9,TV,0.0
U0240,C047,2025-07-18,64.6,79.8,Desktop,1.0
U0463,C046,2025-08-25,38.8,80.9,TV,2.0
U0367,C009,2025-08-09,52.9,58.1,Tablet,2.0
U0493,C031,2026-03-31,61.5,47.7,TV,0.0
U0358,C021,2025-12-25,21.4,56.3,Mobile,0.0
U0016,C047,2025-10-11,56.5,69.7,Tablet,1.0
U0390,C015,2025-08-17,84.0,75.0,TV,0.0
U0020,C048,2025-09-19,7.4,18.4,Desktop,1.0
U0056,C045,2025-05-24,45.2,44.3,Desktop,1.0
U0252,C029,2025-06-23,27.6,49.3,Desktop,0.0
U0299,C002,2025-07-18,45.4,82.6,Mobile,1.0
U0397,C027,2025-07-10,52.8,71.4,Tablet,0.0
U0427,C014,2025-10-24,28.3,70.7,Desktop,5.0
U0035,C029,2025-11-22,46.1,82.4,TV,0.0
U0115,C019,2025-11-06,108.5,96.0,TV,2.0
U0317,C004,2025-10-25,14.6,53.9,TV,4.0
U0016,C003,2025-10-28,25.0,59.5,Desktop,0.0
U0281,C047,2025-10-16,38.4,47.4,Mobile,1.0
U0037,C027,2025-09-18,66.9,90.4,Desktop,1.0
U0371,C003,2026-01-25,20.2,48.0,Tablet,1.0
U0401,C015,2026-02-03,79.6,71.1,Mobile,3.0
U0247,C004,2025-06-27,21.7,80.2,Desktop,0.0
U0225,C008,2025-05-18,52.3,87.2,Tablet,0.0
U0122,C015,2026-03-12,31.7,28.3,Mobile,5.0
U0008,C047,2025-11-26,67.9,83.8,TV,0.0
U0161,C023,2026-02-19,81.2,69.4,Mobile,0.0
U0129,C035,2026-02-26,22.8,17.8,Desktop,2.0
U0366,C020,2025-11-30,46.9,42.6,Mobile,0.0
U0178,C027,2025-10-29,60.1,81.2,Desktop,5.0
U0500,C034,2026-01-06,30.1,62.8,Desktop,0.0
U0121,C045,2026-02-26,48.3,47.4,Mobile,0.0
U0143,C040,2025-07-13,79.8,58.7,Desktop,0.0
U0195,C012,2026-02-04,49.8,46.1,TV,5.0
U0465,C017,2025-07-14,23.2,58.0,Tablet,5.0
U0219,C047,2026-02-21,69.1,85.3,Tablet,2.0
U0294,C047,2025-09-07,67.5,83.3,Desktop,0.0
U0465,C001,2025-10-14,54.5,60.6,TV,1.0
U0293,C026,2026-01-03,36.2,29.7,Mobile,0.0
U0158,C037,2025-09-05,80.0,95.2,Desktop,2.0
U0030,C038,2025-12-26,81.0,92.0,TV,1.0
U0445,C032,2025-12-26,45.8,60.3,Mobile,0.0
U0059,C042,2026-02-17,30.8,65.5,Mobile,4.0
U0133,C017,2025-11-17,20.8,52.0,Mobile,0.0
U0260,C029,2025-12-18,28.8,51.5,Tablet,0.0
U0329,C028,2026-04-05,86.4,58.8,TV,2.0
U0483,C019,2025-12-14,106.1,93.9,Mobile,0.0
U0312,C014,2025-10-22,22.2,55.5,TV,0.0
U0194,C038,2026-02-28,18.5,21.0,Mobile,0.0
U0491,C015,2025-10-12,57.8,51.6,Mobile,5.0
U0450,C034,2025-11-13,31.2,64.9,TV,1.0
U0100,C037,2025-06-08,53.9,64.2,TV,0.0
U0234,C021,2026-04-10,19.5,51.4,TV,4.0
U0248,C039,2025-11-25,58.0,61.0,Desktop,3.0
U0126,C050,2025-12-26,125.8,89.2,Desktop,3.0
U0254,C041,2025-05-05,93.8,63.4,Tablet,4.0
U0052,C009,2025-08-10,89.4,98.2,Mobile,0.0
U0264,C034,2026-04-11,42.8,89.2,Desktop,4.0
U0151,C008,2025-10-02,35.6,59.3,Mobile,4.0
U0024,C005,2026-01-27,58.2,73.7,Tablet,4.0
U0428,C028,2025-09-11,109.8,74.7,Mobile,0.0
U0459,C001,2026-03-14,46.6,51.8,Tablet,0.0
U0261,C047,2025-04-23,71.9,88.8,TV,0.0
U0289,C034,2026-01-13,34.5,71.9,Desktop,2.0
U0266,C018,2025-07-14,103.3,88.3,Mobile,1.0
U0141,C032,2026-04-19,52.2,68.7,Mobile,0.0
U0342,C018,2026-01-05,15.0,12.8,Mobile,3.0
U0463,C003,2026-03-09,13.9,33.1,Desktop,5.0
U0233,C019,2025-04-27,45.4,40.2,TV,5.0
U0041,C048,2026-01-11,33.1,82.8,TV,2.0
U0323,C048,2026-03-11,17.0,42.4,Mobile,2.0
U0052,C046,2025-11-10,22.7,47.2,Mobile,4.0
U0322,C001,2025-07-13,59.0,65.5,Tablet,5.0
U0096,C047,2026-02-08,38.2,47.2,Desktop,0.0
U0223,C005,2026-01-25,33.7,42.7,Desktop,4.0
U0179,C031,2026-03-28,33.8,26.2,TV,4.0
U0249,C032,2026-02-20,62.0,81.6,Mobile,0.0
U0058,C049,2026-04-13,27.9,75.3,Tablet,0.0
U0091,C030,2025-06-13,65.0,78.3,Tablet,3.0
U0211,C044,2025-05-03,24.3,39.8,Tablet,0.0
U0288,C050,2026-04-11,74.6,52.9,Tablet,2.0
U0134,C004,2025-05-11,14.7,54.4,TV,2.0
U0210,C015,2025-12-22,90.0,80.4,TV,0.0
U0310,C035,2026-03-30,9.1,7.1,Mobile,4.0
U0026,C034,2026-02-13,21.9,45.6,TV,5.0
U0083,C024,2025-11-21,23.0,30.3,Mobile,5.0
U0011,C049,2026-03-27,28.7,77.5,Desktop,4.0
U0396,C045,2025-06-18,75.2,73.7,Tablet,0.0
U0419,C048,2025-11-30,38.4,96.0,Tablet,0.0
U0008,C048,2025-07-13,36.7,91.8,Tablet,0.0
U0426,C039,2025-08-12,78.3,82.4,TV,1.0
U0235,C013,2026-02-17,31.6,23.1,Tablet,0.0
U0114,C027,2025-12-24,45.0,60.8,TV,5.0
U0280,C046,2025-12-10,23.0,47.9,Mobile,4.0
U0160,C022,2025-11-04,59.1,72.1,Desktop,5.0
U0483,C032,2025-09-13,52.1,68.6,Desktop,0.0
U0393,C032,2025-08-28,40.6,53.4,TV,4.0
U0290,C039,2026-04-19,42.7,44.9,TV,4.0
U0121,C021,2026-02-18,19.4,51.1,Mobile,0.0
U0218,C045,2026-02-04,88.5,86.8,Mobile,0.0
U0102,C029,2025-06-20,48.5,86.6,Tablet,2.0
U0005,C019,2025-09-27,19.9,17.6,TV,3.0
U0166,C040,2025-04-24,31.7,23.3,TV,3.0
U0310,C017,2025-06-08,26.9,67.3,Desktop,0.0
U0269,C046,2025-08-17,42.0,87.6,TV,4.0
U0097,C013,2025-05-10,106.7,77.9,Tablet,3.0
U0081,C005,2025-12-03,54.5,69.0,Desktop,1.0
U0146,C028,2025-11-11,78.1,53.1,TV,3.0
U0278,C042,2026-01-06,40.8,86.8,TV,0.0
U0135,C037,2026-01-10,19.2,22.9,TV,3.0
U0396,C038,2026-04-14,39.7,45.1,Tablet,0.0
U0087,C001,2025-08-30,84.1,93.4,Desktop,0.0
U0085,C031,2026-02-26,59.1,45.8,Mobile,0.0
U0287,C026,2025-04-19,63.2,51.8,TV,3.0
U0041,C039,2025-08-19,61.7,64.9,Tablet,2.0
U0356,C017,2025-05-18,28.6,71.5,Mobile,5.0
U0188,C030,2025-05-14,63.8,76.9,Desktop,2.0
U0192,C012,2025-07-28,101.8,94.3,Desktop,0.0
U0301,C020,2026-03-17,104.5,95.0,TV,4.0
U0246,C026,2025-05-27,39.8,32.6,Mobile,5.0
U0368,C031,2025-08-20,121.3,94.0,Desktop,4.0
U0377,C012,2025-12-01,96.2,89.1,Mobile,1.0
U0050,C035,2026-03-05,42.0,32.8,TV,5.0
U0345,C021,2026-02-24,32.1,84.5,Desktop,4.0
U0137,C006,2026-01-13,48.3,69.0,Mobile,1.0
U0141,C036,2025-04-24,50.9,43.5,Tablet,0.0
U0060,C006,2026-03-26,34.4,49.1,Mobile,5.0
U0087,C001,2026-04-03,70.2,78.0,Desktop,1.0
U0429,C044,2025-10-30,51.1,83.8,Desktop,1.0
U0028,C025,2025-07-03,69.3,88.8,Desktop,5.0
U0097,C018,2025-10-24,73.0,62.4,TV,1.0
U0396,C042,2025-06-25,21.0,44.6,Tablet,0.0
U0276,C037,2026-02-27,41.4,49.3,TV,0.0
U0176,C045,2026-04-02,71.7,70.3,Desktop,2.0
U0134,C003,2026-02-21,28.0,66.6,Tablet,4.0
U0302,C003,2025-05-23,23.8,56.7,Desktop,2.0
U0244,C022,2025-08-25,58.9,71.8,Desktop,2.0
U0280,C012,2026-02-14,69.6,64.4,Tablet,4.0
U0205,C031,2025-11-21,47.5,36.8,Desktop,5.0
U0479,C033,2025-05-23,64.8,44.4,Mobile,0.0
U0263,C011,2026-01-09,57.7,49.3,Mobile,1.0
U0406,C050,2025-07-04,54.7,38.8,Desktop,0.0
U0453,C012,2025-06-09,70.5,65.3,Mobile,4.0
U0126,C010,2025-07-24,79.5,75.0,TV,0.0
U0242,C036,2025-10-21,47.3,40.4,Mobile,2.0
U0066,C021,2025-05-18,18.3,48.1,Tablet,3.0
U0202,C035,2026-03-24,16.1,12.6,Desktop,3.0
U0092,C050,2025-11-04,56.7,40.2,Tablet,0.0
U0331,C015,2026-01-04,60.5,54.0,TV,2.0
U0335,C012,2025-11-17,65.7,60.8,Mobile,1.0
U0491,C027,2025-05-03,25.6,34.6,Mobile,1.0
U0352,C047,2025-11-09,31.8,39.3,Tablet,4.0
U0233,C001,2025-07-02,56.8,63.1,TV,2.0
U0133,C048,2025-10-27,29.0,72.6,TV,5.0
U0274,C024,2025-10-02,25.3,33.3,Mobile,0.0
U0004,C022,2025-07-14,28.0,34.2,Tablet,0.0
U0238,C019,2025-06-16,21.7,19.2,TV,1.0
U0218,C022,2025-08-24,79.2,96.6,TV,1.0
U0214,C002,2025-09-22,20.2,36.7,Tablet,0.0
U0090,C006,2025-04-23,58.5,83.6,TV,1.0
U0498,C030,2026-02-14,34.3,41.3,Tablet,0.0
U0040,C021,2025-11-23,21.0,55.2,TV,4.0
U0335,C048,2025-06-02,33.5,83.8,Desktop,3.0
U0134,C020,2025-07-19,44.3,40.3,Mobile,1.0
U0294,C031,2025-11-01,71.7,55.6,Desktop,1.0
U0257,C043,2025-12-29,28.1,40.1,Mobile,2.0
U0107,C002,2025-04-27,46.6,84.7,TV,0.0
U0114,C015,2025-07-12,52.6,47.0,Tablet,3.0
U0216,C041,2025-09-19,94.9,64.1,TV,1.0
U0164,C023,2025-09-13,77.6,66.3,Mobile,4.0
U0250,C036,2026-03-16,95.7,81.8,Tablet,4.0
U0240,C002,2025-10-08,14.3,26.0,Tablet,5.0
U0012,C049,2025-12-04,18.1,49.0,Mobile,2.0
U0112,C014,2025-08-12,7.4,18.6,Tablet,3.0
U0210,C023,2025-05-29,76.6,65.5,TV,4.0
U0055,C043,2026-02-20,45.9,65.5,Tablet,0.0
U0440,C026,2026-04-15,87.1,71.4,TV,5.0
U0238,C042,2025-07-03,20.2,43.0,Tablet,2.0
U0097,C041,2025-12-13,16.9,11.4,Mobile,3.0
U0293,C047,2025-10-09,35.6,44.0,Tablet,4.0
U0047,C024,2025-10-31,9.7,12.8,Desktop,2.0
U0189,C047,2026-02-14,39.9,49.2,Tablet,0.0
U0408,C012,2026-03-10,43.0,39.8,Desktop,0.0
U0237,C047,2025-06-19,3.8,4.7,Tablet,0.0
U0401,C027,2025-10-13,38.3,51.7,Mobile,2.0
U0247,C047,2025-11-08,6.6,8.2,Mobile,1.0
U0205,C046,2025-12-06,40.4,84.2,Mobile,4.0
U0087,C024,2025-08-14,55.9,73.5,Mobile,2.0
U0461,C046,2025-12-31,35.2,73.3,Tablet,1.0
U0404,C029,2026-02-17,34.9,62.4,Desktop,3.0
U0148,C002,2025-09-15,26.9,49.0,Desktop,3.0
U0325,C020,2025-12-30,77.0,70.0,Desktop,0.0
U0312,C019,2026-03-27,38.6,34.2,Mobile,1.0
U0187,C047,2025-05-03,45.8,56.5,Desktop,1.0
U0330,C010,2026-03-10,64.1,60.5,Tablet,4.0
U0087,C034,2026-01-04,30.9,64.4,Mobile,1.0
U0116,C020,2026-01-27,34.1,31.0,Mobile,4.0
U0101,C023,2025-12-26,44.8,38.3,Desktop,4.0
U0104,C024,2025-06-14,68.7,90.4,Mobile,1.0
U0284,C035,2025-07-30,122.0,95.3,Tablet,3.0
U0268,C016,2026-01-20,20.7,66.7,Desktop,0.0
U0354,C046,2025-11-02,22.5,46.8,Mobile,4.0
U0098,C047,2025-06-07,14.3,17.7,Tablet,0.0
U0275,C004,2025-05-19,18.9,70.0,Mobile,2.0
U0102,C007,2026-04-16,80.9,60.4,Tablet,5.0
U0464,C008,2026-01-14,36.2,60.3,Tablet,0.0
U0129,C049,2025-07-20,15.7,42.3,Tablet,3.0
U0146,C042,2026-01-30,30.1,64.1,TV,4.0
U0226,C008,2026-02-15,36.7,61.1,Tablet,1.0
U0327,C044,2025-08-17,22.8,37.4,Desktop,1.0
U0257,C020,2025-11-14,88.0,80.0,Desktop,3.0
U0345,C010,2025-07-17,57.2,54.0,Desktop,3.0
U0340,C011,2026-02-27,56.7,48.5,Tablet,5.0
U0372,C018,2025-08-26,57.3,49.0,TV,5.0
U0382,C021,2025-07-10,23.4,61.7,Tablet,0.0
U0496,C027,2026-02-03,69.4,93.8,Desktop,4.0
U0367,C017,2025-11-10,23.1,57.7,TV,3.0
U0287,C048,2025-04-20,14.9,37.2,Mobile,0.0
U0125,C011,2025-07-16,36.2,30.9,Mobile,5.0
U0338,C025,2025-08-02,53.5,68.6,Tablet,0.0
U0052,C004,2025-09-24,19.7,73.0,Mobile,2.0
U0069,C048,2025-07-24,5.3,13.2,Desktop,3.0
U0154,C037,2025-11-10,47.9,57.0,TV,3.0
U0272,C019,2025-05-27,53.6,47.4,TV,5.0
U0185,C050,2026-01-10,108.7,77.1,Tablet,1.0
U0171,C013,2025-04-24,111.5,81.4,Mobile,0.0
U0062,C042,2025-10-20,24.9,52.9,Mobile,3.0
U0192,C002,2025-07-17,39.7,72.1,TV,3.0
U0171,C041,2025-05-12,89.7,60.6,Mobile,3.0
U0473,C030,2025-05-17,36.6,44.1,Tablet,5.0
U0142,C030,2025-11-18,30.1,36.3,Mobile,0.0
U0332,C037,2025-07-05,28.4,33.8,Tablet,0.0
U0206,C037,2025-11-13,48.4,57.6,Desktop,3.0
U0346,C050,2025-12-02,49.5,35.1,TV,4.0
U0445,C037,2026-02-22,47.3,56.3,Mobile,3.0
U0309,C003,2026-01-14,34.7,82.7,Desktop,0.0
U0156,C011,2026-03-12,73.7,63.0,Tablet,0.0
U0428,C025,2025-06-14,44.4,56.9,Desktop,0.0
U0395,C025,2025-10-22,44.3,56.8,Desktop,5.0
U0108,C008,2025-12-31,32.9,54.8,Mobile,5.0
U0260,C024,2025-06-30,48.8,64.2,Mobile,1.0
U0185,C020,2026-01-06,73.7,67.0,TV,4.0
U0332,C021,2025-11-11,6.8,17.9,Tablet,5.0
U0020,C004,2026-04-03,12.0,44.4,Tablet,5.0
U0081,C027,2026-03-16,46.8,63.2,TV,2.0
U0321,C024,2025-10-21,44.6,58.7,Mobile,4.0
U0447,C010,2025-07-23,51.1,48.2,Mobile,1.0
U0460,C015,2025-08-27,67.8,60.5,Tablet,5.0
U0460,C035,2026-02-08,70.9,55.4,TV,0.0
U0166,C043,2026-01-07,33.0,47.1,Tablet,4.0
U0426,C037,2025-06-05,58.3,69.4,Desktop,4.0
U0043,C048,2025-07-14,18.6,46.4,TV,1.0
U0364,C030,2025-08-13,51.1,61.6,Desktop,1.0
U0217,C024,2025-05-12,71.6,94.2,Desktop,0.0
U0074,C041,2025-07-14,56.5,38.2,Tablet,2.0
U0440,C023,2025-11-15,63.5,54.3,TV,4.0
U0394,C033,2025-08-20,106.0,72.6,TV,5.0
U0266,C017,2025-09-25,6.3,15.7,Desktop,0.0
U0117,C030,2025-06-04,64.7,77.9,Mobile,5.0
U0498,C033,2025-07-16,97.4,66.7,Mobile,0.0
U0376,C048,2025-08-24,30.4,76.1,Mobile,5.0
U0273,C024,2025-11-19,62.8,82.6,Desktop,5.0
U0477,C049,2025-11-28,28.0,75.7,Tablet,2.0
U0240,C021,2025-05-08,10.7,28.1,Mobile,0.0
U0387,C027,2025-11-07,44.5,60.2,Desktop,2.0
U0403,C011,2025-12-05,98.0,83.8,Mobile,0.0
U0494,C018,2025-09-17,22.2,19.0,Desktop,0.0
U0228,C010,2025-07-25,82.7,78.0,Tablet,0.0
U0339,C029,2025-12-23,15.6,27.8,Mobile,5.0
U0467,C047,2025-06-07,40.6,50.1,Tablet,5.0
U0150,C015,2025-09-24,45.8,40.9,TV,0.0
U0446,C043,2025-11-24,43.0,61.5,Mobile,5.0
U0395,C018,2025-11-07,99.8,85.3,TV,1.0
U0043,C001,2025-12-23,41.2,45.8,Tablet,4.0
U0137,C007,2025-08-17,69.4,51.8,Tablet,0.0
U0309,C007,2025-09-22,117.0,87.3,TV,3.0
U0345,C046,2025-10-23,29.7,61.9,Tablet,3.0
U0443,C034,2025-09-11,3.4,7.0,Tablet,4.0
U0465,C002,2025-11-18,16.7,30.3,TV,2.0
U0411,C002,2025-09-06,45.9,83.5,TV,1.0
U0499,C016,2025-11-09,17.4,56.2,TV,5.0
U0407,C011,2025-09-04,41.1,35.1,Tablet,5.0
U0179,C050,2026-02-01,97.6,69.2,Desktop,1.0
U0425,C020,2026-04-01,22.1,20.1,Tablet,4.0
U0096,C049,2025-06-13,13.0,35.1,Tablet,1.0
U0387,C011,2025-10-22,29.6,25.3,Desktop,2.0
U0317,C045,2025-08-28,14.6,14.3,Tablet,5.0
U0135,C010,2026-02-04,79.9,75.4,Mobile,5.0
U0490,C048,2025-04-25,34.1,85.3,Mobile,1.0
U0116,C029,2026-04-04,48.4,86.5,Desktop,0.0
U0449,C015,2026-04-11,89.8,80.2,Mobile,5.0
U0314,C031,2026-03-26,85.0,65.9,Tablet,4.0
U0295,C025,2025-08-27,65.3,83.7,Desktop,1.0
U0277,C023,2025-11-24,41.0,35.0,Desktop,5.0
U0276,C038,2025-11-07,13.3,15.1,Tablet,3.0
U0161,C007,2026-03-05,81.7,61.0,Desktop,2.0
U0138,C037,2025-08-17,74.3,88.4,Mobile,3.0
U0230,C036,2026-03-28,78.5,67.1,Mobile,4.0
U0182,C005,2026-02-05,70.9,89.8,Tablet,4.0
U0392,C009,2026-01-15,37.9,41.6,Tablet,0.0
U0393,C035,2025-05-10,123.8,96.7,Mobile,5.0
U0037,C040,2025-05-28,64.6,47.5,Desktop,5.0
U0093,C002,2025-07-27,39.2,71.3,Desktop,5.0
U0176,C012,2025-08-25,17.7,16.4,Tablet,0.0
U0095,C017,2025-06-01,25.2,62.9,TV,0.0
U0451,C039,2025-04-19,91.3,96.1,Mobile,0.0
U0168,C025,2025-11-26,31.7,40.7,Mobile,0.0
U0097,C041,2026-02-28,120.5,81.4,Desktop,3.0
U0192,C037,2025-12-13,11.8,14.1,Desktop,5.0
U0420,C029,2025-12-12,40.2,71.8,TV,4.0
U0093,C038,2025-12-02,51.3,58.3,TV,2.0
U0476,C043,2026-03-16,44.3,63.3,Mobile,1.0
U0127,C024,2025-05-01,24.8,32.6,Mobile,1.0
U0031,C031,2025-11-13,80.4,62.3,Mobile,5.0
U0267,C006,2025-05-06,45.2,64.6,Tablet,5.0
U0280,C042,2025-10-17,19.3,41.1,Tablet,2.0
U0223,C025,2025-10-21,17.1,21.9,TV,5.0
U0351,C045,2026-01-22,42.9,42.1,Desktop,4.0
U0161,C048,2025-10-26,9.6,23.9,Tablet,4.0
U0261,C034,2025-05-16,30.8,64.2,TV,0.0
U0366,C014,2025-09-21,19.5,48.8,Tablet,0.0
U0461,C045,2025-05-19,56.2,55.1,Desktop,1.0
U0470,C026,2025-08-30,40.7,33.4,Tablet,4.0
U0293,C046,2025-09-15,43.7,91.0,TV,2.0
U0354,C001,2025-10-06,61.5,68.3,Tablet,1.0
U0308,C001,2025-07-21,45.0,50.0,Desktop,0.0
U0327,C008,2025-08-24,17.9,29.8,TV,0.0
U0484,C048,2025-11-04,15.8,39.4,TV,0.0
U0390,C008,2025-10-31,44.0,73.3,Tablet,0.0
U0066,C034,2025-09-14,7.1,14.8,Desktop,2.0
U0316,C024,2026-03-30,35.5,46.7,Desktop,5.0
U0108,C047,2025-12-19,46.3,57.1,Mobile,2.0
U0195,C010,2025-07-18,54.5,51.4,Mobile,5.0
U0226,C005,2025-09-09,68.7,87.0,TV,0.0
U0058,C044,2026-01-09,50.8,83.2,TV,1.0
U0020,C010,2026-03-24,19.2,18.1,Mobile,3.0
U0280,C005,2025-06-05,10.3,13.0,Tablet,1.0
U0352,C040,2025-06-17,95.2,70.0,TV,1.0
U0326,C030,2025-08-02,49.1,59.1,Desktop,0.0
U0147,C041,2025-09-07,113.4,76.6,Desktop,1.0
U0379,C002,2025-11-15,50.1,91.1,Desktop,2.0
U0065,C041,2026-01-15,80.1,54.1,Tablet,2.0
U0488,C025,2025-10-17,33.5,43.0,Desktop,0.0
U0112,C046,2026-03-07,14.0,29.1,Tablet,1.0
U0330,C020,2025-08-18,81.0,73.6,TV,5.0
U0490,C050,2025-05-08,85.7,60.8,Desktop,1.0
U0382,C044,2025-10-08,41.0,67.2,Desktop,0.0
U0211,C021,2026-04-11,31.4,82.6,TV,3.0
U0478,C049,2025-10-18,36.3,98.0,Mobile,1.0
U0437,C006,2025-06-21,48.3,69.0,Desktop,1.0
U0431,C005,2025-10-17,34.1,43.2,Tablet,1.0
U0361,C012,2025-08-25,43.2,40.0,Desktop,0.0
U0213,C008,2025-08-26,49.4,82.4,Tablet,4.0
U0144,C045,2025-07-03,81.2,79.6,Tablet,2.0
U0245,C011,2025-10-24,88.7,75.8,Tablet,0.0
U0497,C032,2025-08-09,71.6,94.2,Tablet,0.0
U0057,C043,2025-12-09,36.8,52.5,Mobile,1.0
U0309,C032,2025-10-12,10.3,13.5,TV,0.0
U0263,C018,2025-06-27,38.1,32.6,TV,1.0
U0230,C028,2025-04-20,53.2,36.2,Mobile,0.0
U0447,C040,2025-09-01,20.4,15.0,Tablet,2.0
U0199,C003,2025-12-04,31.7,75.5,Tablet,2.0
U0363,C022,2025-12-13,39.7,48.4,TV,1.0
U0043,C029,2025-07-23,37.0,66.0,Desktop,5.0
U0391,C007,2025-12-20,109.9,82.0,Desktop,5.0
U0045,C005,2025-07-02,54.1,68.5,Tablet,4.0
U0448,C022,2026-04-13,43.7,53.3,Mobile,0.0
U0047,C046,2025-12-03,23.0,48.0,Tablet,3.0
U0362,C012,2025-06-05,52.7,48.8,Tablet,0.0
U0260,C001,2025-05-03,36.2,40.2,Desktop,4.0
U0064,C045,2025-08-06,91.3,89.5,TV,3.0
U0212,C033,2025-10-28,116.9,80.1,Desktop,3.0
U0004,C042,2025-07-25,39.6,84.2,Mobile,3.0
U0387,C028,2026-04-05,29.7,20.2,TV,4.0
U0349,C039,2025-06-21,43.5,45.8,Tablet,1.0
U0256,C020,2025-12-15,73.8,67.1,TV,2.0
U0239,C030,2026-01-22,61.9,74.6,Tablet,2.0
U0487,C002,2026-02-12,46.8,85.1,Desktop,2.0
U0188,C001,2025-08-19,85.9,95.4,TV,1.0
U0102,C002,2025-12-15,16.6,30.2,TV,0.0
U0098,C032,2025-08-22,51.1,67.3,Tablet,4.0
U0031,C023,2025-12-04,72.8,62.2,Tablet,5.0
U0111,C027,2026-04-03,34.9,47.1,TV,4.0
U0317,C028,2025-10-06,90.3,61.4,TV,5.0
U0353,C009,2025-12-16,79.0,86.8,Tablet,0.0
U0108,C021,2025-08-24,30.6,80.4,TV,4.0
U0100,C009,2025-06-17,41.6,45.7,Desktop,2.0
U0289,C031,2025-12-25,39.9,30.9,TV,0.0
U0231,C025,2025-09-23,65.8,84.4,Mobile,2.0
U0127,C015,2025-07-31,96.8,86.4,TV,2.0
U0161,C039,2025-12-18,42.2,44.4,Tablet,2.0
U0359,C001,2026-01-19,31.3,34.8,TV,2.0
U0398,C010,2025-05-03,84.3,79.5,TV,0.0
U0480,C018,2026-03-11,55.0,47.0,Desktop,1.0
U0490,C002,2025-11-12,14.9,27.1,TV,5.0
U0369,C025,2025-04-25,38.5,49.4,TV,3.0
U0429,C049,2025-04-26,5.1,13.9,Mobile,4.0
U0368,C046,2025-07-31,10.4,21.6,Desktop,0.0
U0387,C024,2025-08-22,40.0,52.6,Tablet,4.0
U0405,C026,2025-06-02,111.9,91.7,Desktop,0.0
U0391,C017,2025-08-22,12.1,30.3,Tablet,0.0
U0022,C015,2026-04-09,91.3,81.5,Tablet,0.0
U0262,C049,2025-12-30,34.6,93.5,Mobile,0.0
U0118,C038,2025-06-07,77.4,88.0,Desktop,2.0
U0109,C010,2025-05-17,42.9,40.5,TV,3.0
U0199,C011,2025-11-26,102.7,87.8,TV,2.0
U0062,C042,2026-01-07,29.2,62.2,Desktop,0.0
U0022,C025,2026-01-13,55.5,71.2,Desktop,3.0
U0419,C020,2025-07-22,44.0,40.0,TV,0.0
U0262,C002,2026-02-05,39.0,71.0,Tablet,4.0
U0199,C047,2025-08-28,32.1,39.6,Tablet,2.0
U0288,C039,2026-02-17,34.1,35.9,Mobile,3.0
U0026,C001,2025-12-17,36.5,40.5,Mobile,1.0
U0111,C042,2025-09-07,19.9,42.3,Mobile,0.0
U0155,C010,2025-07-07,69.6,65.7,Mobile,2.0
U0090,C001,2025-10-27,28.4,31.5,TV,1.0
U0012,C045,2025-10-04,47.5,46.6,Tablet,4.0
U0194,C002,2025-12-13,10.1,18.3,Mobile,3.0
U0460,C003,2026-03-23,21.0,50.0,TV,0.0
U0344,C018,2026-01-29,74.8,63.9,Tablet,5.0
U0119,C046,2025-07-08,25.1,52.2,Desktop,1.0
U0338,C024,2025-10-28,60.7,79.9,Tablet,0.0
U0298,C026,2025-04-25,45.4,37.2,Tablet,1.0
U0493,C028,2025-09-29,81.7,55.6,Tablet,2.0
U0386,C035,2025-06-19,18.3,14.3,Desktop,5.0
U0409,C037,2025-07-06,46.0,54.8,Mobile,5.0
U0215,C008,2025-07-14,44.9,74.9,Desktop,4.0
U0117,C044,2026-01-01,55.1,90.3,TV,3.0
U0480,C026,2025-09-12,94.7,77.6,Tablet,4.0
U0385,C007,2025-11-26,91.7,68.4,Desktop,4.0
U0001,C033,2025-08-07,122.8,84.1,TV,5.0
U0108,C035,2025-12-22,99.1,77.4,Mobile,0.0
U0130,C029,2025-12-25,19.3,34.5,Tablet,1.0
U0107,C020,2026-02-09,60.0,54.5,Mobile,4.0
U0252,C003,2026-02-05,31.0,73.9,Tablet,5.0
U0276,C050,2025-06-06,29.2,20.7,Tablet,0.0
U0195,C003,2025-10-08,26.6,63.4,Mobile,2.0
U0195,C048,2025-10-15,19.8,49.6,Tablet,0.0
U0315,C027,2026-02-07,16.1,21.7,Mobile,3.0
U0228,C005,2026-01-19,33.7,42.6,Mobile,1.0
U0300,C008,2026-03-08,52.4,87.3,TV,2.0
U0057,C044,2026-03-16,34.9,57.2,Mobile,2.0
U0398,C048,2025-08-04,35.9,89.8,Tablet,0.0
U0366,C029,2026-03-02,52.0,92.8,Desktop,4.0
U0485,C039,2025-09-15,65.9,69.4,Mobile,4.0
U0269,C045,2025-04-28,56.3,55.2,Tablet,3.0
U0360,C028,2025-09-25,108.3,73.7,Desktop,0.0
U0013,C011,2026-02-05,56.2,48.0,TV,3.0
U0135,C031,2026-02-01,58.4,45.3,Mobile,0.0
U0104,C010,2025-08-09,56.0,52.8,Mobile,0.0
U0269,C043,2025-10-14,40.0,57.2,TV,0.0
U0441,C031,2026-04-01,110.6,85.7,Mobile,0.0
U0342,C009,2026-01-04,81.1,89.1,Tablet,5.0
U0321,C024,2026-03-02,68.9,90.6,Tablet,0.0
U0099,C043,2025-11-15,51.1,73.0,Desktop,4.0
U0465,C009,2026-02-28,50.3,55.3,Desktop,0.0
U0307,C034,2025-12-13,23.5,48.9,Mobile,3.0
U0044,C046,2025-10-25,34.4,71.7,TV,1.0
U0429,C035,2025-10-03,81.8,63.9,Desktop,2.0
U0173,C006,2025-06-02,46.1,65.9,Mobile,1.0
U0323,C018,2025-09-05,92.4,79.0,TV,0.0
U0423,C022,2026-02-21,60.8,74.2,Desktop,5.0
U0314,C009,2025-06-09,81.3,89.3,TV,0.0
U0409,C030,2026-03-26,37.3,44.9,Desktop,0.0
U0307,C041,2025-07-12,119.4,80.7,TV,3.0
U0236,C035,2025-06-19,72.4,56.6,Tablet,0.0
U0035,C013,2025-11-20,73.0,53.3,Tablet,0.0
U0137,C004,2025-07-11,16.4,60.9,Desktop,0.0
U0063,C024,2025-06-15,70.0,92.1,Desktop,5.0
U0050,C048,2026-02-19,39.3,98.2,TV,1.0
U0221,C016,2025-06-05,10.9,35.2,TV,5.0
U0122,C010,2025-11-06,12.7,12.0,Desktop,0.0
U0293,C048,2025-05-08,31.8,79.4,Desktop,2.0
U0313,C011,2025-09-01,85.5,73.1,Tablet,2.0
U0110,C015,2025-07-13,18.5,16.5,Tablet,5.0
U0315,C049,2026-02-04,24.8,66.9,Tablet,2.0
U0405,C034,2026-01-04,29.5,61.5,Desktop,4.0
U0040,C039,2026-02-24,86.8,91.4,Desktop,1.0
U0181,C026,2026-01-08,19.4,15.9,Desktop,4.0
U0358,C005,2025-09-24,49.1,62.2,Tablet,0.0
U0252,C028,2025-11-11,135.7,92.3,Desktop,1.0
U0188,C017,2025-09-19,19.6,48.9,Mobile,2.0
U0187,C004,2025-06-19,7.3,27.0,Tablet,1.0
U0446,C012,2025-07-12,41.5,38.4,Mobile,3.0
U0027,C037,2025-09-01,71.6,85.2,Tablet,0.0
U0121,C002,2025-12-31,29.0,52.7,Tablet,3.0
U0390,C024,2026-02-03,74.9,98.5,TV,3.0
U0417,C002,2025-12-09,35.4,64.4,Tablet,0.0
U0434,C009,2026-01-11,45.8,50.3,Tablet,0.0
U0233,C012,2025-10-02,94.7,87.7,Mobile,0.0
U0194,C009,2026-04-14,0.6,0.7,Tablet,3.0
U0278,C047,2026-04-17,50.2,62.0,Tablet,5.0
U0129,C034,2025-07-08,17.6,36.6,Mobile,1.0
U0250,C013,2025-04-29,70.1,51.2,Tablet,5.0
U0303,C049,2026-04-19,30.3,81.9,Mobile,0.0
U0463,C029,2025-12-06,15.3,27.3,Desktop,2.0
U0067,C027,2026-03-25,51.2,69.2,TV,2.0
U0466,C025,2025-12-17,75.0,96.2,Tablet,0.0
U0479,C031,2026-01-15,43.9,34.0,Mobile,0.0
U0075,C048,2025-11-17,38.7,96.8,TV,0.0
U0230,C026,2025-06-25,71.1,58.3,TV,0.0
U0411,C034,2026-03-12,20.2,42.0,Mobile,4.0
U0400,C036,2026-02-25,109.7,93.8,Tablet,1.0
U0339,C046,2025-07-21,33.7,70.3,Desktop,0.0
U0316,C025,2025-11-06,57.9,74.2,Desktop,2.0
U0410,C010,2025-12-05,97.3,91.8,Mobile,0.0
U0240,C011,2025-09-30,25.3,21.6,TV,4.0
U0341,C021,2025-11-08,17.2,45.2,Desktop,0.0
U0418,C002,2026-03-28,49.5,90.0,TV,0.0
U0422,C010,2025-11-28,83.5,78.8,Tablet,0.0
U0475,C007,2025-05-31,98.5,73.5,TV,1.0
U0042,C016,2026-03-04,14.7,47.3,Tablet,2.0
U0418,C028,2025-09-18,125.2,85.2,Mobile,1.0
U0121,C032,2026-03-07,51.0,67.1,Desktop,1.0
U0082,C039,2025-09-20,41.8,44.0,Mobile,5.0
U0414,C045,2025-07-09,89.5,87.7,TV,4.0
U0352,C045,2026-01-24,91.7,89.9,TV,0.0
U0020,C038,2025-09-05,0.4,0.4,Tablet,0.0
U0137,C038,2025-05-23,73.0,83.0,Desktop,0.0
U0237,C039,2026-01-14,69.7,73.4,TV,0.0
U0202,C022,2025-06-18,54.0,65.9,Tablet,2.0
U0414,C016,2025-04-22,19.9,64.1,Tablet,0.0
U0361,C010,2025-06-16,83.8,79.1,Desktop,4.0
U0247,C028,2026-04-02,58.4,39.7,TV,4.0
U0108,C031,2025-05-09,93.7,72.6,Mobile,0.0
U0431,C017,2025-08-09,21.3,53.3,TV,2.0
U0069,C021,2025-12-21,23.1,60.9,Desktop,0.0
U0446,C011,2025-11-22,95.6,81.7,Desktop,3.0
U0310,C032,2026-02-08,37.5,49.4,TV,5.0
U0315,C024,2025-05-21,21.0,27.6,Desktop,0.0
U0076,C022,2025-08-09,40.3,49.2,Tablet,3.0
U0303,C040,2025-05-03,130.8,96.2,TV,3.0
U0387,C030,2025-09-20,18.9,22.8,Mobile,2.0
U0425,C027,2025-12-17,55.4,74.9,Tablet,1.0
U0154,C042,2025-11-18,32.5,69.1,Tablet,1.0
U0003,C034,2025-11-10,38.2,79.5,Tablet,0.0
U0257,C047,2026-01-04,68.0,83.9,Mobile,2.0
U0298,C014,2025-12-13,14.8,37.1,Tablet,3.0
U0372,C022,2025-07-24,75.2,91.7,TV,4.0
U0126,C031,2026-03-27,79.1,61.3,Tablet,0.0
U0464,C028,2026-02-22,109.5,74.5,TV,3.0
U0355,C036,2025-12-29,100.6,86.0,Mobile,0.0
U0034,C050,2026-04-15,119.0,84.4,Tablet,1.0
U0063,C033,2025-08-02,108.8,74.5,TV,5.0
U0043,C023,2025-10-03,93.4,79.8,TV,4.0
U0010,C040,2025-12-04,124.2,91.3,Desktop,2.0
U0474,C049,2025-07-15,30.2,81.7,Tablet,0.0
U0086,C013,2025-07-19,79.6,58.1,Desktop,5.0
U0337,C050,2025-11-11,90.9,64.5,Desktop,0.0
U0019,C029,2025-11-07,50.9,90.9,TV,4.0
U0174,C027,2026-02-18,33.0,44.6,Desktop,2.0
U0254,C036,2026-01-08,106.4,90.9,TV,0.0
U0160,C035,2025-08-13,96.0,75.0,Tablet,0.0
U0144,C022,2025-05-01,64.4,78.5,Tablet,0.0
U0014,C019,2025-07-07,21.1,18.7,Mobile,1.0
U0059,C007,2025-07-15,54.8,40.9,Mobile,0.0
U0026,C018,2026-02-02,32.3,27.6,Mobile,5.0
U0365,C036,2025-10-03,56.5,48.3,Tablet,5.0
U0477,C003,2025-09-02,34.0,80.9,Mobile,0.0
U0036,C007,2026-01-04,40.1,29.9,Mobile,1.0
U0082,C038,2025-10-14,58.7,66.7,Mobile,4.0
U0416,C002,2026-03-07,45.6,83.0,Desktop,2.0
U0003,C044,2026-04-06,21.4,35.1,Desktop,2.0
U0281,C016,2025-06-04,4.4,14.2,TV,1.0
U0070,C026,2026-02-13,65.1,53.4,Tablet,1.0
U0332,C039,2025-09-08,60.3,63.5,TV,4.0
U0066,C037,2025-11-23,58.6,69.8,Desktop,4.0
U0021,C015,2026-01-16,100.7,89.9,Mobile,3.0
U0002,C042,2025-12-23,12.1,25.7,TV,0.0
U0229,C010,2026-02-20,69.9,65.9,Tablet,2.0
U0338,C034,2025-10-11,40.6,84.5,Desktop,2.0
U0181,C013,2026-04-03,97.7,71.3,TV,2.0
U0026,C017,2025-04-20,9.8,24.5,Mobile,4.0
U0235,C034,2025-10-16,29.2,60.8,Mobile,2.0
U0403,C049,2025-08-15,25.5,69.0,Tablet,0.0
U0353,C018,2026-04-01,102.4,87.5,Tablet,0.0
U0009,C050,2025-08-11,87.8,62.3,Desktop,0.0
U0138,C047,2025-04-24,66.7,82.4,TV,4.0
U0207,C002,2025-05-04,30.6,55.7,TV,5.0
U0126,C049,2025-11-14,26.7,72.1,Mobile,0.0
U0491,C002,2026-02-14,23.6,43.0,Mobile,2.0
U0100,C012,2025-07-17,13.7,12.7,Tablet,4.0
U0432,C039,2025-05-22,65.3,68.7,Desktop,1.0
U0024,C022,2025-05-20,38.0,46.4,Tablet,3.0
U0009,C045,2026-04-14,54.8,53.7,Mobile,0.0
U0240,C027,2025-05-25,64.4,87.0,Tablet,4.0
U0070,C015,2025-11-24,103.3,92.2,Tablet,0.0
U0144,C042,2026-01-25,38.0,80.8,Desktop,3.0
U0061,C006,2025-10-27,51.2,73.2,Desktop,0.0
U0244,C045,2026-03-11,26.0,25.5,Tablet,5.0
U0111,C027,2026-01-26,31.7,42.8,Tablet,3.0
U0357,C011,2025-09-29,83.7,71.5,Desktop,0.0
U0424,C014,2025-12-20,32.2,80.4,Desktop,0.0
U0061,C047,2026-02-10,62.0,76.6,Desktop,4.0
U0033,C011,2025-11-02,75.2,64.3,Tablet,0.0
U0044,C049,2025-07-31,14.5,39.2,Desktop,1.0
U0366,C034,2026-03-29,32.4,67.4,TV,2.0
U0081,C039,2025-11-20,48.5,51.1,TV,1.0
U0134,C039,2025-06-14,42.9,45.2,Tablet,0.0
U0448,C038,2026-02-06,16.2,18.4,Mobile,3.0
U0246,C026,2025-09-29,93.2,76.4,Mobile,3.0
U0440,C039,2025-06-17,54.1,56.9,Mobile,1.0
U0134,C022,2025-08-07,76.2,92.9,Desktop,0.0
U0412,C015,2026-04-17,42.2,37.7,Mobile,4.0
U0390,C021,2025-10-23,35.6,93.8,Mobile,5.0
U0415,C047,2025-08-23,6.1,7.5,Mobile,0.0
U0353,C013,2025-09-17,82.6,60.3,TV,0.0
U0404,C041,2026-02-05,83.3,56.3,TV,2.0
U0345,C008,2025-06-18,50.8,84.6,Desktop,0.0
U0280,C010,2025-11-11,68.2,64.3,Mobile,0.0
U0090,C049,2026-03-08,32.5,87.8,Mobile,3.0
U0223,C030,2026-02-17,75.8,91.3,Desktop,2.0
U0177,C041,2026-04-19,69.0,46.6,Tablet,2.0
U0289,C008,2026-02-25,34.7,57.8,TV,1.0
U0339,C004,2025-10-29,24.3,89.9,Tablet,0.0
U0209,C014,2025-12-20,13.2,33.1,TV,5.0
U0009,C050,2025-09-23,123.8,87.8,Mobile,3.0
U0469,C034,2025-07-02,26.1,54.3,Desktop,3.0
U0486,C031,2025-07-20,72.2,56.0,Desktop,3.0
U0332,C005,2025-09-15,30.7,38.8,Tablet,3.0
U0348,C019,2025-12-31,68.4,60.5,TV,2.0
U0153,C011,2026-04-03,8.0,6.8,Tablet,0.0
U0054,C020,2025-10-24,68.9,62.6,Tablet,0.0
U0182,C049,2026-03-19,10.4,28.1,TV,1.0
U0279,C044,2025-11-10,15.7,25.8,TV,2.0
U0406,C018,2025-11-25,69.6,59.5,Desktop,5.0
U0142,C022,2025-10-22,41.7,50.8,TV,4.0
U0328,C004,2025-12-20,16.9,62.5,TV,4.0
U0063,C026,2025-05-17,67.7,55.5,Tablet,4.0
U0450,C008,2025-10-01,47.9,79.8,Desktop,2.0
U0111,C009,2026-01-02,65.4,71.9,Mobile,4.0
U0040,C006,2025-08-27,48.4,69.2,Tablet,3.0
U0440,C027,2025-10-28,53.3,72.0,Desktop,0.0
U0421,C002,2025-12-24,34.5,62.8,Mobile,0.0
U0353,C025,2026-01-20,37.0,47.4,Mobile,4.0
U0465,C027,2025-08-26,56.0,75.7,TV,0.0
U0454,C004,2026-04-03,2.8,10.2,TV,0.0
U0277,C019,2025-10-26,46.4,41.1,Desktop,5.0
U0209,C013,2026-01-21,47.3,34.5,Tablet,1.0
U0172,C022,2026-01-08,41.8,51.0,Mobile,5.0
U0188,C041,2026-03-08,37.0,25.0,Tablet,2.0
U0495,C048,2026-03-08,19.8,49.4,Mobile,0.0
U0484,C013,2025-12-02,36.4,26.6,Tablet,0.0
U0351,C030,2025-07-23,36.2,43.6,Desktop,1.0
U0460,C022,2026-02-27,39.4,48.0,Mobile,2.0
U0321,C032,2025-12-16,51.5,67.8,Mobile,0.0
U0156,C036,2025-09-12,8.0,6.8,TV,0.0
U0245,C043,2026-03-28,54.8,78.3,Mobile,0.0
U0053,C043,2026-03-10,66.0,94.3,TV,3.0
U0298,C046,2025-12-17,9.0,18.8,Tablet,1.0
U0299,C011,2025-07-30,54.2,46.3,Tablet,5.0
U0320,C037,2026-01-31,55.4,65.9,Tablet,0.0
U0456,C034,2026-04-19,26.1,54.3,Desktop,0.0
U0170,C037,2025-11-19,40.9,48.7,Desktop,0.0
U0456,C013,2026-03-12,19.0,13.9,Tablet,2.0
U0289,C036,2026-03-16,59.0,50.4,Tablet,0.0
U0329,C029,2025-10-13,17.5,31.3,Desktop,3.0
U0311,C015,2025-12-06,39.9,35.6,Mobile,5.0
U0420,C019,2026-02-10,105.3,93.2,Tablet,1.0
U0016,C036,2026-02-12,93.4,79.8,Desktop,2.0
U0339,C018,2025-12-17,26.4,22.6,Mobile,5.0
U0111,C001,2025-08-28,79.3,88.1,Desktop,5.0
U0098,C034,2026-02-01,9.8,20.5,Tablet,3.0
U0077,C016,2026-02-26,15.5,50.0,Tablet,2.0
U0033,C004,2025-10-09,9.9,36.5,Mobile,4.0
U0099,C040,2026-03-19,116.1,85.4,TV,0.0
U0151,C041,2025-09-21,110.1,74.4,Desktop,5.0
U0323,C034,2025-05-17,19.6,40.9,Desktop,0.0
U0374,C024,2025-11-17,69.8,91.9,Tablet,3.0
U0145,C026,2025-08-06,45.6,37.4,Tablet,5.0
U0442,C027,2025-07-13,56.2,76.0,Mobile,4.0
U0447,C032,2025-05-21,63.0,82.9,Desktop,0.0
U0233,C015,2025-09-27,31.0,27.7,Tablet,0.0
U0105,C011,2026-03-30,101.4,86.7,Desktop,5.0
U0217,C016,2025-09-18,26.3,84.9,TV,2.0
U0063,C013,2026-03-06,38.4,28.0,TV,3.0
U0026,C047,2025-10-11,43.7,54.0,Mobile,2.0
U0142,C019,2026-01-22,83.6,74.0,Mobile,0.0
U0464,C030,2026-02-06,58.3,70.2,Mobile,0.0
U0427,C011,2025-12-06,97.8,83.6,Tablet,0.0
U0294,C035,2025-12-10,34.2,26.7,Tablet,0.0
U0389,C028,2026-01-15,39.1,26.6,Tablet,0.0
U0174,C015,2025-12-24,48.3,43.1,Tablet,2.0
U0349,C008,2025-11-02,36.8,61.3,Desktop,2.0
U0266,C050,2026-03-27,138.6,98.3,Tablet,3.0
U0074,C006,2025-07-29,57.7,82.4,Desktop,0.0
U0202,C044,2025-10-14,46.4,76.1,TV,2.0
U0292,C010,2026-03-28,70.3,66.3,Mobile,3.0
U0303,C035,2025-04-26,98.2,76.7,TV,5.0
U0280,C002,2025-08-09,34.4,62.5,Tablet,4.0
U0307,C046,2026-02-12,38.4,79.9,TV,5.0
U0377,C040,2026-03-30,64.2,47.2,Tablet,4.0
U0280,C033,2025-11-30,85.8,58.8,Desktop,0.0
U0459,C035,2026-03-05,95.0,74.2,Desktop,0.0
U0479,C040,2025-05-15,118.6,87.2,Tablet,2.0
U0313,C035,2025-07-29,78.2,61.1,Desktop,5.0
U0428,C009,2026-02-26,42.6,46.8,TV,4.0
U0269,C001,2025-06-30,38.1,42.3,Mobile,4.0
U0138,C002,2025-07-19,25.9,47.0,TV,4.0
U0234,C037,2025-09-08,32.8,39.1,Desktop,5.0
U0383,C022,2025-08-30,31.6,38.5,Desktop,1.0
U0424,C040,2026-02-20,48.0,35.3,TV,5.0
U0201,C015,2025-07-26,26.2,23.4,TV,4.0
U0478,C031,2026-03-19,55.6,43.1,Desktop,2.0
U0485,C038,2025-12-05,44.4,50.5,TV,0.0
U0115,C033,2025-11-01,53.0,36.3,Tablet,3.0
U0135,C025,2025-04-24,8.7,11.2,TV,0.0
U0004,C013,2026-02-28,23.4,17.1,Mobile,5.0
U0058,C031,2026-03-20,105.5,81.8,TV,3.0
U0121,C018,2025-10-25,97.6,83.4,Mobile,1.0
U0424,C021,2026-03-10,24.5,64.6,Desktop,5.0
U0215,C031,2026-04-16,118.6,91.9,Tablet,5.0
U0163,C003,2026-02-23,1.3,3.2,TV,5.0
U0406,C006,2025-06-18,12.7,18.2,Mobile,4.0
U0303,C034,2026-02-20,27.4,57.1,Desktop,0.0
U0433,C033,2025-11-21,100.4,68.8,Desktop,1.0
U0286,C050,2025-06-25,92.4,65.5,Tablet,5.0
U0387,C029,2025-10-26,24.6,44.0,TV,3.0
U0324,C022,2026-02-28,64.0,78.0,TV,0.0
U0258,C009,2025-12-10,28.8,31.7,Mobile,0.0
U0478,C001,2025-10-13,78.8,87.5,Desktop,0.0
U0491,C016,2025-07-18,3.0,9.7,TV,5.0
U0163,C005,2026-04-03,31.2,39.5,Tablet,3.0
U0378,C012,2025-05-17,86.3,79.9,Tablet,2.0
U0301,C040,2025-06-24,82.4,60.6,Tablet,4.0
U0487,C019,2025-08-11,111.3,98.5,Desktop,1.0
U0148,C014,2025-10-23,10.2,25.5,Mobile,4.0
U0069,C013,2025-09-13,72.5,52.9,Mobile,0.0
U0194,C048,2025-08-27,27.7,69.2,Tablet,1.0
U0013,C035,2026-03-28,42.5,33.2,Tablet,0.0
U0403,C012,2025-11-16,60.8,56.3,Tablet,0.0
U0195,C010,2025-06-25,91.8,86.6,Tablet,2.0
U0461,C043,2026-04-01,47.1,67.3,Desktop,4.0
U0226,C008,2026-04-06,40.8,68.0,Tablet,5.0
U0368,C047,2025-09-09,27.1,33.4,Mobile,1.0
U0094,C012,2025-05-12,42.3,39.2,Mobile,4.0
U0219,C021,2025-05-18,21.4,56.4,Desktop,0.0
U0460,C011,2025-10-18,70.0,59.8,TV,2.0
U0063,C032,2026-04-02,39.7,52.3,Desktop,5.0
U0202,C019,2026-01-13,47.1,41.7,Tablet,3.0
U0367,C047,2025-05-07,19.0,23.5,Tablet,0.0
U0096,C037,2026-01-10,67.3,80.1,Tablet,5.0
U0270,C032,2025-05-16,41.9,55.1,Desktop,3.0
U0488,C036,2025-08-31,103.3,88.3,Mobile,3.0
U0097,C012,2025-10-14,52.1,48.2,Tablet,3.0
U0258,C033,2025-11-07,75.0,51.4,TV,0.0
U0122,C041,2025-08-15,52.2,35.3,Mobile,0.0
U0009,C018,2025-10-09,53.1,45.4,TV,0.0
U0236,C005,2025-12-06,34.0,43.1,Mobile,0.0
U0399,C010,2025-04-19,49.1,46.3,Mobile,1.0
U0102,C031,2026-03-09,55.0,42.6,Desktop,0.0
U0296,C027,2025-04-27,44.8,60.6,Tablet,0.0
U0325,C010,2025-12-10,42.0,39.6,Desktop,0.0
U0059,C039,2026-01-06,87.3,91.9,Mobile,0.0
U0468,C012,2025-06-20,27.8,25.7,Tablet,0.0
U0102,C040,2025-07-20,111.8,82.2,Tablet,1.0
U0107,C035,2025-10-24,8.6,6.7,TV,5.0
U0267,C007,2025-07-19,117.2,87.5,Tablet,4.0
U0269,C009,2025-12-20,77.9,85.6,Tablet,0.0
U0009,C038,2025-11-26,39.8,45.2,Mobile,5.0
U0477,C014,2025-09-02,31.2,78.1,Tablet,5.0
U0009,C050,2025-10-21,85.0,60.3,Tablet,1.0
U0282,C021,2025-11-26,34.0,89.6,Desktop,0.0
U0073,C031,2026-01-17,89.3,69.2,Mobile,0.0
U0307,C040,2025-05-23,53.9,39.6,TV,3.0
U0333,C007,2025-06-04,26.5,19.8,Mobile,0.0
U0360,C046,2025-05-28,14.0,29.2,Tablet,5.0
U0158,C040,2025-06-02,19.7,14.5,TV,1.0
U0218,C012,2025-07-13,95.9,88.8,Tablet,3.0
U0118,C007,2025-10-11,79.9,59.6,Mobile,3.0
U0050,C047,2025-12-22,41.1,50.7,Mobile,2.0
U0044,C013,2025-12-06,57.1,41.7,Mobile,5.0
U0446,C019,2026-01-28,74.0,65.5,Tablet,0.0
U0059,C046,2026-01-25,27.4,57.1,TV,2.0
U0016,C014,2025-05-31,17.6,44.1,Tablet,1.0
U0430,C028,2025-06-08,112.3,76.4,Desktop,4.0
U0438,C031,2026-01-02,100.4,77.8,Mobile,5.0
U0035,C008,2025-09-20,7.9,13.1,TV,0.0
U0011,C048,2026-03-14,25.2,63.0,Mobile,5.0
U0367,C037,2026-03-14,53.6,63.8,Mobile,1.0
U0128,C043,2025-08-06,25.2,36.0,Tablet,5.0
U0311,C034,2026-01-18,28.5,59.4,Tablet,2.0
U0309,C036,2026-02-02,110.6,94.5,Mobile,2.0
U0246,C037,2025-09-21,58.0,69.1,Desktop,0.0
U0378,C045,2026-02-01,24.7,24.2,Tablet,5.0
U0008,C005,2025-07-15,69.2,87.6,Desktop,0.0
U0110,C030,2025-07-21,43.7,52.7,Desktop,4.0
U0341,C043,2026-01-13,7.3,10.5,Mobile,0.0
U0190,C044,2025-12-06,41.4,67.8,Tablet,0.0
U0460,C008,2025-12-20,49.7,82.8,TV,4.0
U0261,C002,2026-02-04,50.6,92.0,Tablet,1.0
U0268,C033,2025-05-22,113.4,77.7,Desktop,0.0
U0416,C002,2025-10-07,24.1,43.9,Mobile,5.0
U0432,C012,2025-07-21,68.3,63.2,Mobile,0.0
U0262,C032,2025-12-04,33.5,44.1,Tablet,3.0
U0463,C033,2025-09-08,58.5,40.1,Tablet,4.0
U0326,C004,2025-04-26,17.2,63.7,Mobile,5.0
U0298,C028,2026-02-21,42.8,29.1,Desktop,0.0
U0250,C019,2025-05-07,71.9,63.6,Tablet,1.0
U0055,C050,2025-11-28,100.8,71.5,Mobile,3.0
U0475,C027,2025-07-31,45.5,61.5,Desktop,4.0
U0136,C040,2025-09-11,71.1,52.3,Tablet,0.0
U0079,C036,2025-08-27,87.2,74.5,Desktop,5.0
U0323,C027,2025-06-27,73.6,99.5,Desktop,1.0
U0274,C026,2025-04-27,62.1,50.9,Desktop,1.0
U0203,C031,2026-04-10,40.4,31.3,Mobile,2.0
U0012,C040,2026-01-19,77.7,57.1,Desktop,1.0
U0339,C049,2026-03-22,21.3,57.6,Desktop,0.0
U0244,C047,2025-06-15,28.8,35.6,Mobile,0.0
U0185,C018,2025-07-13,98.3,84.0,Tablet,1.0
U0333,C003,2026-03-28,37.4,89.0,Tablet,2.0
U0433,C005,2025-10-22,16.8,21.3,Mobile,5.0
U0265,C009,2025-10-17,58.1,63.8,Mobile,3.0
U0278,C047,2025-05-07,6.7,8.3,Tablet,3.0
U0435,C007,2025-12-26,89.2,66.6,Tablet,1.0
U0280,C028,2025-07-18,81.6,55.5,Tablet,3.0
U0160,C045,2025-05-18,62.5,61.3,Mobile,0.0
U0315,C009,2025-06-15,85.8,94.3,Tablet,1.0
U0127,C045,2026-04-04,20.0,19.6,Mobile,0.0
U0427,C039,2025-08-16,68.0,71.6,Desktop,0.0
U0264,C038,2025-06-07,74.2,84.3,Mobile,0.0
U0305,C042,2025-05-17,41.2,87.6,TV,0.0
U0025,C019,2025-07-18,86.1,76.2,Tablet,2.0
U0255,C027,2026-01-23,17.2,23.2,Tablet,1.0
U0276,C002,2026-03-18,40.5,73.6,Desktop,0.0
U0401,C033,2026-02-06,57.7,39.5,Tablet,5.0
U0067,C041,2025-12-21,63.9,43.2,TV,0.0
U0474,C004,2025-11-11,2.7,9.9,Mobile,0.0
U0078,C019,2025-07-27,44.1,39.0,Tablet,4.0
U0337,C031,2025-07-26,76.4,59.2,Mobile,0.0
U0041,C012,2025-05-30,86.0,79.6,TV,3.0
U0409,C034,2025-08-07,47.3,98.5,Mobile,0.0
U0243,C038,2026-04-16,37.2,42.3,Desktop,0.0
U0448,C006,2025-06-01,37.0,52.8,Tablet,0.0
U0076,C047,2025-09-17,41.5,51.2,Tablet,1.0
U0117,C028,2026-03-03,82.6,56.2,Mobile,2.0
U0284,C023,2025-12-14,56.6,48.4,Mobile,4.0
U0286,C045,2025-10-09,54.6,53.5,Mobile,0.0
U0347,C028,2025-07-05,85.1,57.9,Desktop,5.0
U0101,C005,2025-08-22,45.3,57.3,Tablet,1.0
U0395,C035,2025-10-10,70.7,55.2,Mobile,2.0
U0225,C050,2025-07-28,55.4,39.3,Desktop,2.0
U0087,C002,2025-08-01,18.8,34.2,Mobile,2.0
U0182,C046,2025-04-26,2.0,4.1,Mobile,1.0
U0169,C046,2025-12-30,38.5,80.2,Desktop,1.0
U0320,C015,2025-06-20,42.1,37.6,Mobile,4.0
U0447,C026,2025-06-02,64.3,52.7,Tablet,1.0
U0089,C018,2026-04-16,54.8,46.8,Desktop,5.0
U0274,C024,2026-03-03,45.5,59.9,Mobile,0.0
U0329,C044,2026-02-15,29.9,49.0,Mobile,0.0
U0275,C030,2025-07-05,41.5,50.0,Tablet,3.0
U0271,C033,2026-01-06,79.3,54.3,TV,1.0
U0247,C038,2025-11-02,80.0,90.9,Desktop,1.0
U0193,C015,2025-05-12,58.6,52.3,TV,0.0
U0138,C009,2026-03-15,69.2,76.0,Desktop,3.0
U0121,C016,2026-01-05,15.3,49.5,Tablet,5.0
U0081,C037,2025-11-26,11.9,14.2,Desktop,0.0
U0075,C008,2026-01-31,23.6,39.4,Mobile,0.0
U0033,C045,2026-02-09,67.8,66.5,Mobile,3.0
U0431,C041,2026-01-23,87.9,59.4,Desktop,1.0
U0197,C006,2026-02-21,45.2,64.6,TV,4.0
U0125,C042,2026-02-25,39.2,83.5,Desktop,0.0
U0162,C020,2025-09-18,71.5,65.0,Mobile,0.0
U0002,C013,2025-10-14,100.0,73.0,Desktop,0.0
U0190,C018,2025-12-29,56.5,48.3,Tablet,2.0
U0138,C006,2025-08-11,20.7,29.6,Mobile,4.0
U0047,C046,2026-02-01,42.9,89.3,Tablet,3.0
U0166,C007,2026-02-27,57.4,42.8,Mobile,1.0
U0396,C036,2025-10-30,81.2,69.4,Desktop,2.0
U0274,C047,2026-02-11,67.6,83.5,Mobile,3.0
U0120,C035,2026-03-26,70.8,55.3,Tablet,5.0
U0315,C005,2025-10-17,33.7,42.7,Tablet,5.0
U0040,C037,2026-04-18,33.9,40.3,Mobile,0.0
U0068,C028,2026-04-08,127.2,86.5,Desktop,2.0
U0008,C020,2025-07-15,7.8,7.1,TV,0.0
U0236,C032,2025-07-13,32.1,42.2,TV,2.0
U0309,C012,2025-09-03,68.7,63.6,Tablet,0.0
U0224,C018,2025-08-08,35.0,29.9,TV,4.0
U0375,C024,2026-02-25,44.1,58.0,Mobile,1.0
U0223,C050,2026-02-11,73.3,52.0,TV,2.0
U0426,C001,2026-01-16,65.5,72.8,Tablet,0.0
U0258,C011,2025-05-03,104.7,89.5,Tablet,3.0
U0334,C034,2025-06-18,10.8,22.5,Desktop,2.0
U0038,C025,2025-12-23,50.9,65.2,Mobile,0.0
U0060,C037,2025-10-29,14.0,16.7,Mobile,1.0
U0096,C028,2026-04-07,15.0,10.2,Mobile,5.0
U0292,C009,2026-03-03,12.9,14.2,Mobile,3.0
U0294,C020,2025-09-23,81.6,74.2,Desktop,5.0
U0291,C034,2026-01-23,24.1,50.2,Tablet,1.0
U0068,C039,2025-10-01,22.6,23.8,Mobile,3.0
U0407,C047,2026-04-06,48.4,59.7,Mobile,0.0
U0462,C050,2025-05-06,74.3,52.7,Tablet,0.0
U0351,C012,2026-01-17,46.1,42.7,TV,2.0
U0132,C034,2026-01-24,38.8,80.9,Tablet,3.0
U0031,C026,2026-01-23,100.3,82.2,Tablet,0.0
U0302,C036,2025-12-17,68.0,58.1,Desktop,3.0
U0156,C012,2025-10-22,40.0,37.0,Tablet,0.0
U0277,C004,2025-12-13,6.4,23.6,Mobile,2.0
U0185,C029,2025-09-02,40.5,72.4,Desktop,3.0
U0094,C047,2025-04-28,60.3,74.4,TV,0.0
U0022,C032,2025-05-31,72.7,95.7,Mobile,0.0
U0052,C006,2025-09-23,35.3,50.4,Desktop,1.0
U0413,C019,2025-05-10,85.0,75.2,Desktop,0.0
U0325,C002,2026-02-10,21.8,39.6,TV,5.0
U0407,C037,2025-08-19,80.6,95.9,Mobile,0.0
U0164,C008,2026-04-01,35.1,58.5,TV,2.0
U0325,C040,2025-12-11,120.9,88.9,Mobile,5.0
U0227,C046,2025-11-12,14.7,30.6,TV,4.0
U0381,C038,2025-06-21,48.0,54.5,TV,5.0
U0370,C001,2026-02-23,64.3,71.5,Desktop,0.0
U0450,C014,2025-04-24,15.4,38.4,Mobile,0.0
U0278,C020,2026-01-02,81.8,74.4,Desktop,3.0
U0184,C023,2026-02-23,92.3,78.9,Desktop,0.0
U0186,C025,2025-06-15,53.2,68.2,Mobile,0.0
U0280,C025,2025-08-01,74.3,95.3,Desktop,2.0
U0257,C018,2025-12-22,99.9,85.4,TV,3.0
U0358,C024,2025-06-05,24.0,31.6,TV,1.0
U0005,C014,2026-01-15,37.0,92.5,Tablet,1.0
U0131,C009,2026-04-13,47.7,52.4,Desktop,0.0
U0405,C015,2025-12-25,94.0,83.9,Mobile,3.0
U0021,C042,2025-08-04,46.4,98.8,Tablet,3.0
U0130,C016,2025-10-26,10.0,32.3,Tablet,0.0
U0407,C009,2026-02-19,38.9,42.8,Tablet,1.0
U0439,C037,2025-05-05,56.6,67.4,Mobile,0.0
U0489,C016,2026-01-06,11.8,38.2,TV,3.0
U0096,C005,2026-03-22,58.4,73.9,Mobile,0.0
U0411,C023,2026-02-17,74.9,64.0,Desktop,0.0
U0181,C034,2025-11-25,29.7,61.9,Tablet,0.0
U0396,C008,2025-12-05,39.7,66.1,Mobile,4.0
U0302,C021,2025-10-08,17.9,47.0,Mobile,4.0
U0026,C049,2025-10-09,7.3,19.7,Desktop,0.0
U0281,C025,2025-09-20,65.4,83.9,TV,1.0
U0444,C004,2026-02-28,23.7,87.6,Tablet,0.0
U0001,C004,2026-01-07,13.6,50.5,Desktop,0.0
U0340,C010,2026-01-17,34.9,32.9,Mobile,0.0
U0216,C024,2026-03-19,35.4,46.6,Mobile,0.0
U0019,C041,2025-04-29,89.1,60.2,Tablet,2.0
U0184,C009,2025-04-21,68.8,75.6,Desktop,3.0
U0048,C027,2025-10-17,48.8,65.9,Mobile,1.0
U0367,C039,2026-03-06,40.8,42.9,Mobile,3.0
U0276,C015,2026-02-26,96.9,86.5,Mobile,2.0
U0350,C044,2025-06-30,53.9,88.3,Desktop,0.0
U0484,C002,2026-02-15,14.2,25.9,Mobile,3.0
U0199,C026,2025-11-28,83.1,68.1,Mobile,1.0
U0208,C036,2026-02-19,98.9,84.5,Tablet,2.0
U0489,C049,2025-11-11,25.6,69.3,Tablet,1.0
U0186,C004,2026-02-04,9.3,34.3,Tablet,2.0
U0101,C044,2025-10-09,18.4,30.1,TV,0.0
U0155,C042,2026-02-28,38.8,82.6,Tablet,0.0
U0223,C008,2026-01-22,25.5,42.5,Desktop,5.0
U0379,C022,2025-12-28,65.8,80.2,Mobile,3.0
U0377,C032,2025-07-15,45.3,59.6,Desktop,4.0
U0160,C046,2026-04-05,7.9,16.4,Desktop,3.0
U0174,C016,2025-06-15,19.9,64.3,Desktop,1.0
U0487,C013,2025-12-13,78.6,57.4,Mobile,1.0
U0369,C018,2025-09-02,38.4,32.8,TV,2.0
U0170,C030,2025-09-16,29.1,35.1,TV,0.0
U0185,C016,2025-11-13,19.1,61.5,Tablet,5.0
U0033,C028,2025-05-29,114.4,77.8,TV,0.0
U0275,C045,2026-04-11,98.7,96.8,Tablet,3.0
U0074,C021,2026-03-10,30.4,79.9,Tablet,0.0
U0058,C016,2026-02-15,5.6,18.1,Mobile,1.0
U0093,C025,2026-03-04,59.9,76.8,TV,4.0
U0279,C038,2026-02-04,58.0,65.9,Mobile,1.0
U0398,C021,2026-01-10,30.3,79.8,Tablet,0.0
U0054,C044,2025-11-09,40.0,65.6,TV,0.0
U0073,C008,2026-03-28,16.4,27.4,TV,1.0
U0081,C014,2025-07-19,26.1,65.3,Tablet,3.0
U0409,C030,2025-12-26,26.5,31.9,Mobile,0.0
U0255,C013,2025-07-02,75.2,54.9,Mobile,4.0
U0271,C027,2026-04-05,57.3,77.4,Tablet,2.0
U0350,C021,2026-01-04,37.4,98.3,Mobile,4.0
U0424,C003,2026-02-22,22.3,53.0,Mobile,1.0
U0167,C042,2025-07-07,43.9,93.4,Tablet,5.0
U0350,C012,2025-06-25,44.6,41.3,Desktop,3.0
U0355,C008,2026-04-16,22.2,37.0,Desktop,0.0
U0102,C008,2026-03-01,28.7,47.9,Tablet,0.0
U0465,C047,2025-06-02,9.6,11.9,Tablet,5.0
U0127,C023,2026-04-06,28.1,24.0,Desktop,0.0
U0076,C011,2025-05-28,30.4,26.0,Desktop,0.0
U0148,C024,2025-08-04,41.6,54.7,Desktop,5.0
U0182,C015,2026-01-31,78.4,70.0,Mobile,2.0
U0204,C006,2025-11-11,43.8,62.5,Mobile,5.0
U0259,C011,2025-12-23,46.6,39.8,Desktop,3.0
U0348,C036,2025-10-16,105.8,90.4,Tablet,4.0
U0391,C017,2026-01-05,26.2,65.6,Tablet,5.0
U0135,C009,2025-07-03,55.1,60.6,Mobile,4.0
U0055,C049,2026-04-01,31.5,85.1,Desktop,4.0
U0418,C043,2026-03-09,32.5,46.4,Desktop,5.0
U0455,C040,2026-03-02,78.2,57.5,Tablet,5.0
U0409,C016,2025-04-19,6.5,21.0,Tablet,1.0
U0054,C016,2025-12-30,4.5,14.5,TV,5.0
U0063,C042,2025-10-16,23.0,49.0,TV,4.0
U0205,C015,2025-08-17,55.8,49.8,TV,4.0
U0142,C031,2025-06-17,20.4,15.8,Mobile,1.0
U0045,C028,2025-11-06,23.7,16.1,TV,0.0
U0292,C043,2025-08-01,15.0,21.4,TV,2.0
U0281,C032,2026-02-19,59.1,77.7,Tablet,0.0
U0342,C001,2026-02-11,21.1,23.4,Mobile,0.0
U0158,C005,2025-09-04,55.1,69.8,Tablet,0.0
U0290,C034,2025-07-14,29.2,60.8,Desktop,0.0
U0409,C039,2026-02-13,31.7,33.4,TV,4.0
U0296,C034,2025-08-09,26.9,56.0,Desktop,4.0
U0351,C037,2025-08-17,68.0,80.9,TV,1.0
U0097,C002,2025-06-05,49.0,89.1,Mobile,0.0
U0062,C038,2025-07-23,9.8,11.1,Tablet,1.0
U0145,C037,2025-11-22,78.7,93.7,Tablet,2.0
U0157,C020,2025-08-08,65.9,59.9,Tablet,3.0
U0231,C020,2025-07-13,100.0,90.9,Mobile,0.0
U0209,C016,2025-10-10,15.7,50.6,Tablet,1.0
U0290,C028,2025-09-15,99.1,67.4,TV,0.0
U0292,C045,2026-03-23,90.8,89.0,Tablet,4.0
U0005,C012,2025-12-29,51.1,47.3,Desktop,2.0
U0154,C016,2025-09-21,17.1,55.2,TV,3.0
U0202,C023,2025-06-10,76.5,65.4,TV,4.0
U0114,C020,2025-11-08,99.0,90.0,Desktop,5.0
U0312,C016,2025-06-14,27.2,87.7,TV,0.0
U0295,C018,2025-10-15,55.2,47.2,Desktop,0.0
U0025,C038,2026-04-15,34.7,39.4,Desktop,3.0
U0343,C035,2025-05-12,76.3,59.6,Mobile,0.0
U0081,C007,2026-02-13,126.9,94.7,Tablet,5.0
U0023,C031,2025-08-19,58.7,45.5,Tablet,1.0
U0173,C031,2025-10-28,9.4,7.3,Tablet,0.0
U0076,C047,2025-08-25,36.9,45.5,Desktop,5.0
U0059,C014,2025-05-04,16.0,40.1,Tablet,0.0
U0170,C038,2025-04-29,43.6,49.5,Tablet,5.0
U0041,C037,2025-07-26,65.7,78.2,TV,0.0
U0133,C045,2025-10-01,84.3,82.6,TV,0.0
U0454,C014,2026-01-27,13.2,32.9,Desktop,0.0
U0159,C030,2026-02-15,55.9,67.4,TV,0.0
U0340,C029,2026-02-26,29.0,51.8,Tablet,5.0
U0421,C035,2025-06-06,83.1,64.9,Desktop,3.0
U0441,C018,2025-10-17,104.1,89.0,Mobile,4.0
U0340,C032,2025-12-09,42.6,56.0,Mobile,1.0
U0107,C021,2025-04-26,3.6,9.4,Mobile,0.0
U0083,C036,2025-10-02,82.1,70.2,TV,4.0
U0447,C049,2025-06-17,24.7,66.8,Mobile,0.0
U0009,C009,2026-03-27,72.6,79.8,Mobile,0.0
U0012,C015,2025-09-19,46.1,41.2,Mobile,4.0
U0462,C028,2026-01-18,113.9,77.5,TV,5.0
U0417,C021,2025-06-05,25.8,68.0,Desktop,0.0
U0041,C012,2025-06-19,66.0,61.1,Desktop,1.0
U0367,C009,2025-06-01,18.9,20.8,Mobile,0.0
U0233,C046,2026-01-31,7.4,15.4,TV,4.0
U0453,C035,2025-10-04,108.9,85.1,Tablet,1.0
U0423,C017,2026-02-13,10.4,26.0,Desktop,1.0
U0026,C025,2025-12-09,36.1,46.3,Desktop,5.0
U0347,C031,2025-12-22,110.6,85.7,TV,2.0
U0202,C049,2025-06-11,30.8,83.3,Desktop,4.0
U0097,C029,2025-05-24,50.1,89.5,Mobile,3.0
U0235,C033,2025-06-20,10.8,7.4,Mobile,4.0
U0470,C005,2025-10-31,73.1,92.5,Desktop,3.0
U0078,C023,2025-12-12,25.2,21.5,Desktop,3.0
U0163,C048,2025-12-30,32.6,81.6,Desktop,2.0
U0485,C025,2025-08-24,53.0,68.0,Mobile,1.0
U0439,C019,2026-02-16,67.0,59.3,TV,3.0
U0451,C042,2026-01-23,46.5,99.0,Desktop,0.0
U0500,C019,2025-05-16,50.2,44.4,TV,0.0
U0139,C030,2025-10-10,14.1,17.0,TV,0.0
U0314,C050,2025-12-24,83.3,59.1,Tablet,2.0
U0325,C043,2025-07-03,22.3,31.9,Desktop,1.0
U0095,C029,2026-02-17,30.6,54.6,TV,3.0
U0043,C010,2025-10-05,83.3,78.6,Tablet,0.0
U0022,C010,2026-04-10,53.4,50.4,Desktop,2.0
U0126,C030,2026-03-03,47.1,56.7,TV,4.0
U0392,C012,2025-06-09,28.5,26.4,Mobile,4.0
U0343,C036,2025-09-16,36.9,31.5,Mobile,0.0
U0140,C037,2025-11-28,36.9,43.9,Mobile,0.0
U0436,C010,2025-10-06,13.6,12.8,TV,3.0
U0340,C008,2025-12-17,40.2,67.0,TV,0.0
U0054,C049,2025-11-28,28.5,77.1,Tablet,1.0
U0157,C049,2025-09-04,36.4,98.4,Desktop,3.0
U0476,C033,2025-11-20,63.5,43.5,Tablet,1.0
U0485,C026,2025-11-29,111.3,91.2,Desktop,0.0
U0152,C043,2025-09-23,15.8,22.5,Desktop,0.0
U0039,C013,2026-01-22,108.1,78.9,TV,3.0
U0112,C008,2026-02-26,25.7,42.9,Mobile,0.0
U0242,C040,2026-02-12,82.4,60.6,TV,3.0
U0354,C034,2025-12-27,11.6,24.2,Tablet,2.0
U0210,C002,2026-03-26,43.5,79.1,Desktop,3.0
U0173,C013,2025-10-28,120.3,87.8,Mobile,1.0
U0415,C012,2025-09-28,106.3,98.4,Desktop,2.0
U0432,C040,2025-06-06,51.8,38.1,Tablet,0.0
U0422,C030,2025-05-24,56.9,68.6,Tablet,4.0
U0405,C014,2025-06-12,20.2,50.5,Tablet,0.0
U0204,C030,2025-12-17,33.9,40.9,Mobile,0.0
U0098,C010,2026-03-12,89.0,84.0,Desktop,0.0
U0345,C035,2026-03-18,114.8,89.7,Tablet,4.0
U0308,C047,2026-01-06,24.1,29.7,Tablet,2.0
U0253,C025,2025-09-13,49.5,63.4,Mobile,5.0
U0335,C018,2025-11-22,85.6,73.2,Tablet,0.0
U0236,C033,2025-10-29,90.7,62.1,Desktop,3.0
U0355,C020,2026-02-19,35.9,32.6,Tablet,2.0
U0189,C045,2025-12-19,85.1,83.4,Desktop,1.0
U0316,C033,2025-12-27,122.8,84.1,TV,4.0
U0223,C041,2026-01-12,69.6,47.0,Mobile,2.0
U0138,C041,2025-09-19,91.5,61.8,TV,0.0
U0392,C029,2026-01-03,21.9,39.1,Tablet,1.0
U0287,C023,2025-10-24,93.7,80.1,Desktop,5.0
U0312,C033,2025-10-14,84.5,57.9,TV,0.0
U0205,C047,2026-04-14,71.2,87.9,Mobile,1.0
U0149,C021,2025-06-23,2.1,5.5,Tablet,0.0
U0168,C011,2025-09-17,96.5,82.5,Tablet,0.0
U0204,C026,2025-09-20,103.2,84.6,Desktop,1.0
U0274,C017,2025-12-19,28.0,69.9,Desktop,5.0
U0341,C003,2025-09-25,10.0,23.7,Tablet,1.0
U0427,C048,2026-01-09,38.2,95.6,Tablet,5.0
U0190,C001,2025-04-22,10.9,12.1,Tablet,0.0
U0304,C050,2026-01-25,136.3,96.7,TV,2.0
U0150,C007,2025-10-08,108.3,80.8,TV,2.0
U0230,C037,2025-08-05,11.5,13.7,Desktop,2.0
U0450,C042,2025-07-25,34.0,72.4,Mobile,0.0
U0139,C019,2025-12-01,85.7,75.8,Mobile,2.0
U0248,C018,2025-07-06,73.4,62.7,TV,0.0
U0155,C003,2025-12-18,33.5,79.7,TV,3.0
U0306,C028,2025-08-26,83.1,56.5,TV,2.0
U0407,C002,2026-04-13,31.8,57.9,TV,3.0
U0115,C039,2025-06-02,24.2,25.5,Desktop,1.0
U0004,C032,2026-03-28,65.7,86.4,Desktop,0.0
U0086,C045,2026-01-21,98.0,96.1,Tablet,0.0
U0338,C012,2026-02-20,26.0,24.1,Desktop,4.0
U0497,C030,2026-02-06,60.3,72.6,Desktop,3.0
U0178,C036,2026-01-20,49.8,42.6,TV,0.0
U0349,C023,2025-05-27,37.1,31.7,Mobile,2.0
U0035,C004,2025-05-22,16.6,61.4,Tablet,2.0
U0158,C018,2025-12-18,53.2,45.5,Desktop,1.0
U0225,C034,2025-08-06,39.1,81.5,Tablet,0.0
U0183,C038,2025-10-19,35.3,40.1,TV,5.0
U0462,C039,2025-10-03,36.6,38.5,Desktop,0.0
U0064,C034,2025-10-29,9.7,20.2,Desktop,5.0
U0330,C034,2025-04-20,41.7,86.9,Tablet,3.0
U0274,C012,2025-12-12,89.3,82.7,Tablet,0.0
U0005,C019,2026-03-19,80.5,71.2,TV,2.0
U0168,C043,2026-04-13,41.9,59.9,Mobile,0.0
U0263,C037,2026-01-07,67.5,80.3,Mobile,4.0
U0246,C029,2025-05-08,36.6,65.3,Mobile,1.0
U0115,C014,2025-05-11,28.4,70.9,TV,1.0
U0027,C040,2025-04-28,126.6,93.1,TV,2.0
U0117,C037,2025-08-12,3.4,4.0,TV,0.0
U0049,C046,2026-01-18,8.3,17.3,TV,0.0
U0334,C019,2025-05-06,56.2,49.7,Tablet,3.0
U0190,C029,2025-08-23,24.5,43.7,Tablet,1.0
U0326,C046,2025-10-04,41.3,86.1,Mobile,5.0
U0304,C004,2025-11-13,5.6,20.6,Mobile,5.0
U0071,C020,2026-02-01,56.2,51.1,Mobile,2.0
U0008,C022,2026-02-28,66.2,80.7,TV,5.0
U0475,C014,2026-02-04,31.4,78.4,Mobile,0.0
U0094,C047,2026-03-27,51.2,63.2,Mobile,3.0
U0126,C040,2025-06-05,48.8,35.9,Desktop,5.0
U0054,C029,2025-07-14,38.2,68.2,Tablet,2.0
U0300,C014,2025-12-01,30.8,76.9,TV,4.0
U0259,C035,2025-06-04,94.2,73.6,TV,0.0
U0065,C044,2025-10-05,49.3,80.8,Mobile,0.0
U0128,C035,2026-01-02,40.8,31.9,TV,1.0
U0063,C016,2025-08-03,2.5,8.2,Mobile,0.0
U0146,C021,2025-04-25,15.6,41.0,Tablet,0.0
U0464,C022,2025-06-03,51.7,63.0,TV,3.0
U0369,C039,2025-10-30,58.8,61.9,Mobile,4.0
U0004,C041,2026-03-09,55.9,37.8,Desktop,0.0
U0334,C022,2025-05-14,73.5,89.6,Desktop,1.0
U0178,C008,2025-11-21,20.4,34.0,Mobile,4.0
U0069,C033,2026-02-06,58.0,39.7,Desktop,1.0
U0091,C034,2025-09-21,19.8,41.3,Tablet,0.0
U0018,C007,2025-06-05,102.5,76.5,Mobile,1.0
U0494,C008,2026-03-21,9.1,15.2,Desktop,0.0
U0136,C010,2025-11-17,87.8,82.8,Mobile,1.0
U0325,C017,2025-10-18,26.1,65.3,TV,5.0
U0109,C002,2025-07-07,51.3,93.2,TV,4.0
U0388,C043,2025-10-03,64.4,92.0,TV,3.0
U0261,C030,2026-03-18,45.2,54.4,Desktop,5.0
U0426,C050,2026-02-02,70.8,50.2,Mobile,2.0
U0137,C013,2025-05-28,7.0,5.1,Mobile,5.0
U0055,C049,2025-08-29,24.8,67.1,Mobile,0.0
U0157,C014,2025-11-29,32.4,81.1,TV,3.0
U0114,C047,2025-09-12,18.5,22.9,TV,0.0
U0120,C046,2025-05-19,42.7,89.0,Tablet,0.0
U0096,C035,2025-05-09,60.8,47.5,Mobile,1.0
U0035,C042,2025-12-01,42.0,89.3,Mobile,4.0
U0335,C023,2025-09-18,82.7,70.7,Mobile,0.0
U0363,C045,2026-03-27,78.2,76.7,Desktop,5.0
U0283,C042,2026-04-07,6.6,14.1,Desktop,0.0
U0385,C018,2025-08-12,62.6,53.5,Tablet,0.0
U0382,C025,2025-06-10,48.0,61.6,Desktop,0.0
U0149,C001,2025-12-25,29.3,32.6,Tablet,0.0
U0056,C035,2025-05-23,53.0,41.4,Desktop,0.0
U0244,C001,2026-01-26,19.4,21.5,Desktop,5.0
U0018,C003,2026-04-18,33.3,79.2,Tablet,4.0
U0070,C005,2025-11-12,77.1,97.6,TV,0.0
U0031,C007,2025-05-14,129.6,96.7,Desktop,3.0
U0237,C006,2025-05-07,18.8,26.8,Mobile,0.0
U0105,C035,2025-05-22,76.2,59.5,Mobile,4.0
U0200,C032,2025-12-05,36.5,48.0,Mobile,2.0
U0057,C037,2025-12-10,79.8,95.0,Desktop,2.0
U0028,C010,2025-06-19,91.1,85.9,Desktop,0.0
U0185,C010,2025-05-28,59.1,55.8,TV,5.0
U0043,C010,2026-02-14,49.6,46.8,Desktop,2.0
U0316,C002,2025-05-04,15.9,29.0,Mobile,0.0
U0473,C009,2026-02-18,52.6,57.8,Mobile,4.0
U0069,C018,2025-10-17,95.0,81.2,Mobile,1.0
U0490,C035,2026-01-23,106.4,83.1,Tablet,5.0
U0360,C019,2026-01-07,75.7,67.0,Tablet,0.0
U0110,C030,2025-10-07,80.0,96.4,TV,2.0
U0133,C002,2026-03-01,17.5,31.8,Mobile,3.0
U0057,C037,2025-06-13,15.5,18.4,Tablet,3.0
U0378,C047,2026-01-12,42.8,52.9,Desktop,2.0
U0312,C047,2025-06-18,33.8,41.7,TV,3.0
U0138,C033,2025-05-28,120.9,82.8,Tablet,1.0
U0141,C028,2026-04-16,94.2,64.1,Tablet,4.0
U0481,C048,2026-02-09,14.8,36.9,TV,4.0
U0366,C026,2025-07-11,64.7,53.0,Mobile,0.0
U0130,C008,2025-07-08,53.4,89.0,Desktop,5.0
U0121,C009,2025-09-03,64.0,70.3,Tablet,4.0
U0367,C040,2025-08-03,98.1,72.1,Mobile,5.0
U0444,C036,2026-04-13,71.0,60.7,Mobile,3.0
U0418,C038,2026-02-23,66.1,75.1,Mobile,4.0
U0428,C016,2025-07-26,11.9,38.5,TV,4.0
U0133,C022,2025-07-29,60.4,73.7,Mobile,0.0
U0186,C014,2025-11-25,21.1,52.8,TV,2.0
U0484,C037,2025-06-30,48.4,57.6,Tablet,2.0
U0227,C010,2025-12-10,89.6,84.5,Mobile,4.0
U0260,C010,2026-02-05,39.4,37.2,Desktop,2.0
U0073,C003,2025-10-31,37.8,89.9,TV,0.0
U0240,C015,2026-03-22,101.0,90.2,TV,2.0
U0009,C001,2026-01-31,71.9,79.9,Desktop,3.0
U0360,C022,2025-10-27,27.1,33.1,Desktop,5.0
U0324,C021,2025-12-14,26.1,68.7,Mobile,1.0
U0219,C027,2025-05-18,46.9,63.4,Desktop,0.0
U0463,C009,2025-10-07,47.2,51.9,Mobile,0.0
U0016,C042,2025-09-26,33.0,70.3,TV,0.0
U0490,C050,2025-11-26,94.5,67.0,Mobile,1.0
U0336,C012,2025-05-09,92.0,85.2,TV,2.0
U0423,C002,2025-08-10,26.0,47.3,Desktop,4.0
U0159,C032,2025-06-14,63.5,83.6,Desktop,0.0
U0482,C021,2025-07-07,34.6,91.0,Desktop,2.0
U0232,C001,2026-02-18,38.2,42.5,TV,4.0
U0401,C026,2026-02-03,49.0,40.2,TV,5.0
U0320,C019,2025-10-12,49.5,43.8,Desktop,1.0
U0008,C003,2026-01-10,19.9,47.4,Desktop,0.0
U0121,C021,2026-02-23,33.2,87.3,Tablet,4.0
U0386,C025,2026-02-12,65.1,83.5,Tablet,5.0
U0130,C039,2026-01-04,74.7,78.6,Desktop,0.0
U0497,C026,2026-01-01,96.4,79.0,Mobile,0.0
U0344,C046,2026-03-19,28.9,60.3,Desktop,2.0
U0128,C001,2025-12-28,35.5,39.4,Desktop,4.0
U0034,C034,2025-06-15,30.5,63.5,Tablet,2.0
U0133,C050,2025-07-23,6.2,4.4,Desktop,0.0
U0083,C024,2026-02-05,47.3,62.2,Desktop,0.0
U0442,C002,2025-11-19,23.3,42.3,Tablet,0.0
U0422,C016,2025-12-21,12.3,39.6,Tablet,0.0
U0030,C013,2026-04-15,79.3,57.9,Mobile,0.0
U0046,C018,2026-02-01,31.8,27.2,Mobile,3.0
U0422,C030,2025-11-24,79.4,95.7,Tablet,0.0
U0390,C023,2025-07-29,78.5,67.1,TV,5.0
U0326,C030,2025-06-17,27.9,33.6,Desktop,4.0
U0062,C002,2026-02-08,29.5,53.6,Tablet,3.0
U0382,C001,2026-03-03,43.6,48.5,Desktop,2.0
U0058,C027,2025-07-19,44.6,60.3,Desktop,0.0
U0458,C013,2026-02-15,84.1,61.4,TV,2.0
U0252,C050,2025-09-10,57.1,40.5,Tablet,2.0
U0287,C007,2025-11-22,85.6,63.9,TV,5.0
U0181,C030,2025-12-31,5.6,6.7,Desktop,0.0
U0449,C026,2025-08-17,16.2,13.3,TV,5.0
U0234,C017,2026-01-16,23.6,59.1,TV,0.0
U0224,C040,2026-03-28,52.1,38.3,TV,4.0
U0384,C010,2025-08-06,45.6,43.0,Mobile,0.0
U0246,C001,2025-08-27,26.3,29.2,Desktop,1.0
U0435,C014,2026-02-28,24.3,60.8,Desktop,1.0
U0278,C019,2025-05-18,109.8,97.2,Tablet,3.0
U0415,C005,2025-11-18,38.9,49.2,Tablet,4.0
U0187,C049,2025-08-01,29.9,80.8,Desktop,0.0
U0342,C040,2025-05-08,97.2,71.5,TV,2.0
U0216,C017,2025-07-28,14.0,34.9,Mobile,1.0
U0242,C016,2025-10-07,12.2,39.5,Desktop,3.0
U0395,C005,2025-06-20,70.4,89.1,Desktop,3.0
U0191,C049,2025-08-08,26.3,71.1,Tablet,5.0
U0481,C041,2026-03-20,21.9,14.8,Tablet,0.0
U0079,C019,2025-05-05,65.2,57.7,TV,2.0
U0396,C030,2025-11-29,48.2,58.1,Tablet,0.0
U0186,C025,2025-06-17,59.4,76.2,Desktop,2.0
U0341,C047,2025-09-10,26.0,32.1,Mobile,5.0
U0096,C029,2025-10-19,33.3,59.4,Tablet,4.0
U0093,C025,2025-10-19,22.2,28.5,Tablet,4.0
U0271,C026,2026-04-07,51.1,41.9,Mobile,2.0
U0335,C025,2026-01-18,41.2,52.8,Desktop,4.0
U0281,C026,2025-12-18,80.0,65.6,Tablet,4.0
U0259,C031,2025-06-29,100.6,78.0,Tablet,3.0
U0348,C015,2025-04-19,20.5,18.3,TV,0.0
U0178,C002,2025-08-09,33.5,60.9,Desktop,3.0
U0215,C048,2025-08-28,8.1,20.3,TV,5.0
U0005,C021,2025-09-12,18.8,49.6,Tablet,3.0
U0305,C030,2025-09-26,61.4,74.0,Mobile,3.0
U0361,C002,2025-09-12,32.5,59.1,Tablet,0.0
U0441,C026,2025-12-15,68.2,55.9,Desktop,2.0
U0053,C007,2026-01-01,61.5,45.9,Tablet,2.0
U0311,C008,2025-12-17,37.8,63.0,TV,0.0
U0148,C018,2025-08-14,95.7,81.8,Tablet,3.0
U0005,C014,2025-12-09,32.8,82.1,Tablet,3.0
U0407,C036,2025-09-27,15.6,13.3,Mobile,0.0
U0217,C035,2025-07-12,121.9,95.2,Mobile,2.0
U0474,C013,2026-02-24,104.0,75.9,Tablet,0.0
U0130,C018,2026-01-13,94.8,81.0,Desktop,3.0
U0143,C029,2025-09-14,27.7,49.4,Mobile,4.0
U0204,C049,2026-04-11,7.4,20.0,TV,0.0
U0358,C039,2025-05-04,67.8,71.4,Tablet,0.0
U0277,C006,2025-07-07,17.3,24.7,Tablet,0.0
U0065,C028,2026-01-27,88.2,60.0,Tablet,5.0
U0086,C036,2025-05-25,97.1,83.0,TV,0.0
U0232,C047,2025-10-02,1.7,2.1,Tablet,4.0
U0254,C024,2025-05-05,74.9,98.5,Mobile,3.0
U0492,C011,2026-04-01,48.3,41.3,TV,5.0
U0122,C040,2026-01-21,18.1,13.3,Desktop,0.0
U0461,C011,2026-01-08,86.8,74.2,Mobile,0.0
U0415,C024,2025-09-21,60.6,79.7,Desktop,1.0
U0146,C022,2025-07-31,79.5,96.9,TV,4.0
U0402,C014,2025-11-11,31.9,79.8,TV,5.0
U0127,C026,2025-08-31,103.8,85.1,Desktop,0.0
U0065,C018,2025-11-17,92.4,79.0,Desktop,0.0
U0061,C010,2025-08-30,68.9,65.0,TV,3.0
U0191,C018,2025-11-05,48.8,41.7,TV,4.0
U0048,C037,2026-02-25,25.1,29.9,Desktop,0.0
U0203,C029,2025-11-14,13.9,24.9,Tablet,0.0
U0484,C028,2026-01-22,67.0,45.6,TV,2.0
U0053,C010,2025-05-08,77.3,72.9,Desktop,0.0
U0003,C037,2026-02-23,24.3,28.9,TV,5.0
U0071,C018,2025-10-08,64.8,55.4,Desktop,5.0
U0170,C023,2025-05-08,87.2,74.5,TV,0.0
U0342,C004,2026-04-16,22.5,83.4,Desktop,1.0
U0355,C048,2025-05-12,24.8,61.9,TV,4.0
U0478,C035,2025-05-13,74.5,58.2,TV,5.0
U0278,C031,2025-12-12,60.8,47.1,Desktop,0.0
U0451,C016,2025-05-28,28.7,92.7,Mobile,0.0
U0175,C030,2025-08-10,57.5,69.3,Desktop,5.0
U0379,C035,2026-04-05,29.2,22.8,Tablet,0.0
U0208,C012,2025-12-27,16.3,15.1,Desktop,1.0
U0157,C014,2025-08-11,34.7,86.8,Tablet,0.0
U0285,C011,2025-07-10,71.1,60.8,Tablet,0.0
U0388,C020,2025-09-28,84.5,76.8,Desktop,4.0
U0007,C006,2026-04-05,51.2,73.1,Desktop,3.0
U0006,C001,2026-02-24,62.8,69.8,Tablet,0.0
U0069,C027,2025-09-30,18.2,24.6,TV,2.0
U0100,C012,2025-06-11,43.6,40.4,Mobile,3.0
U0113,C016,2025-06-17,12.7,41.1,TV,5.0
U0238,C006,2025-07-07,52.0,74.3,Desktop,2.0
U0249,C043,2025-05-19,15.0,21.4,Tablet,5.0
U0431,C004,2025-09-09,22.4,82.8,TV,0.0
U0008,C037,2025-07-17,58.8,70.0,Tablet,5.0
U0218,C043,2026-03-03,47.4,67.7,Desktop,5.0
U0211,C008,2026-02-23,4.3,7.1,Mobile,2.0
U0154,C009,2025-10-21,29.3,32.2,Tablet,2.0
U0338,C025,2026-01-16,49.8,63.9,Mobile,2.0
U0440,C045,2026-02-18,54.7,53.6,Mobile,5.0
U0143,C028,2025-04-21,106.9,72.7,Mobile,5.0
U0434,C032,2025-09-04,64.1,84.3,Mobile,0.0
U0147,C036,2025-07-18,46.0,39.3,TV,2.0
U0400,C022,2025-04-30,65.7,80.1,Mobile,0.0
U0184,C019,2026-02-11,97.9,86.6,Desktop,2.0
U0287,C037,2026-03-07,33.3,39.7,TV,0.0
U0335,C001,2025-08-30,53.5,59.4,Tablet,4.0
U0484,C018,2025-06-27,60.4,51.6,Mobile,5.0
U0409,C003,2025-12-21,24.9,59.4,Tablet,0.0
U0157,C032,2026-01-17,48.1,63.3,Tablet,3.0
U0490,C034,2025-06-07,40.9,85.2,Mobile,3.0
U0386,C029,2025-05-22,47.3,84.5,Tablet,5.0
U0240,C009,2025-09-20,75.2,82.6,Mobile,1.0
U0338,C020,2025-06-07,46.1,41.9,Mobile,0.0
U0232,C031,2025-10-07,56.0,43.4,Tablet,0.0
U0149,C016,2025-08-03,16.8,54.2,Mobile,0.0
U0362,C016,2025-05-23,14.7,47.4,Mobile,2.0
U0248,C042,2025-05-03,14.6,31.1,Desktop,0.0
U0377,C012,2026-03-30,58.6,54.3,TV,5.0
U0042,C040,2025-12-27,14.7,10.8,TV,0.0
U0258,C049,2026-01-12,10.7,28.8,Desktop,1.0
U0349,C011,2025-07-13,81.2,69.4,TV,5.0
U0327,C021,2025-11-25,26.9,70.8,Desktop,5.0
U0061,C045,2025-12-23,59.8,58.6,Desktop,0.0
U0430,C004,2025-09-02,24.1,89.3,Mobile,2.0
U0099,C038,2025-09-14,53.8,61.1,Desktop,2.0
U0062,C036,2025-08-04,84.0,71.8,Mobile,3.0
U0217,C020,2025-12-16,63.1,57.4,Desktop,4.0
U0357,C038,2025-05-10,67.8,77.0,Desktop,1.0
U0155,C044,2026-03-19,3.3,5.4,Tablet,2.0
U0014,C025,2025-12-16,56.9,72.9,Desktop,0.0
U0189,C017,2025-07-03,15.6,39.0,Desktop,5.0
U0028,C045,2025-10-01,22.6,22.2,Tablet,4.0
U0276,C008,2025-12-09,36.5,60.9,Desktop,4.0
U0059,C022,2025-09-30,58.5,71.4,Desktop,5.0
U0335,C033,2026-02-24,90.2,61.8,Mobile,2.0
U0082,C026,2025-11-05,29.3,24.0,TV,5.0
U0270,C021,2026-01-15,30.4,79.9,TV,0.0
U0039,C027,2025-12-25,39.1,52.9,Tablet,5.0
U0057,C011,2026-01-24,107.4,91.8,Desktop,5.0
U0009,C016,2026-03-02,17.0,54.7,Tablet,0.0
U0345,C017,2025-08-16,13.3,33.3,TV,3.0
U0349,C032,2025-12-08,2.6,3.4,Desktop,1.0
U0084,C043,2025-06-12,56.1,80.2,Mobile,0.0
U0283,C018,2025-12-09,41.3,35.3,Desktop,3.0
U0193,C042,2025-10-16,14.1,30.1,Mobile,1.0
U0182,C015,2025-09-18,76.5,68.3,Tablet,5.0
U0189,C050,2026-03-30,28.2,20.0,Tablet,0.0
U0266,C024,2025-10-05,37.8,49.7,Desktop,0.0
U0220,C003,2025-10-18,18.0,42.8,Tablet,1.0
U0300,C005,2025-10-20,21.2,26.8,Desktop,0.0
U0384,C004,2026-02-27,22.8,84.5,Tablet,0.0
U0495,C030,2026-02-04,52.2,62.9,Desktop,3.0
U0469,C048,2026-03-27,23.9,59.7,Tablet,5.0
U0498,C026,2026-01-11,73.9,60.6,TV,5.0
U0223,C001,2026-01-09,39.0,43.3,TV,3.0
U0417,C016,2025-08-03,7.8,25.2,Mobile,0.0
U0065,C026,2025-11-12,19.2,15.7,Tablet,2.0
U0076,C040,2026-02-20,81.5,59.9,Mobile,5.0
U0146,C047,2025-12-23,56.9,70.2,Tablet,0.0
U0017,C038,2025-04-29,65.4,74.3,TV,0.0
U0381,C043,2025-05-25,20.7,29.6,Tablet,2.0
U0220,C039,2025-06-14,50.7,53.4,Tablet,3.0
U0068,C001,2025-06-18,38.5,42.8,Tablet,3.0
U0210,C027,2025-10-26,17.4,23.5,Desktop,5.0
U0392,C042,2025-07-30,46.5,98.9,TV,2.0
U0132,C008,2025-07-08,42.1,70.2,Tablet,0.0
U0007,C004,2025-07-16,12.6,46.6,TV,0.0
U0116,C027,2025-07-12,12.9,17.4,Desktop,4.0
U0171,C040,2025-12-27,75.8,55.7,Tablet,0.0
U0108,C030,2025-10-26,31.5,38.0,TV,1.0
U0434,C029,2026-03-24,13.7,24.4,Mobile,2.0
U0384,C035,2026-03-02,92.7,72.4,Mobile,4.0
U0429,C031,2026-02-22,69.9,54.2,TV,0.0
U0248,C045,2025-12-26,81.2,79.6,Desktop,1.0
U0019,C039,2026-03-02,78.8,83.0,Mobile,1.0
U0459,C029,2025-08-10,19.1,34.1,Desktop,3.0
U0342,C008,2025-12-31,44.6,74.3,Mobile,4.0
U0160,C021,2026-02-12,19.3,50.7,Desktop,0.0
U0412,C035,2026-03-05,23.2,18.1,Mobile,0.0
U0264,C024,2025-09-27,32.0,42.1,Mobile,4.0
U0228,C035,2025-07-13,91.3,71.3,TV,0.0
U0498,C025,2025-08-02,28.8,36.9,Desktop,1.0
U0370,C027,2025-08-06,37.9,51.2,Mobile,5.0
U0394,C028,2026-03-15,117.6,80.0,Mobile,3.0
U0359,C040,2025-10-09,14.7,10.8,TV,5.0
U0114,C006,2026-03-14,23.4,33.5,TV,3.0
U0174,C036,2025-04-25,28.0,23.9,Mobile,0.0
U0305,C042,2026-03-13,25.7,54.7,Desktop,0.0
U0010,C021,2025-04-26,10.6,27.9,TV,1.0
U0365,C018,2026-03-11,49.7,42.5,Desktop,4.0
U0459,C013,2025-09-13,52.2,38.1,TV,4.0
U0125,C037,2026-02-25,37.0,44.0,Tablet,0.0
U0447,C027,2025-10-19,14.7,19.8,Mobile,1.0
U0119,C001,2025-10-24,16.3,18.1,Desktop,1.0
U0249,C036,2025-10-09,76.2,65.1,Tablet,2.0
U0123,C028,2026-03-01,33.4,22.7,Tablet,1.0
U0429,C001,2025-07-08,87.9,97.7,Mobile,3.0
U0061,C011,2025-04-27,17.8,15.2,Desktop,0.0
U0312,C017,2025-09-11,11.2,28.1,TV,3.0
U0240,C045,2025-07-14,89.7,87.9,Desktop,2.0
U0022,C004,2025-08-12,25.4,94.1,Tablet,1.0
U0470,C032,2025-04-19,25.2,33.2,Mobile,1.0
U0147,C048,2026-02-25,18.4,46.1,Desktop,3.0
U0047,C008,2026-03-24,51.7,86.1,Tablet,1.0
U0323,C023,2026-04-19,82.1,70.2,Desktop,5.0
U0086,C039,2025-11-14,87.5,92.1,Mobile,1.0
U0359,C027,2025-12-15,41.3,55.8,Tablet,0.0
U0230,C001,2025-12-26,65.6,72.9,Tablet,0.0
U0068,C013,2025-06-12,79.6,58.1,Mobile,1.0
U0489,C013,2025-10-16,114.3,83.4,Mobile,1.0
U0067,C012,2025-12-20,66.3,61.4,Tablet,3.0
U0136,C004,2025-11-10,14.1,52.3,Mobile,4.0
U0416,C021,2025-08-02,26.6,70.1,Tablet,0.0
U0294,C048,2026-02-19,9.3,23.3,Tablet,2.0
U0494,C048,2025-06-15,25.5,63.8,Desktop,0.0
U0452,C021,2026-01-21,23.2,61.0,Tablet,3.0
U0489,C001,2025-08-22,26.6,29.5,Tablet,5.0
U0243,C047,2026-04-17,7.3,9.0,Mobile,3.0
U0096,C011,2025-11-28,16.8,14.4,Desktop,4.0
U0362,C039,2025-06-03,53.0,55.8,Tablet,1.0
U0133,C003,2025-10-06,28.6,68.1,Desktop,5.0
U0203,C030,2026-01-14,32.3,38.9,Tablet,2.0
U0471,C016,2025-05-21,25.1,81.1,TV,4.0
U0073,C003,2026-01-14,15.3,36.4,Desktop,3.0
U0143,C019,2025-09-25,36.2,32.0,Desktop,3.0
U0005,C044,2025-10-27,44.1,72.3,Tablet,0.0
U0469,C029,2025-08-14,21.8,38.9,Desktop,0.0
U0016,C001,2026-01-07,73.3,81.4,Desktop,0.0
U0397,C049,2026-02-17,11.8,31.9,Tablet,2.0
U0240,C030,2025-07-27,37.3,44.9,Mobile,2.0
U0206,C020,2026-03-28,75.2,68.4,TV,0.0
U0320,C033,2025-12-19,129.5,88.7,TV,4.0
U0028,C009,2026-03-13,62.5,68.7,Desktop,2.0
U0233,C027,2025-12-21,71.8,97.0,Desktop,0.0
U0432,C003,2026-02-17,8.6,20.4,TV,4.0
U0434,C026,2025-12-28,108.8,89.2,TV,3.0
U0249,C042,2025-05-08,10.2,21.6,Tablet,4.0
U0295,C035,2025-09-29,80.3,62.7,Tablet,0.0
U0302,C048,2026-01-20,30.2,75.5,Desktop,0.0
U0422,C027,2025-06-08,64.5,87.1,Desktop,3.0
U0132,C025,2025-08-19,12.7,16.3,Mobile,4.0
U0444,C007,2025-08-01,126.1,94.1,Desktop,4.0
U0231,C028,2025-08-20,128.0,87.1,TV,2.0
U0154,C012,2025-12-26,98.6,91.3,Tablet,4.0
U0259,C045,2025-06-30,36.1,35.4,Desktop,0.0
U0231,C034,2025-06-07,44.7,93.1,TV,0.0
U0199,C034,2026-01-28,5.2,10.9,TV,2.0
U0157,C030,2025-08-12,57.4,69.2,TV,2.0
U0013,C049,2025-08-04,20.1,54.2,Tablet,0.0
U0453,C044,2025-04-19,17.9,29.4,Tablet,0.0
U0104,C026,2026-03-30,79.3,65.0,TV,4.0
U0231,C044,2025-09-09,42.1,69.0,Tablet,1.0
U0168,C049,2025-07-21,29.6,79.9,Desktop,1.0
U0241,C028,2025-10-25,72.0,49.0,Desktop,1.0
U0350,C004,2025-05-09,16.0,59.3,Desktop,0.0
U0457,C017,2025-05-03,29.7,74.3,Desktop,5.0
U0435,C013,2025-12-22,48.4,35.3,Desktop,5.0
U0163,C031,2025-11-04,105.5,81.8,Tablet,0.0
U0024,C040,2026-04-15,99.4,73.1,Tablet,0.0
U0089,C003,2026-02-19,40.3,96.0,Desktop,0.0
U0312,C050,2025-10-25,128.5,91.1,Mobile,3.0
U0395,C028,2025-12-09,97.8,66.5,Tablet,0.0
U0431,C018,2025-10-18,75.7,64.7,Tablet,3.0
U0139,C034,2025-07-12,24.0,50.1,Tablet,5.0
U0354,C032,2025-07-28,34.2,45.0,Desktop,3.0
U0129,C044,2025-12-01,2.6,4.3,Mobile,0.0
U0337,C028,2025-05-24,7.8,5.3,Mobile,5.0
U0120,C006,2026-04-03,32.9,47.0,Mobile,2.0
U0098,C020,2025-09-27,32.3,29.4,Tablet,2.0
U0147,C035,2025-11-05,80.6,63.0,TV,0.0
U0263,C028,2025-11-06,85.6,58.2,Desktop,0.0
U0257,C034,2025-07-08,29.7,61.8,TV,0.0
U0293,C027,2025-07-04,41.1,55.5,Tablet,0.0
U0378,C042,2026-01-03,15.6,33.2,Desktop,2.0
U0216,C031,2025-08-12,102.3,79.3,Desktop,4.0
U0002,C025,2025-11-05,56.7,72.7,Mobile,1.0
U0048,C034,2025-08-24,26.2,54.6,Tablet,5.0
U0186,C022,2025-05-17,47.0,57.3,Tablet,0.0
U0121,C009,2025-06-11,39.8,43.7,Mobile,0.0
U0453,C011,2026-01-20,40.8,34.9,Tablet,1.0
U0422,C018,2025-10-01,86.2,73.7,TV,5.0
U0239,C029,2025-05-28,50.9,90.9,Tablet,2.0
U0161,C021,2025-06-24,13.2,34.7,Mobile,5.0
U0232,C048,2025-09-30,19.5,48.8,Tablet,3.0
U0030,C036,2025-07-27,61.7,52.7,Desktop,3.0
U0135,C036,2026-04-05,65.6,56.1,Mobile,4.0
U0246,C026,2025-05-21,36.8,30.2,Mobile,4.0
U0403,C043,2025-09-03,51.4,73.4,Mobile,0.0
U0476,C037,2026-04-12,46.6,55.5,Mobile,3.0
U0393,C009,2026-02-07,41.2,45.3,Desktop,3.0
U0285,C010,2026-03-04,74.8,70.6,Tablet,4.0
U0156,C039,2025-06-23,86.9,91.5,Tablet,2.0
U0168,C030,2025-09-06,46.9,56.5,Desktop,0.0
U0174,C023,2025-06-18,100.4,85.8,Desktop,0.0
U0166,C022,2025-11-07,40.3,49.2,Desktop,3.0
U0141,C046,2026-03-08,20.7,43.1,Mobile,1.0
U0033,C020,2025-06-01,81.3,73.9,Desktop,0.0
U0332,C021,2025-08-29,26.9,70.9,Mobile,4.0
U0020,C038,2025-09-15,59.9,68.1,Mobile,5.0
U0452,C010,2026-02-05,20.9,19.7,TV,2.0
U0263,C019,2025-08-05,42.1,37.3,Desktop,5.0
U0396,C028,2025-12-13,108.6,73.9,TV,2.0
U0112,C049,2025-06-11,15.4,41.7,Desktop,4.0
U0225,C015,2025-11-29,27.6,24.6,Mobile,0.0
U0290,C006,2026-02-12,22.7,32.4,Desktop,5.0
U0117,C015,2025-05-23,15.1,13.5,Mobile,3.0
U0178,C041,2025-09-01,97.2,65.7,Mobile,2.0
U0467,C014,2025-10-14,7.8,19.6,Tablet,0.0
U0373,C008,2025-11-07,35.0,58.3,Mobile,4.0
U0250,C018,2025-09-13,75.0,64.1,Tablet,0.0
U0173,C001,2025-11-02,26.6,29.5,TV,0.0
U0117,C049,2025-10-27,17.2,46.4,Mobile,4.0
U0303,C017,2025-05-01,37.8,94.4,Desktop,3.0
U0208,C019,2025-12-22,69.5,61.5,Tablet,4.0
U0420,C012,2025-08-15,37.3,34.5,Mobile,3.0
U0383,C025,2025-05-02,71.8,92.0,Desktop,0.0
U0349,C045,2025-09-03,67.5,66.2,Desktop,2.0
U0250,C023,2025-10-30,103.4,88.4,TV,1.0
U0417,C026,2025-07-07,28.3,23.2,TV,0.0
U0235,C020,2025-05-01,89.7,81.5,Tablet,5.0
U0027,C008,2025-10-31,24.4,40.6,Mobile,3.0
U0300,C049,2026-02-06,21.2,57.2,TV,1.0
U0299,C049,2025-10-29,8.4,22.6,TV,5.0
U0048,C020,2025-09-05,50.7,46.1,TV,5.0
U0148,C044,2025-09-30,26.4,43.2,Desktop,3.0
U0001,C020,2025-05-12,81.6,74.2,TV,1.0
U0194,C047,2025-09-19,74.0,91.3,Tablet,3.0
U0265,C030,2025-06-12,76.1,91.7,Mobile,1.0
U0008,C038,2026-03-13,41.2,46.8,Mobile,3.0
U0100,C004,2026-01-29,18.4,68.3,Tablet,0.0
U0044,C020,2026-03-11,65.0,59.1,Tablet,0.0
U0324,C007,2025-10-11,56.4,42.1,TV,2.0
U0155,C009,2026-03-19,79.4,87.2,Mobile,0.0
U0443,C028,2025-08-05,129.1,87.8,Mobile,1.0
U0483,C017,2025-05-31,18.9,47.3,TV,4.0
U0010,C044,2025-08-08,44.6,73.1,Mobile,1.0
U0404,C010,2025-07-03,66.9,63.1,TV,1.0
U0379,C038,2025-08-09,75.0,85.2,Mobile,0.0
U0164,C015,2025-11-08,50.4,45.0,Mobile,0.0
U0492,C043,2025-09-03,60.3,86.2,Desktop,0.0
U0295,C007,2025-07-04,62.2,46.4,Mobile,5.0
U0110,C011,2025-05-28,61.9,52.9,TV,1.0
U0065,C014,2025-11-03,24.1,60.2,Tablet,2.0
U0407,C001,2025-12-04,35.8,39.8,Desktop,4.0
U0028,C047,2026-04-02,70.6,87.1,Tablet,4.0
U0464,C016,2026-02-10,10.5,34.0,Tablet,5.0
U0119,C023,2026-01-24,74.2,63.4,Tablet,2.0
U0190,C022,2025-06-10,50.4,61.5,Desktop,1.0
U0404,C016,2026-02-02,23.7,76.3,TV,0.0
U0128,C026,2026-01-13,112.4,92.1,TV,5.0
U0202,C028,2026-03-28,115.7,78.7,Tablet,0.0
U0391,C041,2025-11-11,138.5,93.6,Tablet,2.0
U0473,C038,2025-09-05,30.4,34.5,Tablet,5.0
U0331,C045,2025-06-20,75.8,74.3,Desktop,1.0
U0139,C014,2025-09-02,25.8,64.6,Mobile,2.0
U0402,C007,2025-07-12,88.0,65.7,Desktop,3.0
U0312,C049,2025-08-02,27.7,74.8,Mobile,0.0
U0202,C033,2025-09-14,132.9,91.0,Tablet,5.0
U0107,C031,2025-08-14,60.8,47.1,TV,3.0
U0315,C028,2026-01-14,126.6,86.1,Desktop,0.0
U0147,C026,2025-08-10,102.1,83.7,Tablet,0.0
U0166,C042,2025-06-06,17.9,38.1,Desktop,2.0
U0432,C045,2026-03-06,69.2,67.8,Mobile,2.0
U0072,C048,2025-11-09,39.0,97.5,TV,3.0
U0434,C043,2025-04-28,34.0,48.5,Tablet,4.0
U0150,C037,2025-09-24,49.0,58.3,Tablet,4.0
U0456,C036,2025-07-04,38.4,32.8,Tablet,0.0
U0087,C023,2026-04-11,108.0,92.3,Desktop,3.0
U0309,C018,2026-04-01,73.1,62.5,Tablet,5.0
U0247,C043,2025-12-27,59.9,85.6,TV,0.0
U0423,C037,2026-02-09,75.7,90.1,Desktop,0.0
U0038,C017,2026-01-31,18.3,45.8,Mobile,5.0
U0013,C004,2026-04-09,26.2,97.2,Tablet,5.0
U0214,C008,2025-05-22,55.3,92.1,Mobile,0.0
U0150,C010,2025-06-23,56.3,53.1,TV,1.0
U0284,C017,2025-09-30,36.8,91.9,Tablet,0.0
U0357,C031,2025-11-19,79.7,61.8,Mobile,0.0
U0472,C035,2025-04-23,64.8,50.6,Desktop,5.0
U0362,C007,2026-03-22,114.8,85.7,Mobile,0.0
U0497,C034,2025-07-13,35.6,74.1,Tablet,5.0
U0324,C020,2025-06-15,55.8,50.7,TV,2.0
U0195,C019,2026-01-24,19.2,17.0,Mobile,4.0
U0195,C008,2025-05-21,53.8,89.6,Mobile,1.0
U0146,C004,2026-02-03,19.3,71.3,Tablet,4.0
U0095,C025,2025-05-25,12.1,15.5,Mobile,0.0
U0072,C041,2025-09-13,38.2,25.8,Tablet,3.0
U0278,C039,2025-06-08,63.8,67.2,Tablet,2.0
U0310,C019,2025-09-16,57.2,50.6,Mobile,1.0
U0055,C038,2025-11-24,61.7,70.1,TV,0.0
U0437,C012,2025-06-20,61.9,57.3,Desktop,5.0
U0335,C024,2025-08-02,50.5,66.5,TV,0.0
U0430,C015,2025-11-12,6.5,5.8,Tablet,5.0
U0093,C017,2025-07-27,8.0,20.0,Mobile,0.0
U0496,C041,2025-06-10,110.6,74.7,Mobile,2.0
U0070,C035,2025-11-12,75.8,59.2,Mobile,0.0
U0180,C043,2025-05-20,21.5,30.7,Desktop,1.0
U0007,C035,2025-10-04,91.9,71.8,TV,0.0
U0001,C018,2026-01-10,27.4,23.4,Mobile,0.0
U0191,C007,2025-09-12,52.0,38.8,Desktop,1.0
U0496,C050,2026-04-13,40.3,28.6,Mobile,5.0
U0476,C028,2025-06-25,66.2,45.0,Tablet,3.0
U0124,C002,2025-11-04,24.4,44.4,TV,0.0
U0155,C005,2025-08-21,68.9,87.2,Mobile,4.0
U0135,C019,2025-05-28,66.2,58.6,Desktop,3.0
U0019,C012,2025-08-23,24.2,22.4,Mobile,2.0
U0114,C049,2025-09-05,16.2,43.7,Mobile,4.0
U0117,C030,2025-06-29,40.0,48.2,Tablet,1.0
U0477,C016,2025-09-05,22.4,72.3,TV,2.0
U0402,C024,2026-03-09,31.5,41.5,TV,0.0
U0295,C048,2025-06-20,10.2,25.5,Tablet,1.0
U0216,C030,2025-12-17,48.0,57.8,Mobile,0.0
U0205,C021,2025-11-04,10.9,28.6,Mobile,0.0
U0184,C015,2025-08-15,93.4,83.4,Desktop,4.0
U0314,C026,2025-11-01,30.9,25.3,Desktop,1.0
U0411,C001,2025-06-07,68.8,76.4,TV,0.0
U0109,C020,2025-09-04,80.5,73.2,Desktop,1.0
U0057,C047,2026-03-07,48.3,59.6,Tablet,1.0
U0434,C038,2025-11-01,72.9,82.8,Desktop,1.0
U0232,C004,2025-08-01,16.8,62.4,TV,4.0
U0308,C019,2025-09-23,52.1,46.1,Tablet,0.0
U0024,C018,2026-01-30,11.1,9.5,Mobile,2.0
U0081,C007,2025-05-17,65.9,49.2,Mobile,1.0
U0045,C027,2025-06-04,58.0,78.4,Desktop,3.0
U0091,C026,2025-09-22,26.8,22.0,Tablet,0.0
U0065,C023,2025-09-20,106.6,91.1,Desktop,3.0
U0024,C020,2025-10-18,75.2,68.4,Mobile,2.0
U0049,C043,2025-10-04,55.0,78.6,TV,3.0
U0116,C032,2025-05-05,73.1,96.2,TV,2.0
U0051,C025,2025-06-14,31.7,40.7,TV,4.0
U0253,C005,2025-11-04,32.2,40.8,Desktop,0.0
U0001,C019,2025-07-07,90.6,80.2,Tablet,5.0
U0274,C050,2025-06-08,52.5,37.2,Desktop,2.0
U0007,C048,2025-07-04,9.2,23.1,Mobile,4.0
U0232,C032,2025-05-20,44.2,58.1,Desktop,4.0
U0242,C042,2025-10-06,9.0,19.2,Mobile,2.0
U0340,C005,2025-10-08,71.7,90.7,Mobile,2.0
U0245,C041,2025-08-17,141.0,95.3,Tablet,4.0
U0219,C014,2026-04-09,28.3,70.7,TV,3.0
U0080,C005,2025-05-07,43.1,54.5,Desktop,2.0
U0043,C006,2025-10-19,63.3,90.4,Tablet,5.0
U0173,C050,2025-05-03,117.5,83.3,Mobile,0.0
U0074,C017,2025-07-11,17.8,44.4,Tablet,3.0
U0107,C009,2025-09-07,54.4,59.8,Tablet,2.0
U0176,C037,2025-11-19,5.2,6.2,Desktop,0.0
U0049,C007,2025-06-05,130.0,97.0,TV,0.0
U0359,C028,2025-07-12,80.6,54.8,Desktop,5.0
U0455,C024,2026-02-08,34.0,44.8,TV,0.0
U0493,C016,2025-06-29,13.6,43.9,Tablet,3.0
U0241,C027,2025-12-28,42.6,57.6,Desktop,1.0
U0417,C037,2026-01-10,64.1,76.3,Desktop,1.0
U0003,C027,2026-01-16,49.5,66.9,TV,5.0
U0057,C010,2025-11-21,59.7,56.3,Tablet,0.0
U0306,C015,2025-11-27,71.3,63.7,Desktop,1.0
U0351,C018,2025-08-13,72.3,61.8,Mobile,1.0
U0467,C023,2025-04-27,74.8,63.9,TV,4.0
U0336,C004,2025-12-17,11.9,43.9,Mobile,1.0
U0232,C036,2025-07-22,96.2,82.2,Desktop,4.0
U0029,C037,2025-07-12,78.5,93.5,Tablet,2.0
U0393,C047,2025-11-25,49.0,60.5,Desktop,5.0
U0442,C034,2025-12-15,4.3,9.0,TV,3.0
U0471,C018,2025-05-31,18.1,15.5,Desktop,0.0
U0386,C014,2026-03-25,18.9,47.3,Desktop,4.0
U0277,C039,2025-10-21,39.6,41.7,Tablet,0.0
U0437,C022,2025-04-21,78.9,96.2,Tablet,1.0
U0291,C046,2025-12-27,21.8,45.5,Desktop,1.0
U0026,C042,2026-03-08,17.6,37.4,TV,5.0
U0461,C034,2025-08-01,28.8,60.0,Mobile,0.0
U0488,C034,2025-04-22,24.8,51.7,TV,1.0
U0327,C005,2025-09-09,38.7,49.0,Mobile,4.0
U0110,C022,2025-07-17,59.7,72.8,Desktop,2.0
U0159,C030,2025-11-25,58.1,70.0,Mobile,0.0
U0473,C026,2025-06-07,88.8,72.8,Tablet,3.0
U0135,C003,2025-04-26,32.7,77.9,Mobile,2.0
U0460,C039,2026-04-01,41.3,43.5,Mobile,2.0
U0048,C007,2025-12-18,73.2,54.6,Tablet,0.0
U0044,C037,2026-02-27,57.6,68.6,Desktop,4.0
U0102,C011,2026-03-18,106.4,90.9,Mobile,1.0
U0497,C035,2025-08-30,61.8,48.3,TV,2.0
U0168,C029,2026-03-17,46.4,82.9,Desktop,3.0
U0336,C038,2025-11-16,73.7,83.8,Desktop,0.0
U0240,C050,2026-04-05,134.1,95.1,TV,2.0
U0220,C036,2025-09-19,115.1,98.4,Desktop,0.0
U0078,C033,2025-10-25,42.6,29.2,Desktop,1.0
U0163,C005,2025-08-14,69.4,87.9,TV,2.0
U0055,C016,2025-05-20,0.6,2.0,Mobile,3.0
U0470,C037,2025-04-27,42.6,50.7,Desktop,2.0
U0407,C031,2025-05-08,105.4,81.7,Tablet,4.0
U0259,C025,2025-09-20,62.7,80.4,Mobile,0.0
U0038,C004,2026-01-31,23.4,86.6,TV,2.0
U0111,C044,2025-05-07,32.0,52.4,Tablet,0.0
U0388,C040,2025-07-10,55.9,41.1,Tablet,0.0
U0193,C024,2025-08-05,36.9,48.6,Tablet,2.0
U0152,C003,2026-02-03,29.8,70.9,Desktop,1.0
U0399,C018,2025-06-01,18.0,15.4,TV,0.0
U0346,C025,2025-12-07,35.7,45.8,Desktop,0.0
U0429,C006,2025-12-01,54.7,78.1,Mobile,2.0
U0011,C024,2025-12-07,68.5,90.1,Mobile,0.0
U0465,C022,2026-01-09,52.7,64.3,Desktop,2.0
U0005,C002,2025-06-10,37.2,67.7,Desktop,4.0
U0134,C030,2026-01-08,75.5,91.0,Desktop,1.0
U0252,C006,2025-05-22,40.6,58.0,Mobile,5.0
U0130,C025,2026-02-13,31.6,40.5,Tablet,5.0
U0146,C044,2026-02-21,59.7,97.9,Tablet,4.0
U0072,C043,2025-07-24,41.6,59.4,Desktop,4.0
U0256,C043,2025-12-01,42.1,60.1,Mobile,3.0
U0201,C043,2026-02-18,7.1,10.2,TV,0.0
U0302,C002,2025-07-30,43.8,79.7,Mobile,2.0
U0489,C042,2025-09-21,13.3,28.4,Desktop,1.0
U0461,C027,2026-03-12,61.6,83.3,Desktop,5.0
U0007,C006,2025-07-13,66.8,95.4,Mobile,4.0
U0002,C020,2025-08-10,12.3,11.2,TV,3.0
U0451,C039,2025-08-07,90.5,95.3,Mobile,1.0
U0362,C015,2025-09-14,101.4,90.5,Tablet,0.0
U0274,C042,2025-05-02,22.0,46.8,Tablet,3.0
U0035,C023,2025-06-17,87.8,75.0,TV,5.0
U0235,C001,2025-07-15,81.7,90.8,Mobile,0.0
U0179,C044,2025-07-24,31.4,51.4,Desktop,0.0
U0286,C038,2026-01-07,45.8,52.1,TV,4.0
U0015,C049,2026-03-26,26.3,71.0,Mobile,3.0
U0254,C031,2025-04-23,51.3,39.8,Desktop,2.0
U0475,C016,2026-01-02,12.8,41.3,Mobile,4.0
U0336,C026,2026-02-23,113.6,93.1,Desktop,3.0
U0082,C012,2025-11-29,55.9,51.8,Mobile,3.0
U0359,C045,2025-07-20,77.3,75.8,TV,0.0
U0096,C036,2025-07-23,67.6,57.8,TV,3.0
U0275,C007,2025-12-18,44.0,32.8,Tablet,1.0
U0499,C039,2026-01-28,7.4,7.8,Mobile,5.0
U0226,C007,2025-11-07,118.2,88.2,Desktop,3.0
U0036,C009,2026-04-17,65.2,71.7,Mobile,3.0
U0273,C029,2026-01-25,42.4,75.7,TV,5.0
U0023,C001,2026-01-02,74.0,82.2,Desktop,3.0
U0486,C029,2025-10-10,39.4,70.4,Mobile,4.0
U0120,C042,2025-12-15,13.4,28.6,Tablet,5.0
U0321,C003,2025-12-14,18.9,45.0,Desktop,0.0
U0083,C015,2026-03-23,38.5,34.4,Mobile,0.0
U0401,C032,2025-05-03,44.2,58.1,Tablet,0.0
U0133,C045,2025-10-09,89.0,87.3,TV,0.0
U0358,C021,2025-09-08,33.0,86.9,TV,1.0
U0201,C043,2025-09-18,36.5,52.1,Tablet,3.0
U0463,C032,2025-07-15,63.6,83.7,Desktop,1.0
U0170,C047,2026-03-02,21.1,26.0,Tablet,1.0
U0475,C033,2026-03-10,80.0,54.8,TV,3.0
U0380,C015,2026-03-06,62.2,55.5,Desktop,5.0
U0214,C032,2025-06-19,21.4,28.2,TV,3.0
U0242,C001,2025-11-04,20.4,22.7,TV,1.0
U0125,C047,2025-09-27,52.4,64.7,TV,0.0
U0391,C047,2025-11-08,77.2,95.3,Mobile,3.0
U0090,C035,2025-07-04,58.6,45.8,Desktop,3.0
U0024,C045,2025-07-07,38.0,37.3,TV,1.0
U0326,C023,2025-08-25,115.7,98.9,Mobile,0.0
U0216,C009,2025-10-09,70.3,77.2,Mobile,1.0
U0176,C002,2025-08-02,49.8,90.6,Desktop,0.0
U0072,C030,2025-08-04,40.7,49.0,Desktop,5.0
U0252,C040,2026-02-01,124.3,91.4,Mobile,0.0
U0073,C016,2025-11-28,24.6,79.4,Tablet,1.0
U0095,C030,2025-07-05,53.5,64.4,TV,2.0
U0115,C034,2025-05-14,22.8,47.4,Mobile,1.0
U0324,C049,2025-11-13,16.9,45.8,Mobile,3.0
U0119,C021,2026-01-06,6.5,17.2,Mobile,5.0
U0214,C009,2025-06-25,77.2,84.8,Desktop,2.0
U0129,C025,2025-07-26,7.6,9.8,Tablet,1.0
U0494,C028,2025-12-08,75.9,51.6,TV,0.0
U0089,C049,2025-09-14,18.9,51.0,Tablet,2.0
U0082,C001,2025-08-06,60.4,67.1,Tablet,0.0
U0011,C016,2025-07-16,21.1,68.1,Desktop,5.0
U0065,C044,2026-02-12,51.2,83.9,Desktop,5.0
U0111,C018,2025-12-19,84.0,71.8,Mobile,1.0
U0258,C023,2025-12-11,86.2,73.7,Desktop,2.0
U0153,C024,2025-12-01,12.6,16.6,Desktop,0.0
U0127,C017,2025-07-25,15.8,39.6,Desktop,3.0
U0313,C005,2025-06-23,18.6,23.6,TV,0.0
U0459,C006,2025-10-31,33.4,47.7,TV,0.0
U0469,C006,2025-07-09,52.1,74.5,Mobile,1.0
U0009,C027,2026-01-05,19.5,26.3,TV,5.0
U0033,C029,2025-09-30,41.0,73.2,Mobile,4.0
U0028,C047,2025-10-23,39.5,48.8,Desktop,2.0
U0291,C005,2025-12-25,49.4,62.5,Tablet,0.0
U0396,C002,2025-06-12,19.6,35.7,Tablet,4.0
U0150,C023,2025-08-07,109.2,93.3,Desktop,3.0
U0254,C036,2025-12-02,52.5,44.9,TV,0.0
U0088,C039,2025-04-20,91.3,96.1,Desktop,1.0
U0209,C044,2026-02-03,48.5,79.5,Desktop,0.0
U0404,C028,2025-11-27,131.7,89.6,Desktop,2.0
U0089,C005,2025-05-25,41.9,53.0,Tablet,0.0
U0052,C035,2026-01-28,102.5,80.1,Desktop,1.0
U0408,C016,2025-06-18,6.4,20.5,Mobile,5.0
U0345,C025,2025-05-18,37.9,48.6,Mobile,0.0
U0276,C037,2026-01-30,47.9,57.0,Desktop,4.0
U0195,C039,2025-06-28,7.2,7.6,Tablet,2.0
U0247,C012,2025-09-29,20.2,18.7,Tablet,0.0
U0234,C008,2025-12-14,37.7,62.8,TV,0.0
U0093,C014,2025-10-31,13.2,33.0,TV,5.0
U0330,C020,2025-10-24,60.2,54.7,Tablet,1.0
U0174,C025,2025-08-16,61.4,78.7,Desktop,2.0
U0229,C047,2026-02-11,39.2,48.4,Tablet,5.0
U0073,C028,2026-01-21,111.0,75.5,Tablet,5.0
U0226,C035,2025-09-17,105.2,82.2,Tablet,4.0
U0147,C003,2026-01-12,9.7,23.1,TV,4.0
U0195,C005,2026-03-11,39.9,50.5,Mobile,1.0
U0488,C044,2025-10-13,20.6,33.7,TV,0.0
U0321,C043,2026-03-31,18.8,26.9,Tablet,3.0
U0378,C027,2025-08-11,42.3,57.2,Tablet,3.0
U0262,C031,2025-07-01,73.8,57.2,Desktop,2.0
U0374,C015,2025-05-13,46.3,41.3,Desktop,2.0
U0479,C004,2025-07-03,18.3,67.6,Desktop,3.0
U0049,C006,2026-01-26,41.0,58.6,Mobile,3.0
U0099,C002,2025-08-12,8.9,16.1,Tablet,4.0
U0028,C031,2025-07-18,50.7,39.3,TV,5.0
U0296,C031,2025-05-10,86.7,67.2,Desktop,0.0
U0252,C008,2025-05-19,20.5,34.1,Tablet,1.0
U0265,C048,2026-01-19,7.4,18.4,Mobile,2.0
U0040,C032,2025-10-04,11.6,15.2,TV,2.0
U0442,C016,2026-03-31,8.9,28.8,TV,2.0
U0419,C012,2026-04-04,99.3,91.9,Tablet,0.0
U0250,C036,2026-03-21,32.9,28.1,Mobile,2.0
U0272,C011,2026-01-30,99.2,84.8,Tablet,0.0
U0219,C032,2025-05-10,52.7,69.3,Desktop,2.0
U0472,C008,2025-10-22,40.4,67.3,Mobile,1.0
U0353,C039,2025-12-23,45.8,48.2,TV,3.0
U0116,C022,2025-11-04,50.7,61.8,Mobile,0.0
U0247,C018,2025-12-21,88.3,75.5,TV,0.0
U0225,C018,2025-05-07,14.6,12.5,Mobile,4.0
U0379,C017,2025-11-03,16.8,41.9,Mobile,5.0
U0361,C012,2025-12-19,103.4,95.7,Tablet,0.0
U0293,C039,2025-07-22,18.6,19.6,TV,1.0
U0120,C007,2025-11-06,116.2,86.7,Tablet,3.0
U0205,C034,2026-01-09,29.0,60.5,TV,1.0
U0452,C038,2025-11-13,65.2,74.1,Desktop,4.0
U0056,C030,2026-03-10,65.0,78.3,Mobile,2.0
U0206,C033,2026-01-28,60.6,41.5,Desktop,2.0
U0232,C002,2026-01-01,31.6,57.4,TV,0.0
U0362,C012,2025-06-30,37.9,35.1,TV,0.0
U0353,C040,2026-01-13,57.0,41.9,Mobile,2.0
U0345,C016,2026-02-24,15.4,49.7,Mobile,3.0
U0052,C042,2025-06-15,14.7,31.3,Desktop,4.0
U0343,C002,2026-01-17,8.5,15.5,Mobile,4.0
U0308,C020,2026-03-14,45.5,41.4,Mobile,1.0
U0214,C018,2025-09-01,16.0,13.7,TV,0.0
U0318,C035,2025-11-02,96.8,75.6,TV,5.0
U0167,C006,2025-06-03,46.9,67.0,Tablet,5.0
U0039,C043,2025-08-17,13.4,19.1,Desktop,4.0
U0296,C038,2025-11-23,39.1,44.4,Tablet,3.0
U0089,C050,2025-04-26,78.0,55.3,TV,0.0
U0428,C005,2026-01-24,35.3,44.7,Mobile,5.0
U0319,C015,2025-08-19,94.6,84.5,Desktop,1.0
U0002,C025,2025-06-26,26.8,34.4,Desktop,0.0
U0413,C020,2025-08-15,91.0,82.7,Desktop,2.0
U0190,C007,2026-02-01,73.4,54.8,TV,0.0
U0146,C016,2026-03-10,20.7,66.8,Tablet,1.0
U0105,C022,2025-08-15,53.0,64.6,TV,2.0
U0432,C041,2026-02-02,96.5,65.2,Mobile,5.0
U0442,C031,2026-02-06,70.4,54.6,Desktop,0.0
U0020,C049,2025-08-18,28.4,76.7,Tablet,0.0
U0479,C018,2025-07-14,83.2,71.1,Tablet,2.0
U0302,C035,2025-10-06,124.0,96.9,Tablet,4.0
U0437,C042,2025-09-04,21.0,44.6,Tablet,0.0
U0042,C002,2025-09-20,34.1,62.0,Tablet,5.0
U0184,C027,2026-03-31,31.2,42.2,Tablet,0.0
U0352,C007,2025-11-17,91.1,68.0,Desktop,0.0
U0146,C045,2026-03-11,31.5,30.9,Tablet,3.0
U0265,C021,2026-03-07,2.0,5.2,Desktop,2.0
U0176,C020,2025-11-18,10.6,9.6,Desktop,5.0
U0288,C028,2025-07-02,31.6,21.5,TV,5.0
U0229,C008,2026-04-02,11.0,18.3,TV,5.0
U0362,C032,2025-10-14,46.9,61.7,Mobile,4.0
U0211,C049,2026-01-24,30.7,82.9,Tablet,5.0
U0287,C004,2025-09-23,17.8,66.0,Mobile,0.0
U0395,C006,2025-10-12,49.6,70.9,Desktop,0.0
U0389,C019,2026-02-21,82.7,73.2,Tablet,2.0
U0180,C034,2026-04-01,26.8,55.9,Desktop,4.0
U0217,C014,2025-10-22,25.8,64.5,Tablet,3.0
U0400,C039,2025-12-31,65.5,68.9,Mobile,4.0
U0494,C010,2025-11-16,25.0,23.6,Mobile,2.0
U0452,C015,2025-10-14,96.5,86.2,Tablet,2.0
U0454,C028,2025-05-22,98.0,66.7,Tablet,2.0
U0276,C021,2025-09-15,26.1,68.6,TV,3.0
U0140,C044,2026-04-19,36.7,60.1,TV,0.0
U0301,C023,2026-02-07,73.1,62.5,Tablet,1.0
U0013,C017,2025-06-22,21.0,52.4,Mobile,0.0
U0163,C049,2026-04-15,18.2,49.2,Mobile,3.0
U0436,C018,2026-02-28,91.0,77.8,Desktop,0.0
U0382,C019,2025-07-06,77.2,68.3,TV,4.0
U0337,C028,2025-10-12,108.6,73.9,Desktop,2.0
U0221,C003,2025-11-04,40.2,95.6,Mobile,0.0
U0031,C048,2025-12-03,13.8,34.4,Tablet,5.0
U0161,C006,2025-05-17,9.6,13.7,TV,2.0
U0219,C005,2025-09-19,39.0,49.4,Tablet,3.0
U0250,C043,2025-04-30,0.1,0.2,Tablet,3.0
U0454,C010,2026-04-05,59.9,56.5,TV,0.0
U0270,C042,2026-01-16,39.9,84.8,Desktop,0.0
U0374,C012,2025-07-02,71.7,66.4,Mobile,1.0
U0143,C031,2026-02-18,92.9,72.0,Mobile,1.0
U0029,C023,2025-10-14,24.7,21.1,TV,2.0
U0158,C029,2025-07-20,36.6,65.3,TV,0.0
U0134,C030,2025-07-28,63.1,76.0,TV,1.0
U0053,C002,2025-11-25,45.5,82.8,Desktop,5.0
U0183,C006,2025-05-04,31.1,44.4,Tablet,1.0
U0474,C032,2025-10-05,65.9,86.7,TV,0.0
U0259,C044,2025-06-16,21.7,35.5,Tablet,5.0
U0163,C035,2026-01-02,114.4,89.4,TV,1.0
U0449,C040,2025-10-02,122.8,90.3,Tablet,1.0
U0185,C034,2025-06-24,45.0,93.8,Desktop,0.0
U0276,C014,2025-10-11,9.6,24.0,Mobile,5.0
U0133,C025,2025-11-08,23.2,29.7,TV,0.0
U0053,C045,2026-02-17,66.9,65.6,Mobile,5.0
U0301,C048,2025-11-01,25.9,64.7,Mobile,1.0
U0452,C042,2025-06-10,32.7,69.6,TV,1.0
U0006,C029,2025-10-08,21.3,38.0,Tablet,1.0
U0315,C036,2025-08-19,68.3,58.4,Tablet,0.0
U0384,C020,2025-10-03,86.0,78.2,Desktop,3.0
U0303,C007,2025-04-25,57.4,42.8,TV,4.0
U0043,C040,2025-09-10,4.4,3.2,Desktop,0.0
U0341,C017,2025-07-21,15.0,37.4,Desktop,0.0
U0352,C006,2025-08-10,37.9,54.1,Tablet,0.0
U0016,C034,2026-04-10,15.5,32.2,Mobile,4.0
U0002,C001,2025-10-20,32.8,36.4,TV,2.0
U0067,C049,2025-07-16,29.1,78.6,Desktop,0.0
U0024,C042,2025-05-10,37.6,80.0,Tablet,4.0
U0066,C017,2025-05-08,33.0,82.4,Desktop,4.0
U0416,C003,2025-04-19,38.9,92.6,Tablet,0.0
U0413,C025,2025-06-09,31.5,40.4,Desktop,1.0
U0007,C027,2025-11-20,71.3,96.3,TV,5.0
U0043,C041,2025-05-12,84.2,56.9,TV,0.0
U0019,C007,2025-07-23,42.6,31.8,Tablet,4.0
U0451,C025,2025-11-24,43.7,56.0,Tablet,4.0
U0066,C009,2025-08-15,29.8,32.7,Tablet,5.0
U0302,C018,2026-01-11,68.7,58.7,Mobile,0.0
U0169,C008,2025-05-05,29.8,49.6,Desktop,3.0
U0087,C046,2026-04-17,26.3,54.8,TV,2.0
U0415,C037,2025-10-18,71.1,84.6,Desktop,3.0
U0184,C006,2025-08-04,24.1,34.5,Desktop,4.0
U0374,C026,2025-08-03,89.8,73.6,Tablet,5.0
U0321,C034,2025-12-31,29.2,60.9,Desktop,1.0
U0397,C043,2026-01-21,24.2,34.6,Mobile,5.0
U0392,C008,2025-07-06,40.3,67.2,TV,2.0
U0275,C047,2025-10-08,40.8,50.4,Tablet,3.0
U0010,C040,2026-02-23,85.7,63.0,Desktop,1.0
U0326,C013,2025-06-06,20.4,14.9,Desktop,3.0
U0359,C040,2026-03-22,80.8,59.4,Mobile,4.0
U0326,C019,2025-08-24,95.3,84.3,Mobile,5.0
U0384,C042,2025-06-25,14.0,29.8,Desktop,1.0
U0314,C027,2026-01-10,21.4,28.9,Tablet,1.0
U0455,C008,2025-05-08,34.0,56.6,Mobile,5.0
U0026,C037,2026-03-18,31.5,37.5,Tablet,4.0
U0328,C010,2025-05-27,72.0,67.9,Desktop,1.0
U0396,C043,2026-02-05,48.0,68.5,TV,2.0
U0336,C045,2026-02-21,84.4,82.7,Mobile,0.0
U0430,C022,2025-05-04,32.0,39.0,Tablet,0.0
U0476,C023,2025-09-04,47.6,40.7,Mobile,3.0
U0456,C028,2025-12-08,55.0,37.4,Desktop,2.0
U0070,C004,2026-02-03,19.2,71.0,TV,3.0
U0294,C005,2025-11-23,13.6,17.2,TV,2.0
U0228,C048,2025-04-24,37.7,94.2,TV,1.0
U0370,C042,2026-03-19,32.6,69.3,Desktop,2.0
U0094,C027,2026-01-05,38.0,51.4,TV,1.0
U0384,C026,2025-08-12,5.2,4.3,Mobile,3.0
U0259,C005,2025-09-30,69.8,88.4,TV,1.0
U0050,C020,2025-12-21,89.7,81.5,TV,3.0
U0278,C012,2025-12-08,81.6,75.6,TV,4.0
U0293,C031,2025-12-15,69.5,53.9,Mobile,2.0
U0010,C024,2025-06-07,49.0,64.5,Desktop,4.0
U0428,C020,2026-01-04,40.5,36.8,Mobile,1.0
U0441,C027,2025-05-14,50.3,68.0,Desktop,1.0
U0443,C008,2026-02-08,30.4,50.6,Mobile,4.0
U0025,C008,2025-07-05,28.9,48.1,Desktop,5.0
U0148,C040,2025-12-04,52.6,38.7,Desktop,0.0
U0181,C024,2025-11-12,47.3,62.2,TV,1.0
U0332,C047,2025-11-20,57.8,71.3,TV,2.0
U0110,C040,2025-06-15,132.1,97.1,TV,2.0
U0383,C039,2025-08-21,49.0,51.6,TV,4.0
U0328,C008,2025-11-05,51.7,86.2,TV,2.0
U0001,C020,2025-05-23,92.2,83.8,Tablet,4.0
U0303,C032,2025-10-30,42.9,56.4,Mobile,3.0
U0179,C046,2025-08-07,42.6,88.8,Tablet,1.0
U0191,C046,2025-12-22,42.0,87.5,Mobile,4.0
U0434,C003,2025-07-27,40.5,96.4,TV,3.0
U0018,C032,2025-04-28,61.8,81.3,TV,4.0
U0051,C026,2025-05-21,83.6,68.5,Tablet,2.0
U0206,C044,2025-12-13,13.2,21.7,Desktop,1.0
U0451,C044,2025-09-19,42.1,69.0,Mobile,2.0
U0066,C009,2025-10-15,33.9,37.2,Desktop,5.0
U0177,C007,2026-01-01,125.7,93.8,Tablet,5.0
U0159,C011,2026-01-07,56.7,48.5,Desktop,1.0
U0246,C046,2025-09-26,36.5,76.1,Mobile,4.0
U0138,C034,2025-04-21,29.7,61.9,Tablet,4.0
U0370,C015,2025-12-21,87.7,78.3,Desktop,2.0
U0423,C002,2025-05-26,37.7,68.6,Tablet,0.0
U0460,C047,2026-01-11,58.3,72.0,Mobile,0.0
U0454,C033,2026-04-19,124.8,85.5,Desktop,0.0
U0408,C011,2026-04-07,57.9,49.5,Tablet,0.0
U0473,C007,2026-01-24,78.8,58.8,Desktop,5.0
U0171,C040,2025-11-22,114.0,83.8,Desktop,0.0
U0192,C044,2025-05-14,15.4,25.2,TV,0.0
U0110,C025,2025-07-17,10.7,13.7,Mobile,4.0
U0304,C014,2026-03-11,23.6,58.9,Mobile,3.0
U0399,C018,2025-10-07,104.0,88.9,Desktop,0.0
U0485,C005,2026-04-11,52.4,66.3,Mobile,0.0
U0057,C012,2025-11-16,107.0,99.1,Tablet,1.0
U0240,C031,2025-12-09,25.3,19.6,Desktop,5.0
U0239,C025,2025-10-02,75.7,97.0,Tablet,4.0
U0430,C005,2025-09-23,71.3,90.2,TV,3.0
U0269,C034,2025-10-07,31.4,65.5,Desktop,0.0
U0116,C043,2025-10-30,17.3,24.7,TV,3.0
U0220,C030,2025-06-23,24.6,29.6,Desktop,3.0
U0350,C002,2026-03-15,15.5,28.1,Tablet,4.0
U0008,C015,2025-09-20,37.6,33.6,Tablet,4.0
U0028,C008,2026-03-08,41.0,68.4,Desktop,2.0
U0279,C010,2025-07-09,103.3,97.5,Mobile,1.0
U0473,C016,2026-03-10,14.6,47.0,Desktop,0.0
U0058,C028,2025-10-24,140.2,95.4,Tablet,1.0
U0406,C018,2026-03-19,92.1,78.7,Desktop,5.0
U0258,C020,2026-03-31,51.1,46.5,TV,5.0
U0044,C031,2025-05-19,70.4,54.6,TV,0.0
U0014,C011,2025-07-03,104.2,89.1,Desktop,0.0
U0293,C022,2025-05-24,35.7,43.5,Mobile,0.0
U0174,C049,2025-05-22,29.0,78.3,Tablet,0.0
U0458,C037,2026-04-05,44.4,52.9,Desktop,5.0
U0325,C041,2026-01-17,114.7,77.5,TV,0.0
U0388,C036,2025-09-25,67.3,57.5,Tablet,5.0
U0032,C001,2026-04-05,56.9,63.2,Tablet,4.0
U0326,C043,2026-01-18,49.1,70.1,Desktop,0.0
U0117,C015,2025-05-02,45.7,40.8,Tablet,1.0
U0468,C049,2025-08-25,14.6,39.5,Mobile,3.0
U0156,C045,2025-07-17,74.2,72.7,Tablet,0.0
U0439,C022,2025-04-23,5.6,6.8,TV,5.0
U0297,C046,2026-03-22,40.8,85.1,Mobile,0.0
U0248,C037,2025-10-02,49.6,59.1,TV,2.0
U0175,C030,2025-09-19,29.6,35.7,Desktop,1.0
U0260,C022,2025-05-29,74.5,90.9,Mobile,3.0
U0260,C017,2026-01-18,39.6,98.9,Desktop,5.0
U0489,C042,2026-02-22,39.9,84.9,Tablet,5.0
U0281,C031,2025-09-02,23.7,18.4,Tablet,2.0
U0306,C024,2026-01-02,58.1,76.4,Tablet,0.0
U0193,C015,2025-12-25,27.4,24.5,Tablet,0.0
U0344,C006,2026-02-13,25.9,37.0,Desktop,3.0
U0306,C027,2025-07-28,63.3,85.6,Desktop,1.0
U0104,C011,2026-02-13,82.3,70.3,Desktop,1.0
U0144,C025,2025-10-31,3.4,4.3,TV,4.0
U0117,C044,2025-11-22,36.2,59.4,Tablet,1.0
U0399,C009,2026-03-30,56.7,62.3,Mobile,0.0
U0403,C025,2025-09-30,54.4,69.8,TV,0.0
U0055,C008,2025-09-17,48.2,80.3,Desktop,3.0
U0411,C001,2025-05-11,47.7,53.0,Desktop,1.0
U0171,C002,2025-07-28,25.3,46.0,Tablet,0.0
U0348,C012,2025-06-06,35.0,32.4,Tablet,0.0
U0462,C006,2025-04-21,52.4,74.8,Tablet,0.0
U0488,C038,2025-09-04,62.4,70.9,Tablet,0.0
U0471,C034,2026-03-25,20.2,42.1,Desktop,5.0
U0159,C037,2026-04-12,36.6,43.6,Tablet,1.0
U0154,C008,2025-09-12,19.9,33.2,Mobile,2.0
U0003,C002,2026-02-08,39.5,71.9,TV,4.0
U0041,C010,2026-01-02,45.5,42.9,Tablet,1.0
U0272,C032,2026-01-13,66.1,87.0,Mobile,5.0
U0051,C023,2025-09-07,35.7,30.5,Desktop,5.0
U0027,C015,2025-07-02,75.0,67.0,Desktop,0.0
U0007,C037,2026-03-04,36.0,42.8,Mobile,2.0
U0026,C006,2025-09-13,33.7,48.1,TV,3.0
U0361,C007,2025-06-25,119.0,88.8,Tablet,4.0
U0068,C002,2025-07-01,32.4,58.9,Desktop,3.0
U0371,C047,2025-11-20,27.3,33.7,Tablet,5.0
U0002,C018,2026-03-24,49.0,41.9,Desktop,3.0
U0466,C007,2025-12-14,51.6,38.5,TV,5.0
U0064,C005,2025-09-21,36.0,45.6,TV,3.0
U0085,C002,2025-07-20,49.8,90.6,Tablet,5.0
U0122,C038,2026-02-06,55.4,63.0,Desktop,4.0
U0036,C012,2026-01-30,50.9,47.1,Tablet,4.0
U0405,C030,2025-04-25,60.5,72.9,TV,0.0
U0323,C022,2025-09-10,66.3,80.9,Tablet,1.0
U0244,C008,2026-03-20,19.4,32.3,Mobile,5.0
U0081,C040,2025-09-19,98.7,72.6,Tablet,0.0
U0321,C002,2025-10-26,30.8,56.0,Tablet,2.0
U0066,C019,2025-07-02,92.3,81.7,Mobile,0.0
U0212,C039,2025-12-28,74.3,78.2,Mobile,0.0
U0348,C022,2025-08-06,28.9,35.2,Tablet,1.0
U0467,C005,2025-07-15,43.1,54.6,Mobile,0.0
U0325,C005,2025-08-22,39.9,50.5,TV,3.0
U0271,C048,2025-10-03,28.2,70.6,Desktop,5.0
U0407,C049,2025-06-28,26.1,70.6,Tablet,5.0
U0245,C006,2025-12-02,58.7,83.9,Desktop,4.0
U0155,C030,2025-04-28,66.2,79.8,Desktop,0.0
U0310,C037,2025-10-28,70.6,84.0,TV,1.0
U0075,C029,2025-07-27,22.0,39.3,TV,4.0
U0481,C004,2026-01-10,16.2,60.0,Tablet,3.0
U0074,C047,2025-07-12,39.0,48.2,TV,0.0
U0351,C037,2026-01-30,54.0,64.3,Desktop,5.0
U0353,C023,2026-02-12,27.4,23.4,Desktop,0.0
U0424,C033,2026-02-06,124.8,85.5,TV,1.0
U0128,C041,2026-01-17,34.6,23.4,Desktop,0.0
U0151,C049,2025-08-14,17.1,46.1,Desktop,4.0
U0420,C030,2026-04-10,36.7,44.2,Mobile,2.0
U0025,C009,2025-08-15,24.8,27.3,TV,1.0
U0274,C032,2025-12-11,9.4,12.4,Desktop,4.0
U0419,C044,2026-01-11,44.8,73.4,Desktop,1.0
U0417,C024,2026-03-06,66.3,87.3,Mobile,3.0
U0047,C016,2025-09-22,13.4,43.1,TV,4.0
U0381,C015,2025-07-21,64.0,57.1,TV,1.0
U0255,C008,2025-07-26,57.6,96.0,Mobile,4.0
U0211,C009,2026-03-30,68.1,74.8,Tablet,0.0
U0162,C009,2026-04-17,8.4,9.2,TV,0.0
U0149,C010,2025-09-19,14.7,13.9,TV,4.0
U0334,C027,2025-12-29,67.0,90.6,Desktop,4.0
U0494,C028,2025-04-29,86.6,58.9,Mobile,0.0
U0023,C006,2026-01-01,62.9,89.8,Desktop,2.0
U0426,C033,2025-05-21,81.6,55.9,TV,5.0
U0499,C026,2025-11-27,99.1,81.2,Tablet,3.0
U0243,C046,2025-11-10,27.5,57.3,Tablet,3.0
U0024,C023,2025-11-25,83.9,71.7,Desktop,2.0
U0246,C012,2025-06-07,52.4,48.5,TV,2.0
U0080,C041,2025-06-05,62.6,42.3,Desktop,4.0
U0371,C046,2026-02-07,41.8,87.1,Tablet,3.0
U0390,C039,2025-11-19,66.7,70.2,TV,1.0
U0312,C036,2025-10-05,90.7,77.5,TV,3.0
U0019,C028,2026-01-10,82.2,55.9,TV,5.0
U0252,C007,2026-01-13,38.9,29.0,TV,5.0
U0206,C014,2026-01-22,34.6,86.6,Mobile,4.0
U0017,C009,2025-09-03,54.1,59.4,Desktop,0.0
U0395,C031,2026-01-21,107.2,83.1,Mobile,2.0
U0254,C045,2025-12-29,38.9,38.1,Mobile,1.0
U0145,C036,2025-07-28,51.5,44.0,TV,5.0
U0149,C022,2026-03-25,34.4,41.9,Desktop,3.0
U0434,C032,2025-12-25,38.0,50.0,TV,2.0
U0050,C026,2025-07-20,45.0,36.9,Mobile,0.0
U0016,C038,2026-02-07,45.3,51.5,Desktop,0.0
U0252,C045,2026-02-23,62.7,61.5,Tablet,4.0
U0100,C023,2025-07-20,40.7,34.8,Desktop,2.0
U0399,C021,2025-09-20,32.3,85.1,Desktop,0.0
U0460,C019,2025-12-21,21.1,18.7,Mobile,0.0
U0185,C006,2025-08-27,34.0,48.5,Mobile,3.0
U0436,C041,2025-08-03,113.5,76.7,Mobile,4.0
U0278,C008,2025-06-29,26.9,44.9,Mobile,3.0
U0286,C025,2026-03-05,64.9,83.2,TV,5.0
U0283,C019,2025-10-09,84.0,74.3,TV,4.0
U0285,C010,2025-09-10,52.0,49.1,Desktop,5.0
U0237,C016,2025-06-04,28.5,91.8,Mobile,3.0
U0017,C045,2025-07-09,25.8,25.3,TV,5.0
U0063,C039,2026-03-27,73.3,77.2,Mobile,1.0
U0233,C006,2025-05-20,32.5,46.5,Desktop,4.0
U0162,C025,2025-05-04,25.7,33.0,Desktop,1.0
U0033,C003,2026-01-01,32.0,76.3,Mobile,0.0
U0484,C036,2026-02-26,106.1,90.7,Desktop,1.0
U0326,C008,2025-05-20,59.3,98.9,Mobile,3.0
U0185,C027,2025-09-19,0.8,1.1,Tablet,2.0
U0052,C019,2025-05-23,72.9,64.5,Desktop,0.0
U0135,C023,2026-02-05,95.8,81.9,Desktop,2.0
U0168,C043,2025-09-11,59.8,85.4,Tablet,1.0
U0133,C040,2025-09-26,77.8,57.2,Mobile,4.0
U0118,C026,2025-12-13,100.7,82.5,Tablet,1.0
U0037,C001,2025-07-27,34.0,37.8,Mobile,4.0
U0331,C036,2025-05-02,87.2,74.5,Tablet,4.0
U0171,C019,2025-11-26,72.9,64.5,Tablet,1.0
U0011,C004,2025-08-25,11.4,42.2,TV,3.0
U0194,C050,2025-08-21,89.5,63.5,TV,3.0
U0036,C030,2025-08-23,10.0,12.1,Mobile,2.0
U0409,C030,2025-05-06,57.4,69.2,Desktop,5.0
U0104,C003,2025-07-07,35.3,84.0,Tablet,5.0
U0027,C003,2025-09-30,16.0,38.2,Desktop,0.0
U0120,C043,2025-08-07,43.5,62.1,TV,1.0
U0482,C011,2026-02-26,48.2,41.2,Desktop,4.0
U0120,C024,2026-03-27,44.1,58.0,Tablet,1.0
U0110,C047,2025-04-25,26.6,32.8,Tablet,0.0
U0054,C030,2025-05-05,44.2,53.3,Desktop,1.0
U0260,C032,2025-09-18,34.0,44.8,Tablet,5.0
U0169,C043,2025-07-26,34.2,48.9,Mobile,1.0
U0360,C006,2026-01-10,52.6,75.1,Tablet,2.0
U0480,C003,2025-10-31,20.5,48.9,Desktop,5.0
U0164,C030,2025-09-26,39.1,47.1,TV,0.0
U0202,C045,2025-07-04,91.5,89.7,TV,2.0
U0155,C026,2025-07-10,31.4,25.7,Mobile,1.0
U0340,C041,2026-02-12,146.2,98.8,Desktop,1.0
U0339,C009,2025-12-17,78.0,85.7,Tablet,2.0
U0489,C048,2025-04-28,29.3,73.3,Mobile,1.0
U0013,C040,2025-06-14,13.7,10.1,Mobile,0.0
U0419,C021,2025-04-24,18.4,48.4,Mobile,0.0
U0486,C006,2026-03-28,61.5,87.9,TV,4.0
U0498,C025,2025-06-09,46.3,59.4,Tablet,2.0
U0066,C013,2026-03-25,127.8,93.3,Mobile,2.0
U0347,C030,2025-06-04,79.6,95.9,Desktop,0.0
U0011,C027,2025-06-06,17.7,23.9,TV,0.0
U0247,C025,2025-04-28,60.1,77.1,TV,5.0
U0060,C045,2026-02-12,70.6,69.2,Mobile,2.0
U0434,C030,2025-05-13,59.6,71.8,Mobile,4.0
U0293,C047,2025-12-03,41.4,51.1,Desktop,4.0
U0413,C026,2025-08-10,109.9,90.1,Desktop,2.0
U0299,C017,2026-01-27,29.7,74.3,Desktop,1.0
U0095,C040,2026-01-19,90.3,66.4,Desktop,5.0
U0472,C048,2025-11-05,18.9,47.3,Mobile,5.0
U0498,C008,2025-11-03,23.8,39.7,Mobile,1.0
U0288,C032,2025-11-26,52.1,68.6,Mobile,5.0
U0328,C025,2025-09-24,54.2,69.5,Mobile,0.0
U0473,C023,2026-03-29,113.1,96.7,Tablet,0.0
U0240,C011,2026-03-15,20.2,17.3,Mobile,0.0
U0075,C013,2025-07-03,60.4,44.1,TV,1.0
U0337,C040,2026-01-31,87.3,64.2,Tablet,5.0
U0293,C013,2025-05-05,87.1,63.6,TV,0.0
U0289,C042,2025-09-16,41.2,87.7,Desktop,2.0
U0494,C030,2025-09-19,9.5,11.4,Tablet,4.0
U0238,C028,2026-03-04,113.9,77.5,Desktop,0.0
U0381,C033,2025-10-14,127.3,87.2,Desktop,3.0
U0239,C015,2026-01-19,37.5,33.5,Desktop,4.0
U0226,C015,2025-12-17,87.4,78.0,Tablet,0.0
U0004,C005,2026-01-16,47.7,60.4,Tablet,1.0
U0425,C044,2025-11-15,29.9,49.0,Tablet,5.0
U0455,C014,2025-10-12,34.2,85.6,TV,1.0
U0170,C006,2025-05-08,44.6,63.7,Tablet,0.0
U0107,C045,2025-07-26,87.0,85.3,Desktop,0.0
U0165,C003,2026-03-20,22.6,53.8,Desktop,4.0
U0140,C044,2026-02-20,29.5,48.4,TV,5.0
U0105,C037,2025-10-18,21.0,25.0,Mobile,5.0
U0311,C008,2025-08-07,54.4,90.7,Tablet,3.0
U0198,C036,2025-06-07,113.6,97.1,Mobile,1.0
U0192,C018,2026-04-02,114.7,98.0,TV,1.0
U0404,C048,2025-04-28,23.8,59.5,Tablet,2.0
U0154,C010,2025-09-23,50.2,47.4,Desktop,1.0
U0050,C008,2026-01-11,56.5,94.1,Tablet,3.0
U0294,C046,2025-08-24,12.3,25.7,TV,0.0
U0358,C016,2025-12-06,14.1,45.4,Mobile,1.0
U0258,C036,2025-08-25,47.5,40.6,TV,1.0
U0379,C004,2026-04-02,19.3,71.4,Desktop,3.0
U0187,C003,2025-04-28,29.4,69.9,Desktop,2.0
U0021,C015,2025-10-01,26.1,23.3,Desktop,0.0
U0131,C023,2026-03-18,66.8,57.1,Tablet,0.0
U0410,C020,2025-08-30,78.8,71.6,TV,4.0
U0375,C024,2025-05-25,55.9,73.6,Tablet,2.0
U0165,C029,2025-11-29,44.1,78.8,Desktop,0.0
U0363,C020,2026-01-25,93.4,84.9,Mobile,0.0
U0200,C001,2025-10-19,27.5,30.6,Tablet,0.0
U0409,C049,2025-10-03,23.1,62.5,Tablet,4.0
U0268,C039,2026-04-13,83.9,88.3,Desktop,0.0
U0352,C032,2025-10-05,20.5,27.0,Tablet,3.0
U0453,C039,2025-09-24,35.3,37.2,Desktop,0.0
U0267,C044,2026-02-05,33.5,55.0,Desktop,3.0
U0188,C047,2026-03-06,52.2,64.4,TV,5.0
U0121,C037,2026-02-22,76.2,90.7,Mobile,4.0
U0003,C031,2026-02-27,42.3,32.8,TV,5.0
U0142,C021,2026-02-22,16.5,43.4,TV,1.0
U0057,C003,2025-12-27,11.8,28.2,Desktop,2.0
U0328,C050,2025-11-18,25.2,17.9,Mobile,4.0
U0201,C002,2025-08-09,18.6,33.9,Mobile,2.0
U0416,C039,2025-11-05,69.3,72.9,TV,2.0
U0260,C049,2025-08-10,19.1,51.7,Mobile,2.0
U0245,C034,2026-01-07,22.3,46.4,Desktop,0.0
U0227,C042,2025-10-23,34.5,73.5,Desktop,1.0
U0337,C002,2025-12-15,28.4,51.7,Desktop,4.0
U0365,C033,2025-06-18,60.6,41.5,Desktop,0.0
U0392,C009,2026-04-13,49.0,53.8,TV,5.0
U0061,C019,2026-01-13,65.1,57.6,Desktop,0.0
U0126,C018,2025-09-03,71.8,61.4,Mobile,3.0
U0125,C046,2025-06-06,16.7,34.7,Mobile,0.0
U0019,C003,2025-09-25,36.4,86.7,TV,1.0
U0480,C024,2025-12-05,63.3,83.3,Desktop,4.0
U0306,C006,2025-10-28,68.3,97.6,Mobile,2.0
U0377,C026,2026-01-07,11.1,9.1,Desktop,4.0
U0364,C041,2026-02-03,36.0,24.3,TV,0.0
U0344,C001,2025-09-17,36.8,40.9,Tablet,0.0
U0362,C022,2025-12-07,44.2,53.9,TV,5.0
U0111,C015,2025-06-14,59.0,52.7,Mobile,3.0
U0092,C045,2025-08-06,68.4,67.1,Desktop,2.0
U0456,C037,2025-06-18,11.1,13.2,Mobile,2.0
U0054,C030,2025-09-11,79.9,96.3,TV,4.0
U0056,C012,2025-05-20,14.1,13.1,Tablet,0.0
U0468,C008,2025-11-01,28.0,46.6,Desktop,5.0
U0352,C015,2025-11-07,37.9,33.8,Desktop,3.0
U0471,C025,2026-01-04,72.0,92.3,Desktop,0.0
U0246,C006,2025-08-17,21.1,30.2,Desktop,4.0
U0238,C029,2026-03-29,37.0,66.1,Tablet,5.0
U0086,C036,2026-03-22,31.4,26.8,Mobile,0.0
U0086,C027,2025-12-02,47.1,63.6,TV,2.0
U0210,C001,2026-04-14,62.8,69.8,TV,5.0
U0176,C012,2025-11-12,49.1,45.5,Tablet,2.0
U0281,C035,2025-12-08,26.5,20.7,TV,2.0
U0163,C031,2026-02-22,116.7,90.5,Desktop,3.0
U0264,C033,2025-06-23,124.4,85.2,Tablet,3.0
U0032,C039,2025-12-09,58.4,61.5,Mobile,4.0
U0330,C049,2026-04-04,34.3,92.7,Tablet,0.0
U0331,C034,2025-10-26,22.8,47.5,Desktop,0.0
U0354,C042,2025-08-08,25.1,53.4,TV,4.0
U0033,C010,2025-10-17,37.3,35.2,Desktop,3.0
U0351,C024,2026-03-31,36.3,47.7,Mobile,3.0
U0285,C044,2026-04-19,32.1,52.7,Tablet,2.0
U0447,C007,2026-02-21,69.1,51.6,Mobile,2.0
U0424,C019,2026-02-05,28.1,24.9,TV,4.0
U0227,C039,2025-12-11,37.4,39.4,Mobile,4.0
U0028,C021,2026-01-08,0.5,1.4,Desktop,0.0
U0191,C004,2025-04-30,7.8,28.8,Desktop,4.0
U0350,C040,2025-07-31,50.5,37.1,TV,4.0
U0118,C039,2025-08-07,32.3,34.0,TV,1.0
U0426,C049,2025-10-17,9.1,24.6,TV,4.0
U0333,C011,2026-01-17,33.6,28.7,Mobile,5.0
U0403,C044,2026-01-29,28.5,46.7,Tablet,5.0
U0217,C049,2025-04-19,11.0,29.6,Tablet,3.0
U0059,C048,2025-10-04,31.0,77.6,Mobile,5.0
U0408,C030,2025-10-11,19.5,23.5,Tablet,3.0
U0261,C006,2025-08-09,30.1,43.0,Mobile,4.0
U0183,C029,2025-06-08,20.9,37.4,Tablet,0.0
U0094,C017,2025-10-22,31.0,77.6,Mobile,0.0
U0462,C008,2025-08-13,7.0,11.6,TV,2.0
U0347,C028,2025-09-09,88.5,60.2,Mobile,0.0
U0183,C037,2026-01-19,61.7,73.5,Tablet,4.0
U0356,C013,2025-12-13,62.9,45.9,Desktop,4.0
U0440,C027,2025-06-14,14.6,19.7,Tablet,5.0
U0281,C007,2026-03-10,125.7,93.8,TV,2.0
U0498,C044,2026-04-10,35.6,58.4,Mobile,1.0
U0090,C038,2025-11-27,67.2,76.4,TV,4.0
U0243,C012,2026-04-03,29.1,26.9,Mobile,5.0
U0139,C023,2026-01-22,52.2,44.6,Tablet,3.0
U0278,C034,2025-09-20,33.3,69.4,TV,2.0
U0389,C019,2025-11-08,1.0,0.9,Desktop,2.0
U0456,C001,2026-04-15,64.7,71.9,TV,4.0
U0033,C045,2025-09-06,77.4,75.9,TV,5.0
U0151,C031,2025-12-25,112.9,87.5,TV,2.0
U0284,C026,2025-04-23,92.5,75.8,Tablet,0.0
U0337,C027,2025-06-01,67.5,91.2,Desktop,0.0
U0194,C003,2025-07-14,9.7,23.2,Desktop,0.0
U0110,C029,2025-08-28,38.9,69.4,Desktop,1.0
U0153,C030,2026-01-29,63.8,76.9,Mobile,2.0
U0279,C012,2026-03-02,72.7,67.3,TV,1.0
U0319,C033,2025-08-06,98.5,67.5,TV,0.0
U0268,C002,2025-08-02,12.9,23.5,Desktop,0.0
U0481,C011,2025-11-29,108.9,93.1,TV,2.0
U0302,C046,2025-06-10,40.1,83.6,Desktop,4.0
U0431,C035,2026-02-18,39.6,30.9,Desktop,5.0
U0316,C035,2025-09-20,113.3,88.5,Desktop,0.0
U0382,C011,2025-08-14,67.5,57.7,Tablet,5.0
U0384,C031,2026-04-19,108.2,83.9,Tablet,0.0
U0370,C016,2025-05-06,16.7,53.8,Mobile,4.0
U0004,C027,2025-10-08,20.4,27.6,TV,2.0
U0125,C022,2025-04-24,61.6,75.1,Mobile,0.0
U0131,C022,2025-09-21,20.7,25.2,Mobile,0.0
U0398,C030,2025-06-06,41.8,50.4,Tablet,0.0
U0160,C046,2026-01-01,8.9,18.5,TV,1.0
U0173,C019,2025-06-17,96.0,85.0,Tablet,2.0
U0333,C003,2025-05-28,19.4,46.1,Mobile,1.0
U0404,C038,2025-11-17,59.8,68.0,Tablet,0.0
U0271,C026,2025-12-06,103.3,84.7,TV,1.0
U0264,C043,2025-04-23,57.8,82.6,Desktop,3.0
U0435,C005,2025-06-09,45.3,57.3,Tablet,0.0
U0006,C043,2026-03-12,62.4,89.1,TV,3.0
U0431,C038,2025-05-01,76.5,86.9,Tablet,2.0
U0013,C041,2025-06-29,65.0,43.9,Desktop,3.0
U0262,C002,2026-01-29,35.9,65.3,Tablet,3.0
U0320,C004,2025-11-18,11.7,43.5,Mobile,1.0
U0420,C014,2025-12-14,16.3,40.8,Tablet,2.0
U0085,C033,2026-01-04,56.5,38.7,TV,2.0
U0357,C038,2025-06-13,66.8,75.9,TV,0.0
U0457,C022,2026-03-01,27.3,33.3,Mobile,2.0
U0059,C020,2025-11-14,98.0,89.1,TV,0.0
U0354,C021,2025-09-02,8.6,22.7,Mobile,2.0
U0333,C021,2026-04-08,29.1,76.7,Tablet,1.0
U0364,C019,2025-11-24,78.3,69.3,Desktop,2.0
U0323,C025,2026-03-29,58.1,74.5,Desktop,1.0
U0487,C004,2025-09-29,6.8,25.0,Mobile,5.0
U0087,C048,2025-09-22,28.2,70.4,Tablet,0.0
U0149,C042,2025-04-20,34.5,73.3,Mobile,5.0
U0283,C003,2025-07-08,31.6,75.2,TV,3.0
U0291,C004,2026-03-07,11.7,43.5,TV,0.0
U0070,C042,2025-07-21,17.3,36.8,Mobile,0.0
U0410,C020,2025-07-10,93.5,85.0,TV,2.0
U0036,C013,2025-12-13,41.9,30.6,Tablet,2.0
U0280,C027,2025-12-04,29.1,39.3,Mobile,0.0
U0014,C050,2025-09-23,31.9,22.6,Mobile,0.0
U0021,C006,2025-06-02,28.1,40.1,Mobile,3.0
U0280,C042,2025-10-01,31.4,66.8,TV,0.0
U0097,C008,2026-02-17,36.3,60.5,Desktop,0.0
U0165,C026,2025-05-13,73.6,60.3,TV,4.0
U0451,C045,2025-07-29,46.4,45.5,Mobile,3.0
U0059,C033,2025-04-21,141.2,96.7,Mobile,0.0
U0123,C047,2025-09-20,17.1,21.1,TV,5.0
U0135,C038,2025-07-06,43.9,49.9,Tablet,5.0
U0201,C023,2025-10-19,27.3,23.3,Desktop,1.0
U0363,C042,2026-03-01,13.5,28.8,Desktop,0.0
U0202,C002,2026-01-06,52.4,95.2,Mobile,1.0
U0395,C045,2025-05-10,54.2,53.1,Tablet,5.0
U0396,C014,2026-03-25,9.4,23.4,TV,2.0
U0468,C039,2025-06-06,79.6,83.8,Desktop,5.0
U0127,C014,2026-04-01,27.7,69.2,Mobile,3.0
U0254,C005,2025-07-05,38.6,48.8,Desktop,1.0
U0111,C002,2025-08-19,46.5,84.6,Desktop,3.0
U0449,C042,2025-12-09,14.1,30.0,TV,3.0
U0430,C045,2025-08-27,42.5,41.7,Mobile,0.0
U0318,C050,2025-08-11,47.8,33.9,Desktop,1.0
U0266,C011,2025-05-10,90.6,77.4,Desktop,2.0
U0450,C037,2025-12-21,16.4,19.5,TV,2.0
U0216,C018,2026-01-31,76.5,65.4,Mobile,0.0
U0020,C026,2025-12-05,62.1,50.9,Tablet,2.0
U0205,C003,2025-05-05,18.3,43.5,Mobile,4.0
U0398,C018,2026-03-24,53.7,45.9,TV,4.0
U0110,C045,2025-12-04,57.3,56.2,Mobile,1.0
U0198,C002,2026-01-20,52.6,95.7,Desktop,2.0
U0384,C048,2025-05-19,7.7,19.3,Tablet,1.0
U0466,C017,2025-09-23,8.0,19.9,Desktop,2.0
U0232,C006,2025-09-22,18.3,26.1,TV,1.0
U0174,C037,2025-10-21,69.3,82.5,Desktop,0.0
U0255,C050,2025-05-26,44.4,31.5,Tablet,1.0
U0352,C009,2025-11-12,46.9,51.5,Desktop,2.0
U0409,C034,2026-01-08,16.6,34.6,Tablet,0.0
U0405,C038,2026-03-16,65.8,74.8,TV,0.0
U0279,C008,2025-09-04,8.6,14.4,Mobile,0.0
U0141,C034,2025-10-25,40.1,83.5,Tablet,5.0
U0238,C003,2026-04-13,1.8,4.2,TV,4.0
U0339,C037,2026-01-29,51.8,61.7,TV,1.0
U0146,C040,2025-07-03,109.6,80.6,Mobile,4.0
U0385,C045,2025-10-09,84.5,82.8,Mobile,0.0
U0058,C027,2025-09-29,60.6,81.9,Tablet,3.0
U0340,C019,2025-05-03,97.3,86.1,Mobile,5.0
U0210,C046,2025-06-10,32.0,66.7,Tablet,4.0
U0047,C044,2025-06-12,13.3,21.8,Mobile,0.0
U0350,C046,2025-11-05,35.6,74.1,Mobile,4.0
U0379,C016,2025-06-10,4.7,15.2,Mobile,4.0
U0472,C019,2026-01-02,30.2,26.7,Desktop,1.0
U0366,C023,2026-02-19,45.3,38.7,Desktop,4.0
U0110,C031,2025-08-08,47.1,36.5,Tablet,4.0
U0252,C037,2025-05-27,37.0,44.0,TV,4.0
U0234,C046,2026-01-18,31.9,66.5,Mobile,5.0
U0269,C030,2025-08-28,74.2,89.4,Mobile,2.0
U0373,C037,2025-07-17,53.3,63.5,Tablet,1.0
U0131,C025,2025-08-01,21.4,27.4,Tablet,1.0
U0410,C020,2026-01-03,27.1,24.6,TV,4.0
U0095,C016,2025-11-06,18.0,58.2,Tablet,2.0
U0003,C004,2025-12-12,22.5,83.4,Desktop,0.0
U0172,C007,2026-03-21,27.1,20.2,Mobile,3.0
U0497,C011,2025-08-18,79.0,67.5,Tablet,4.0
U0208,C027,2025-05-07,54.7,73.9,TV,2.0
U0033,C027,2025-05-27,24.9,33.7,Mobile,5.0
U0368,C001,2026-04-11,86.9,96.6,Mobile,3.0
U0324,C033,2025-06-17,83.2,57.0,Desktop,0.0
U0019,C032,2025-06-13,46.7,61.5,Desktop,1.0
U0259,C018,2025-06-29,56.6,48.4,TV,3.0
U0226,C027,2026-03-01,39.7,53.7,TV,5.0
U0175,C026,2025-04-29,58.8,48.2,TV,0.0
U0396,C039,2025-04-22,58.2,61.3,Tablet,2.0
U0296,C023,2026-01-25,37.9,32.4,Desktop,5.0
U0077,C004,2025-08-01,11.7,43.3,Desktop,0.0
U0111,C009,2026-02-17,84.8,93.2,Mobile,2.0
U0386,C050,2025-12-27,136.5,96.8,TV,0.0
U0222,C033,2025-04-22,94.6,64.8,Tablet,1.0
U0063,C009,2026-04-05,44.6,49.0,Mobile,0.0
U0369,C023,2025-07-17,96.3,82.3,Tablet,3.0
U0477,C014,2025-11-03,23.2,57.9,Desktop,0.0
U0273,C023,2025-08-06,82.4,70.4,Desktop,2.0
U0346,C012,2025-06-25,18.4,17.0,Mobile,0.0
U0279,C045,2025-05-06,82.3,80.7,Mobile,0.0
U0381,C029,2025-09-18,10.5,18.8,Mobile,4.0
U0321,C035,2025-12-12,63.2,49.4,Desktop,1.0
U0331,C032,2025-07-16,8.6,11.3,TV,5.0
U0479,C044,2026-01-18,43.9,71.9,Mobile,4.0
U0322,C025,2025-06-25,43.0,55.1,Desktop,0.0
U0189,C032,2025-08-02,62.9,82.8,Desktop,2.0
U0149,C002,2026-04-09,20.6,37.4,Tablet,3.0
U0272,C024,2025-10-13,45.5,59.9,Mobile,0.0
U0309,C030,2026-02-25,51.7,62.3,Desktop,0.0
U0356,C024,2025-11-11,7.9,10.4,Tablet,1.0
U0409,C024,2026-03-12,74.9,98.5,Tablet,4.0
U0344,C050,2025-05-19,46.4,32.9,Tablet,2.0
U0048,C020,2025-05-26,82.7,75.2,TV,4.0
U0316,C006,2026-01-04,58.2,83.2,Desktop,0.0
U0053,C021,2026-03-09,25.8,67.8,TV,0.0
U0294,C044,2025-05-13,50.0,81.9,TV,5.0
U0381,C019,2025-11-27,45.7,40.4,Mobile,2.0
U0030,C033,2025-12-18,119.3,81.7,Mobile,4.0
U0075,C048,2025-10-04,35.5,88.8,Desktop,4.0
U0381,C011,2026-04-06,39.3,33.6,Desktop,1.0
U0471,C033,2025-06-21,69.2,47.4,Tablet,0.0
U0409,C007,2026-01-06,130.8,97.6,Tablet,2.0
U0369,C047,2025-07-30,13.3,16.4,Tablet,5.0
U0394,C036,2025-11-25,55.3,47.3,TV,0.0
U0248,C028,2026-03-19,130.4,88.7,Tablet,1.0
U0469,C050,2026-01-28,84.2,59.7,Mobile,1.0
U0180,C049,2025-10-17,26.8,72.4,TV,1.0
U0469,C032,2025-07-03,42.1,55.4,TV,0.0
U0257,C037,2025-11-13,14.9,17.7,Mobile,3.0
U0098,C029,2025-11-13,23.1,41.2,Desktop,2.0
U0141,C016,2025-07-21,23.1,74.5,Mobile,2.0
U0081,C048,2025-05-20,35.3,88.3,Tablet,1.0
U0202,C039,2025-09-26,76.9,80.9,Mobile,4.0
U0183,C025,2025-08-25,13.7,17.6,Mobile,0.0
U0170,C020,2025-07-09,63.4,57.6,Mobile,0.0
U0245,C026,2026-04-11,57.3,47.0,Mobile,4.0
U0380,C006,2026-02-02,57.8,82.5,Desktop,4.0
U0295,C044,2026-01-23,37.9,62.2,Mobile,4.0
U0289,C041,2026-04-03,42.9,29.0,Desktop,0.0
U0111,C024,2025-11-21,14.4,18.9,Mobile,0.0
U0418,C015,2026-02-14,111.8,99.8,Desktop,3.0
U0174,C031,2025-08-14,93.5,72.5,Mobile,0.0
U0095,C019,2025-12-20,106.0,93.8,TV,3.0
U0029,C025,2025-04-29,72.3,92.7,Mobile,0.0
U0468,C026,2025-12-28,115.7,94.8,Mobile,3.0
U0049,C043,2026-04-04,61.8,88.3,Tablet,3.0
U0225,C006,2026-04-04,40.5,57.8,Mobile,4.0
U0160,C040,2026-02-06,21.9,16.1,TV,0.0
U0252,C045,2025-07-07,56.9,55.8,Desktop,5.0
U0072,C005,2025-07-09,63.2,80.0,Mobile,3.0
U0447,C050,2026-03-14,54.4,38.6,Mobile,2.0
U0254,C024,2025-10-17,62.6,82.4,Mobile,2.0
U0205,C007,2025-12-13,36.7,27.4,Desktop,4.0
U0017,C042,2026-03-09,22.4,47.7,TV,0.0
U0220,C021,2025-11-26,32.3,85.1,Mobile,5.0
U0330,C005,2026-04-03,37.4,47.3,Desktop,5.0
U0348,C040,2025-09-13,123.2,90.6,TV,3.0
U0448,C048,2025-08-25,25.0,62.4,Mobile,5.0
U0146,C043,2025-04-19,25.5,36.4,Mobile,5.0
U0011,C038,2025-05-29,56.6,64.3,Mobile,1.0
U0184,C002,2025-10-06,38.2,69.4,Mobile,2.0
U0403,C018,2025-07-05,99.9,85.4,Tablet,5.0
U0022,C035,2025-09-29,87.8,68.6,Mobile,5.0
U0397,C036,2026-02-28,65.8,56.2,Tablet,0.0
U0303,C044,2025-12-31,30.7,50.4,Mobile,2.0
U0424,C009,2025-09-09,70.3,77.3,Desktop,4.0
U0317,C041,2025-04-25,81.1,54.8,TV,0.0
U0312,C018,2026-01-29,21.6,18.5,Tablet,2.0
U0092,C021,2025-09-12,27.1,71.4,Tablet,5.0
U0200,C039,2026-04-01,33.1,34.8,Tablet,5.0
U0496,C019,2025-06-16,53.7,47.5,TV,4.0
U0365,C025,2026-02-14,71.4,91.5,Tablet,0.0
U0062,C049,2025-12-02,12.8,34.6,Mobile,5.0
U0098,C020,2025-07-26,65.2,59.3,Tablet,2.0
U0334,C003,2026-04-12,24.7,58.7,Tablet,5.0
U0351,C019,2025-08-02,86.9,76.9,Desktop,1.0
U0078,C022,2025-06-29,6.8,8.3,TV,3.0
U0200,C005,2025-07-24,50.7,64.2,Desktop,1.0
U0102,C050,2025-05-01,35.0,24.8,Tablet,0.0
U0169,C040,2026-01-12,99.3,73.0,Mobile,0.0
U0310,C006,2025-07-08,54.2,77.4,Desktop,4.0
U0056,C018,2026-02-22,11.9,10.2,Tablet,3.0
U0114,C017,2025-10-06,34.1,85.3,Tablet,5.0
U0247,C038,2025-11-22,33.0,37.5,Desktop,0.0
U0112,C032,2026-02-22,38.8,51.0,Mobile,3.0
U0056,C042,2025-06-10,34.3,72.9,Tablet,5.0
U0112,C044,2025-06-09,30.9,50.6,TV,5.0
U0066,C027,2025-09-05,28.4,38.4,Desktop,0.0
U0384,C049,2025-12-12,16.7,45.2,Mobile,2.0
U0497,C034,2026-01-24,30.7,63.9,Desktop,1.0
U0173,C024,2025-07-23,49.6,65.3,Desktop,0.0
U0135,C029,2026-01-07,27.4,48.9,Tablet,1.0
U0165,C046,2025-11-07,44.4,92.4,Mobile,4.0
U0242,C021,2025-10-04,6.6,17.3,Tablet,3.0
U0185,C039,2025-07-16,65.6,69.1,Mobile,2.0
U0431,C019,2025-12-18,93.3,82.6,Desktop,0.0
U0326,C008,2026-03-15,11.5,19.1,Desktop,3.0
U0404,C039,2026-01-04,33.3,35.1,Desktop,0.0
U0036,C039,2025-05-20,88.7,93.4,TV,0.0
U0117,C016,2026-04-10,26.1,84.2,Mobile,0.0
U0013,C049,2025-05-26,5.0,13.6,TV,3.0
U0308,C032,2025-11-01,26.3,34.6,Tablet,4.0
U0036,C047,2026-02-19,53.0,65.4,Desktop,0.0
U0188,C037,2026-01-15,65.4,77.9,Desktop,3.0
U0066,C032,2025-05-09,27.7,36.4,Desktop,0.0
U0446,C039,2025-09-24,58.9,62.0,Mobile,1.0
U0375,C048,2025-12-02,33.5,83.8,Tablet,1.0
U0004,C030,2025-06-03,12.1,14.6,TV,2.0
U0007,C001,2025-11-02,78.3,87.0,Desktop,5.0
U0352,C042,2025-05-31,26.1,55.5,Tablet,0.0
U0219,C017,2026-02-10,34.1,85.2,TV,4.0
U0399,C024,2026-03-29,52.9,69.6,Mobile,2.0
U0206,C043,2025-10-08,44.7,63.9,TV,4.0
U0469,C017,2025-06-19,29.0,72.5,TV,5.0
U0409,C028,2025-10-13,97.2,66.1,Tablet,4.0
U0121,C030,2025-12-22,46.7,56.3,Desktop,5.0
U0193,C017,2025-12-20,36.3,90.7,TV,3.0
U0180,C024,2026-02-05,35.6,46.9,TV,0.0
U0038,C040,2025-12-24,88.9,65.4,Tablet,0.0
U0466,C045,2025-12-24,77.0,75.5,Tablet,3.0
U0253,C031,2025-11-30,85.1,66.0,Mobile,0.0
U0427,C050,2026-03-25,80.1,56.8,Mobile,3.0
U0335,C035,2025-06-09,113.5,88.7,Mobile,4.0
U0416,C032,2025-12-15,44.5,58.5,Mobile,1.0
U0145,C012,2025-10-10,91.3,84.5,Mobile,1.0
U0300,C039,2026-04-10,87.3,91.9,TV,5.0
U0236,C046,2025-05-17,26.0,54.1,Mobile,1.0
U0464,C031,2026-03-16,115.1,89.2,Tablet,2.0
U0342,C015,2025-08-30,102.1,91.2,Mobile,0.0
U0411,C012,2025-12-11,82.1,76.0,Desktop,0.0
U0187,C033,2025-07-29,113.6,77.8,TV,1.0
U0318,C031,2025-08-23,25.9,20.1,Tablet,3.0
U0101,C011,2025-05-12,95.0,81.2,Mobile,5.0
U0495,C030,2025-08-21,35.2,42.4,Tablet,0.0
U0419,C038,2025-09-25,45.9,52.2,Tablet,5.0
U0033,C003,2026-01-14,16.7,39.8,TV,5.0
U0109,C045,2026-02-25,88.9,87.2,Tablet,0.0
U0087,C025,2025-08-06,12.2,15.7,TV,3.0
U0202,C017,2026-03-19,24.2,60.4,TV,5.0
U0299,C041,2026-02-05,119.7,80.9,Desktop,1.0
U0438,C029,2026-04-14,42.8,76.4,Desktop,1.0
U0013,C050,2025-08-06,105.5,74.8,TV,4.0
U0426,C048,2025-05-05,29.9,74.8,Desktop,2.0
U0413,C023,2026-01-21,104.7,89.5,Mobile,1.0
U0118,C035,2025-11-26,61.2,47.8,Desktop,0.0
U0370,C039,2025-09-29,35.6,37.5,Mobile,4.0
U0471,C018,2026-01-23,21.9,18.7,Mobile,1.0
U0053,C003,2025-09-16,33.4,79.6,Tablet,4.0
U0298,C028,2026-03-09,41.9,28.5,Tablet,5.0
U0222,C048,2025-12-22,7.0,17.5,Tablet,1.0
U0058,C022,2025-11-24,38.5,47.0,TV,5.0
U0418,C005,2026-01-30,65.4,82.8,Mobile,4.0
U0448,C039,2025-08-22,35.5,37.4,Desktop,0.0
U0442,C002,2025-09-21,40.6,73.8,TV,1.0
U0362,C031,2025-07-14,89.5,69.4,TV,4.0
U0388,C050,2025-05-15,134.5,95.4,Mobile,4.0
U0207,C034,2025-09-10,27.6,57.5,Mobile,0.0
U0308,C012,2025-08-19,38.8,35.9,Tablet,2.0
U0130,C024,2025-10-17,67.3,88.6,Desktop,0.0
U0256,C027,2026-03-21,30.9,41.7,Tablet,5.0
U0329,C024,2025-07-01,69.9,92.0,Desktop,5.0
U0276,C044,2026-01-30,29.4,48.2,Desktop,5.0
U0006,C015,2026-02-27,58.8,52.5,TV,4.0
U0146,C045,2025-10-12,69.9,68.5,Mobile,0.0
U0061,C029,2026-02-09,43.1,77.0,Tablet,5.0
U0132,C016,2025-09-01,11.7,37.9,TV,1.0
U0137,C003,2025-08-31,10.0,23.9,Desktop,0.0
U0103,C012,2025-11-12,106.6,98.7,TV,0.0
U0217,C040,2025-09-24,49.6,36.5,Desktop,3.0
U0486,C039,2026-02-05,56.4,59.4,Desktop,1.0
U0436,C026,2025-11-03,50.6,41.5,TV,1.0
U0413,C004,2025-08-18,23.9,88.6,Mobile,0.0
U0444,C041,2025-05-11,87.8,59.3,Mobile,0.0
U0150,C009,2025-06-27,32.2,35.4,Tablet,3.0
U0065,C004,2025-08-13,17.6,65.2,TV,1.0
U0272,C019,2025-10-08,76.8,68.0,Tablet,3.0
U0229,C014,2025-07-23,17.2,43.0,TV,4.0
U0349,C021,2026-02-15,18.7,49.3,Desktop,2.0
U0075,C044,2025-06-02,41.2,67.6,Desktop,3.0
U0182,C007,2026-04-15,89.5,66.8,Tablet,5.0
U0271,C034,2025-08-26,39.1,81.4,Mobile,3.0
U0217,C047,2026-03-10,64.5,79.6,Tablet,2.0
U0053,C044,2025-09-14,40.0,65.6,Mobile,4.0
U0433,C021,2025-12-25,34.2,89.9,Tablet,4.0
U0149,C003,2025-06-20,18.6,44.4,TV,1.0
U0402,C023,2026-01-07,85.9,73.4,Mobile,3.0
U0388,C046,2025-08-02,16.8,35.1,Tablet,5.0
U0429,C029,2026-03-13,43.9,78.4,Desktop,1.0
U0146,C046,2025-11-25,15.6,32.6,Desktop,2.0
U0306,C031,2025-05-09,40.5,31.4,TV,3.0
U0427,C020,2025-10-27,70.0,63.6,Mobile,2.0
U0219,C009,2025-12-24,17.3,19.0,Tablet,0.0
U0079,C022,2025-09-08,13.8,16.8,Tablet,2.0
U0229,C017,2026-02-07,28.8,71.9,Desktop,5.0
U0079,C032,2025-11-10,32.0,42.1,TV,5.0
U0189,C008,2025-12-05,54.5,90.8,Mobile,0.0
U0174,C019,2026-01-10,57.7,51.1,TV,2.0
U0411,C012,2025-12-03,85.5,79.2,Tablet,4.0
U0497,C049,2026-03-11,17.7,47.9,TV,5.0
U0004,C020,2026-04-10,53.4,48.5,TV,1.0
U0349,C031,2026-03-09,114.0,88.4,Tablet,3.0
U0119,C015,2025-10-23,100.6,89.8,Desktop,5.0
U0036,C043,2025-11-20,42.1,60.2,TV,4.0
U0348,C002,2025-08-10,44.8,81.4,Desktop,0.0
U0083,C026,2025-06-21,63.6,52.1,Tablet,0.0
U0256,C038,2025-06-22,10.6,12.0,Tablet,3.0
U0087,C042,2025-12-29,34.1,72.5,Tablet,3.0
U0051,C049,2025-10-02,28.0,75.6,TV,5.0
U0412,C009,2026-03-08,74.3,81.6,Desktop,1.0
U0096,C048,2025-10-02,29.4,73.6,Tablet,1.0
U0141,C002,2025-09-06,36.5,66.4,Desktop,5.0
U0254,C039,2025-05-27,62.7,66.0,Tablet,2.0
U0423,C020,2025-09-28,62.7,57.0,Mobile,1.0
U0478,C017,2025-08-29,14.2,35.6,TV,1.0
U0414,C028,2026-03-12,109.2,74.3,Desktop,4.0
U0194,C038,2026-03-24,73.9,84.0,Tablet,2.0
U0215,C043,2025-12-01,43.3,61.9,Desktop,1.0
U0197,C036,2025-07-29,106.5,91.0,Desktop,2.0
U0362,C036,2025-04-29,85.2,72.8,TV,4.0
U0453,C034,2025-09-30,23.6,49.2,TV,4.0
U0398,C029,2025-05-18,30.6,54.7,TV,5.0
U0411,C030,2026-03-16,82.2,99.0,TV,0.0
U0436,C048,2025-12-06,6.9,17.2,TV,4.0
U0131,C039,2025-06-26,83.8,88.2,TV,2.0
U0182,C013,2025-12-05,128.2,93.6,Tablet,2.0
U0129,C030,2025-05-06,74.1,89.3,Mobile,4.0
U0295,C006,2026-03-01,34.2,48.8,TV,2.0
U0192,C041,2026-01-15,65.0,43.9,Desktop,5.0
U0096,C046,2026-03-26,29.9,62.3,Desktop,0.0
U0438,C032,2026-04-09,71.7,94.4,Desktop,0.0
U0281,C007,2026-03-23,96.7,72.2,Mobile,3.0
U0137,C023,2025-09-11,39.0,33.3,Tablet,1.0
U0317,C039,2026-01-22,12.8,13.5,TV,3.0
U0318,C028,2025-11-07,59.8,40.7,Desktop,0.0
U0160,C001,2025-07-24,82.2,91.3,Desktop,0.0
U0056,C026,2026-03-12,86.1,70.6,Tablet,0.0
U0145,C029,2025-12-24,48.0,85.8,Desktop,2.0
U0145,C016,2025-09-20,23.2,74.8,Tablet,1.0
U0174,C033,2025-10-10,35.8,24.5,TV,0.0
U0216,C030,2025-11-23,72.8,87.7,Mobile,0.0
U0004,C023,2025-09-30,94.5,80.8,Mobile,1.0
U0237,C005,2025-07-06,73.9,93.6,Tablet,2.0
U0446,C045,2025-07-28,39.9,39.1,Desktop,5.0
U0357,C015,2026-03-14,22.6,20.2,TV,0.0
U0446,C027,2025-08-30,52.8,71.4,Desktop,0.0
U0076,C018,2026-02-12,48.3,41.3,TV,4.0
U0476,C044,2025-10-01,56.3,92.3,TV,0.0
U0439,C050,2026-02-10,71.1,50.4,Mobile,5.0
U0162,C007,2025-08-25,42.6,31.8,Desktop,0.0
U0214,C013,2026-03-25,56.6,41.3,Mobile,0.0
U0296,C035,2025-08-16,96.8,75.6,Desktop,0.0
U0403,C030,2025-12-05,13.7,16.5,Desktop,1.0
U0361,C045,2025-09-24,93.7,91.9,Tablet,0.0
U0230,C042,2025-09-10,39.1,83.1,Tablet,3.0
U0228,C024,2026-01-11,13.0,17.1,Desktop,0.0
U0391,C045,2025-09-25,57.9,56.8,Desktop,0.0
U0368,C042,2025-07-01,8.8,18.7,TV,0.0
U0198,C023,2025-07-08,93.8,80.2,TV,5.0
U0077,C048,2025-07-12,14.2,35.6,Tablet,5.0
U0189,C001,2026-02-09,76.2,84.7,Desktop,2.0
U0057,C038,2026-01-21,64.5,73.3,Mobile,0.0
U0288,C028,2026-02-21,73.9,50.3,Desktop,2.0
U0430,C001,2025-12-21,68.6,76.2,Mobile,4.0
U0240,C004,2026-01-22,12.7,47.1,Desktop,3.0
U0013,C023,2025-05-12,80.4,68.7,Tablet,5.0
U0026,C006,2025-11-07,51.9,74.2,Desktop,0.0
U0054,C037,2026-04-10,23.0,27.4,Tablet,1.0
U0223,C002,2025-06-29,40.3,73.3,Mobile,3.0
U0419,C011,2026-02-10,17.1,14.6,Desktop,1.0
U0206,C016,2025-05-18,23.4,75.4,Tablet,5.0
U0145,C047,2025-06-28,47.9,59.1,Tablet,4.0
U0137,C047,2025-12-20,64.6,79.8,Desktop,4.0
U0058,C032,2026-02-09,55.5,73.0,Tablet,2.0
U0311,C016,2025-12-26,19.8,63.8,TV,2.0
U0310,C038,2025-07-22,73.0,83.0,Mobile,5.0
U0042,C040,2026-01-06,44.1,32.4,Tablet,0.0
U0296,C006,2025-12-27,39.1,55.8,Desktop,4.0
U0020,C014,2025-10-28,24.2,60.6,Mobile,1.0
U0329,C026,2025-08-02,49.7,40.7,TV,0.0
U0121,C022,2025-06-27,48.7,59.4,Tablet,3.0
U0064,C008,2025-08-22,18.3,30.5,Desktop,1.0
U0382,C024,2026-01-22,46.4,61.0,Tablet,4.0
U0236,C033,2026-03-03,141.9,97.2,TV,4.0
U0370,C029,2026-02-26,21.9,39.1,Tablet,4.0
U0339,C032,2026-02-28,50.2,66.1,Desktop,0.0
U0469,C009,2025-12-09,52.0,57.1,Desktop,3.0
U0474,C045,2025-05-07,24.8,24.3,Desktop,2.0
U0081,C004,2026-02-05,15.6,57.6,Tablet,4.0
U0181,C027,2025-08-04,44.8,60.6,Tablet,3.0
U0194,C030,2025-11-23,54.7,65.9,Desktop,5.0
U0473,C038,2025-12-23,76.3,86.7,Tablet,1.0
U0319,C013,2026-03-15,104.1,76.0,Mobile,0.0
U0436,C034,2025-05-15,32.8,68.3,Mobile,0.0
U0492,C010,2026-02-17,71.2,67.2,TV,0.0
U0271,C020,2025-06-18,98.1,89.2,Tablet,0.0
U0330,C006,2025-08-28,61.9,88.4,Desktop,2.0
U0096,C020,2025-06-08,80.8,73.5,Mobile,5.0
U0119,C022,2025-04-23,50.0,61.0,Desktop,4.0
U0128,C037,2025-09-06,15.0,17.8,Desktop,4.0
U0152,C015,2026-01-07,94.0,83.9,TV,5.0
U0475,C017,2025-05-22,17.5,43.7,Desktop,3.0
U0270,C005,2025-05-19,32.3,40.9,TV,4.0
U0391,C048,2025-09-17,7.5,18.7,Tablet,0.0
U0197,C033,2026-03-13,30.2,20.7,Mobile,3.0
U0375,C022,2025-11-02,25.4,31.0,TV,4.0
U0412,C001,2025-08-10,67.5,75.0,TV,3.0
U0060,C029,2025-08-25,41.0,73.2,Desktop,3.0
U0031,C046,2026-02-03,29.5,61.4,Mobile,5.0
U0300,C008,2025-12-03,47.0,78.3,TV,3.0
U0058,C019,2025-07-08,35.1,31.1,Desktop,3.0
U0062,C019,2025-09-03,15.8,14.0,Mobile,0.0
U0231,C020,2025-09-21,83.7,76.1,Tablet,2.0
U0187,C040,2026-03-07,56.8,41.8,Mobile,0.0
U0339,C025,2026-01-13,55.1,70.7,Mobile,1.0
U0098,C010,2025-10-31,91.7,86.5,Desktop,0.0
U0053,C023,2025-10-26,36.6,31.3,Desktop,1.0
U0094,C035,2025-07-01,18.7,14.6,TV,2.0
U0090,C026,2025-07-09,90.2,73.9,Mobile,0.0
U0161,C016,2025-12-27,26.4,85.1,Mobile,5.0
U0230,C031,2026-01-20,102.0,79.1,Desktop,4.0
U0325,C043,2026-04-17,46.6,66.6,Tablet,4.0
U0203,C031,2025-07-31,40.1,31.1,Tablet,2.0
U0442,C009,2025-04-23,30.5,33.5,Mobile,0.0
U0124,C014,2025-06-11,30.4,75.9,Tablet,0.0
U0146,C030,2026-03-03,49.1,59.1,Desktop,3.0
U0092,C032,2026-04-19,41.8,55.0,TV,4.0
U0095,C015,2025-06-28,63.5,56.7,Desktop,2.0
U0332,C013,2025-11-25,87.4,63.8,Tablet,4.0
U0471,C003,2025-10-14,26.8,63.9,Tablet,5.0
U0334,C015,2026-04-09,36.1,32.2,Mobile,4.0
U0219,C044,2025-07-23,54.8,89.9,Desktop,1.0
U0363,C030,2025-07-26,37.0,44.6,Mobile,2.0
U0246,C024,2025-07-28,4.2,5.5,Tablet,0.0
U0401,C023,2025-06-21,46.2,39.5,Mobile,0.0
U0280,C001,2025-12-21,74.2,82.4,TV,3.0
U0144,C048,2025-04-25,30.1,75.2,TV,1.0
U0052,C013,2025-08-03,86.0,62.8,Mobile,1.0
U0151,C007,2025-10-27,57.4,42.8,Mobile,0.0
U0306,C027,2025-12-01,32.9,44.4,Tablet,0.0
U0206,C049,2026-02-13,25.3,68.3,Desktop,0.0
U0122,C017,2025-12-17,12.8,32.1,Tablet,5.0
U0492,C003,2025-10-29,30.8,73.3,Tablet,0.0
U0455,C034,2026-03-01,34.6,72.1,TV,4.0
U0227,C048,2025-07-24,13.6,34.0,Mobile,0.0
U0463,C011,2025-08-26,56.2,48.0,Tablet,5.0
U0112,C005,2025-07-25,41.4,52.4,Tablet,4.0
U0393,C022,2025-07-12,70.0,85.4,Mobile,0.0
U0417,C035,2025-08-14,57.3,44.8,TV,4.0
U0048,C044,2025-12-13,38.6,63.2,Mobile,2.0
U0024,C009,2026-04-13,82.3,90.4,Tablet,3.0
U0229,C042,2025-09-17,30.8,65.6,Mobile,0.0
U0341,C009,2025-12-03,72.8,80.0,TV,1.0
U0067,C007,2025-06-26,7.4,5.5,TV,5.0
U0203,C001,2025-10-23,50.1,55.7,TV,1.0
U0171,C048,2025-10-29,36.4,90.9,Desktop,4.0
U0349,C009,2026-02-25,68.9,75.7,Tablet,0.0
U0337,C006,2025-04-24,61.8,88.3,Tablet,4.0
U0284,C030,2025-12-31,50.5,60.9,Mobile,0.0
U0257,C031,2025-05-04,41.9,32.5,Mobile,3.0
U0498,C037,2026-02-24,25.5,30.4,TV,3.0
U0244,C015,2025-06-18,15.7,14.0,Tablet,3.0
U0414,C006,2026-01-02,62.3,89.0,Mobile,2.0
U0493,C038,2025-07-18,50.5,57.4,TV,2.0
U0413,C021,2025-09-22,28.7,75.6,Desktop,0.0
U0186,C018,2025-10-23,68.6,58.6,Tablet,0.0
U0346,C037,2026-02-24,44.0,52.4,Tablet,2.0
U0005,C009,2025-07-27,34.0,37.4,TV,1.0
U0350,C042,2026-01-27,32.7,69.5,TV,5.0
U0435,C003,2025-12-29,22.3,53.2,Tablet,2.0
U0240,C045,2025-08-07,44.0,43.1,Mobile,5.0
U0474,C003,2025-07-25,37.7,89.8,TV,0.0
U0394,C049,2025-05-06,32.9,88.9,Tablet,3.0
U0355,C001,2026-03-30,65.2,72.5,Tablet,1.0
U0487,C018,2025-11-06,25.0,21.4,Tablet,2.0
U0043,C008,2025-11-22,45.0,75.0,Mobile,0.0
U0125,C011,2025-10-25,38.6,33.0,Desktop,5.0
U0387,C002,2025-07-11,15.1,27.5,Tablet,4.0
U0457,C017,2025-11-01,36.9,92.2,Mobile,1.0
U0409,C015,2026-03-16,67.6,60.4,Desktop,1.0
U0207,C037,2025-05-22,41.8,49.8,Mobile,4.0
U0099,C004,2025-08-06,11.9,44.0,TV,4.0
U0195,C024,2025-12-03,40.7,53.5,Mobile,5.0
U0244,C004,2025-05-08,7.7,28.4,TV,2.0
U0413,C044,2025-10-21,18.7,30.6,TV,0.0
U0195,C009,2026-02-25,30.8,33.9,Mobile,5.0
U0173,C017,2026-04-12,28.0,70.1,Desktop,4.0
U0206,C042,2026-01-03,44.5,94.6,Desktop,0.0
U0346,C020,2025-09-07,52.7,47.9,Desktop,4.0
U0387,C024,2025-11-16,49.9,65.7,Tablet,0.0
U0064,C027,2025-08-21,14.4,19.4,TV,1.0
U0377,C010,2026-02-15,52.7,49.7,TV,1.0
U0108,C029,2025-08-24,45.9,81.9,Tablet,3.0
U0066,C047,2025-11-19,50.9,62.9,TV,0.0
U0094,C013,2025-05-25,54.4,39.7,TV,3.0
U0029,C045,2025-09-04,29.3,28.7,Mobile,1.0
U0015,C032,2026-03-08,23.3,30.7,Tablet,5.0
U0109,C024,2026-03-17,43.6,57.4,Desktop,1.0
U0361,C045,2025-06-16,74.4,72.9,TV,3.0
U0200,C017,2025-05-03,34.6,86.5,Tablet,3.0
U0273,C033,2026-02-14,60.3,41.3,TV,5.0
U0107,C032,2025-10-05,16.9,22.3,TV,4.0
U0444,C019,2026-01-02,68.1,60.3,Mobile,5.0
U0131,C002,2025-09-05,40.0,72.7,Desktop,3.0
U0223,C003,2025-09-06,9.4,22.5,Desktop,0.0
U0432,C041,2026-01-31,110.3,74.5,Desktop,1.0
U0343,C007,2025-10-06,120.3,89.8,Mobile,0.0
U0068,C024,2026-04-16,8.4,11.0,TV,0.0
U0346,C041,2026-01-12,115.3,77.9,Desktop,2.0
U0286,C037,2026-02-22,57.1,68.0,Tablet,3.0
U0467,C017,2026-03-03,28.7,71.7,TV,4.0
U0320,C023,2025-12-09,74.8,63.9,Tablet,4.0
U0448,C019,2025-12-24,102.0,90.3,Desktop,4.0
U0144,C002,2026-04-17,31.3,56.9,Desktop,2.0
U0199,C007,2025-10-21,57.4,42.8,TV,4.0
U0473,C025,2025-10-28,65.1,83.4,Desktop,3.0
U0041,C008,2025-06-18,41.5,69.2,TV,4.0
U0326,C022,2025-05-31,32.9,40.1,Tablet,2.0
U0407,C018,2025-12-11,57.3,49.0,Desktop,5.0
U0328,C030,2025-06-14,19.4,23.4,Desktop,3.0
U0215,C050,2026-03-07,140.4,99.6,Desktop,0.0
U0132,C013,2025-12-05,52.6,38.4,TV,0.0
U0448,C032,2025-12-16,18.2,24.0,Mobile,1.0
U0093,C001,2025-10-22,81.8,90.9,Mobile,4.0
U0415,C037,2025-08-27,55.6,66.2,Desktop,0.0
U0067,C040,2025-09-13,50.9,37.4,Mobile,5.0
U0082,C044,2026-04-12,24.9,40.9,Desktop,2.0
U0279,C046,2025-08-30,6.1,12.7,Tablet,0.0
U0447,C011,2025-10-09,88.9,76.0,TV,3.0
U0212,C050,2025-09-23,77.3,54.8,Tablet,1.0
U0059,C030,2026-03-29,76.3,91.9,Mobile,5.0
U0480,C036,2026-02-02,59.8,51.1,Tablet,1.0
U0007,C011,2025-10-26,99.9,85.4,Tablet,2.0
U0333,C023,2026-02-19,81.8,69.9,TV,0.0
U0301,C022,2025-09-29,59.0,72.0,Tablet,0.0
U0462,C016,2025-06-07,11.7,37.9,Desktop,3.0
U0220,C022,2025-05-19,34.6,42.2,Mobile,1.0
U0407,C015,2025-10-04,60.8,54.3,TV,2.0
U0075,C007,2026-04-14,59.6,44.5,Desktop,5.0
U0294,C019,2025-05-20,31.1,27.5,TV,3.0
U0162,C029,2025-12-30,18.5,33.0,Tablet,4.0
U0078,C028,2026-02-27,70.6,48.0,Tablet,3.0
U0313,C021,2025-04-24,30.2,79.4,Desktop,5.0
U0057,C028,2026-04-07,87.8,59.7,Desktop,1.0
U0127,C029,2025-12-18,28.3,50.6,TV,0.0
U0411,C033,2025-11-03,68.5,46.9,Desktop,4.0
U0497,C047,2025-08-25,55.0,67.9,Tablet,0.0
U0038,C010,2025-05-20,51.4,48.5,TV,5.0
U0301,C008,2025-04-26,38.2,63.6,Tablet,2.0
U0011,C001,2025-11-22,28.4,31.5,TV,2.0
U0416,C035,2025-12-26,107.8,84.2,Mobile,0.0
U0462,C018,2025-09-17,47.4,40.5,TV,4.0
U0097,C009,2025-12-14,40.6,44.6,Tablet,5.0
U0369,C029,2026-02-07,51.6,92.1,Tablet,0.0
U0426,C018,2026-02-14,37.6,32.1,Mobile,4.0
U0445,C043,2025-05-07,36.6,52.3,Tablet,0.0
U0258,C045,2026-02-23,89.0,87.3,Tablet,4.0
U0251,C020,2025-09-13,96.6,87.8,Tablet,2.0
U0063,C034,2025-10-04,9.5,19.8,TV,0.0
U0251,C033,2025-05-12,46.6,31.9,Tablet,0.0
U0215,C014,2026-03-08,34.8,87.1,Desktop,0.0
U0366,C015,2026-03-26,41.8,37.3,Desktop,0.0
U0161,C037,2025-11-23,45.9,54.7,TV,3.0
U0133,C050,2026-01-22,33.0,23.4,Mobile,4.0
U0487,C030,2025-05-01,81.7,98.4,Desktop,3.0
U0044,C007,2025-06-13,87.2,65.1,Tablet,2.0
U0472,C043,2026-03-21,37.2,53.2,Tablet,5.0
U0129,C031,2025-05-15,91.2,70.7,TV,0.0
U0037,C032,2026-04-06,30.6,40.3,Desktop,3.0
U0286,C033,2025-10-24,96.4,66.0,Desktop,0.0
U0003,C028,2025-11-21,47.3,32.2,Desktop,3.0
U0424,C035,2026-03-16,57.2,44.7,TV,0.0
U0032,C025,2025-07-15,60.6,77.7,TV,0.0
U0029,C013,2025-04-21,60.4,44.1,Mobile,0.0
U0472,C008,2025-09-10,38.7,64.5,TV,3.0
U0273,C021,2025-06-16,21.7,57.1,TV,0.0
U0292,C026,2026-03-21,62.8,51.5,TV,1.0
U0233,C046,2025-05-05,9.6,20.0,Tablet,4.0
U0474,C006,2025-05-23,58.5,83.6,TV,4.0
U0454,C048,2026-01-29,36.1,90.2,Desktop,1.0
U0484,C044,2025-04-28,49.0,80.4,Mobile,5.0
U0421,C048,2025-10-25,23.4,58.5,Tablet,2.0
U0361,C011,2025-05-10,32.8,28.0,TV,0.0
U0221,C034,2026-03-03,38.4,79.9,Desktop,2.0
U0247,C037,2025-10-15,59.1,70.4,Mobile,4.0
U0403,C040,2025-05-27,45.6,33.5,Mobile,0.0
U0277,C043,2025-08-27,57.6,82.3,TV,4.0
U0039,C037,2025-11-15,21.1,25.1,Desktop,5.0
U0157,C047,2025-09-19,44.5,54.9,Desktop,3.0
U0109,C044,2025-06-05,39.1,64.1,Tablet,0.0
U0166,C016,2026-03-15,24.8,80.0,Tablet,1.0
U0161,C039,2025-10-29,89.7,94.4,Desktop,0.0
U0073,C019,2025-12-27,46.0,40.7,Desktop,3.0
U0028,C038,2025-11-19,50.7,57.6,Desktop,1.0
U0139,C001,2026-03-09,73.3,81.4,Mobile,2.0
U0248,C007,2025-11-18,72.6,54.2,Desktop,0.0
U0388,C032,2025-10-28,42.9,56.4,TV,2.0
U0204,C005,2025-06-01,43.7,55.3,TV,1.0
U0286,C007,2026-02-14,93.5,69.8,Tablet,0.0
U0174,C044,2026-02-10,13.9,22.8,Desktop,3.0
U0137,C012,2025-12-31,96.9,89.7,Desktop,1.0
U0426,C015,2025-11-09,77.1,68.8,TV,3.0
U0093,C019,2025-11-19,100.1,88.6,Mobile,5.0
U0068,C039,2025-11-30,86.0,90.5,Mobile,0.0
U0227,C023,2025-10-14,89.2,76.2,Mobile,2.0
U0482,C044,2025-05-18,9.5,15.5,TV,3.0
U0046,C003,2025-12-31,4.4,10.5,Desktop,2.0
U0137,C019,2025-07-19,27.9,24.7,Tablet,3.0
U0048,C017,2025-08-30,9.9,24.8,Desktop,0.0
U0471,C029,2025-11-14,36.0,64.2,Mobile,5.0
U0322,C033,2025-11-15,121.9,83.5,Desktop,0.0
U0277,C049,2025-11-08,32.3,87.3,Desktop,1.0
U0264,C047,2025-07-06,65.0,80.3,TV,1.0
U0207,C024,2026-02-11,62.7,82.5,Tablet,4.0
U0015,C016,2026-04-18,10.8,34.7,TV,5.0
U0194,C023,2026-04-12,62.6,53.5,TV,5.0
U0395,C005,2025-09-30,23.9,30.3,Tablet,1.0
U0254,C014,2025-07-17,33.8,84.4,TV,0.0
U0404,C047,2025-09-24,37.2,45.9,Tablet,1.0
U0405,C027,2026-04-08,5.0,6.7,Desktop,4.0
U0113,C029,2025-07-26,42.5,75.9,Desktop,0.0
U0005,C037,2025-09-25,43.0,51.2,TV,5.0
U0369,C013,2025-07-19,76.0,55.5,TV,0.0
U0146,C010,2026-03-24,23.6,22.3,Desktop,5.0
U0250,C010,2026-01-26,73.2,69.1,Desktop,1.0
U0327,C049,2026-01-09,8.4,22.7,Desktop,3.0
U0327,C024,2025-07-14,7.8,10.2,TV,3.0
U0202,C009,2025-09-09,32.6,35.8,TV,0.0
U0309,C004,2025-11-03,19.4,71.9,Mobile,0.0
U0487,C029,2025-05-11,36.0,64.3,Tablet,3.0
U0159,C045,2026-01-18,81.3,79.7,Desktop,4.0
U0381,C023,2025-08-29,68.9,58.9,Desktop,3.0
U0245,C012,2026-04-07,57.9,53.6,Tablet,0.0
U0324,C020,2025-12-20,69.1,62.8,Mobile,4.0
U0350,C018,2025-11-11,50.0,42.7,TV,2.0
U0214,C026,2026-01-20,19.8,16.2,Mobile,2.0
U0446,C033,2025-09-11,69.5,47.6,Tablet,3.0
U0496,C011,2026-04-01,108.2,92.5,TV,0.0
U0267,C028,2025-07-24,88.1,59.9,Desktop,5.0
U0052,C035,2025-11-28,87.0,68.0,Mobile,5.0
U0070,C042,2025-07-10,36.4,77.4,Desktop,4.0
U0497,C040,2026-02-06,122.1,89.8,Mobile,2.0
U0111,C007,2026-04-03,125.7,93.8,Desktop,3.0
U0051,C024,2025-07-02,43.6,57.4,Tablet,4.0
U0390,C044,2026-01-05,13.1,21.4,Desktop,0.0
U0086,C032,2025-05-11,12.7,16.7,Tablet,0.0
U0018,C008,2025-08-07,54.2,90.4,Desktop,0.0
U0340,C050,2025-08-01,87.0,61.7,Mobile,0.0
U0358,C001,2025-08-28,52.7,58.6,Mobile,2.0
U0193,C022,2025-07-09,71.1,86.7,Desktop,1.0
U0112,C033,2025-07-26,95.5,65.4,Tablet,3.0
U0060,C008,2025-09-10,35.1,58.5,Desktop,3.0
U0496,C012,2026-02-22,105.2,97.4,Mobile,5.0
U0446,C035,2025-08-18,113.3,88.5,Desktop,0.0
U0195,C043,2025-11-06,63.4,90.5,Mobile,3.0
U0120,C009,2026-03-12,77.8,85.5,Desktop,1.0
U0076,C042,2025-11-05,38.8,82.6,TV,0.0
U0271,C048,2025-12-25,15.6,39.1,Mobile,2.0
U0229,C033,2026-01-03,23.7,16.2,Mobile,0.0
U0164,C007,2025-11-06,69.7,52.0,Mobile,0.0
U0088,C003,2026-02-02,27.2,64.7,TV,0.0
U0329,C002,2025-09-17,29.6,53.9,TV,5.0
U0039,C004,2025-07-16,12.0,44.5,Desktop,3.0
U0150,C027,2026-02-03,43.8,59.2,Tablet,0.0
U0376,C001,2025-09-17,60.8,67.5,Mobile,1.0
U0479,C033,2025-07-25,63.1,43.2,Tablet,0.0
U0477,C047,2025-10-07,69.5,85.8,Desktop,0.0
U0006,C024,2025-08-23,55.2,72.6,Mobile,2.0
U0459,C013,2025-04-24,48.9,35.7,Mobile,0.0
U0346,C031,2025-05-12,121.0,93.8,TV,5.0
U0440,C029,2025-11-12,31.9,57.0,Mobile,0.0
U0458,C017,2025-12-01,27.7,69.2,Mobile,0.0
U0278,C043,2026-01-27,27.2,38.9,TV,4.0
U0209,C032,2025-08-09,59.1,77.7,TV,0.0
U0138,C037,2025-12-29,44.0,52.4,Mobile,2.0
U0217,C020,2026-01-04,53.0,48.2,Mobile,0.0
U0453,C010,2026-04-09,86.0,81.1,Desktop,1.0
U0232,C033,2025-05-08,123.2,84.4,TV,4.0
U0302,C042,2025-10-31,31.2,66.4,Desktop,1.0
U0363,C033,2025-12-27,69.8,47.8,Tablet,4.0
U0322,C002,2025-06-12,47.2,85.8,Desktop,3.0
U0258,C026,2025-06-01,72.5,59.4,Tablet,1.0
U0274,C019,2026-01-14,69.9,61.9,TV,4.0
U0389,C026,2025-04-21,74.2,60.8,Tablet,4.0
U0233,C026,2026-02-15,44.2,36.2,Desktop,5.0
U0121,C020,2025-07-17,83.5,75.9,Mobile,2.0
U0218,C013,2026-03-18,102.1,74.5,Desktop,0.0
U0192,C026,2025-11-15,66.6,54.6,Tablet,0.0
U0206,C011,2025-09-03,92.3,78.9,Desktop,1.0
U0236,C003,2025-04-19,22.6,53.7,TV,0.0
U0139,C019,2026-01-17,23.1,20.4,Mobile,4.0
U0284,C035,2025-07-17,78.7,61.5,Desktop,3.0
U0057,C024,2025-08-23,42.2,55.5,TV,5.0
U0252,C042,2025-08-09,24.4,51.9,Tablet,0.0
U0130,C029,2025-04-29,33.7,60.2,Tablet,1.0
U0392,C042,2025-08-25,29.8,63.4,TV,1.0
U0484,C042,2026-03-24,9.6,20.5,Desktop,0.0
U0174,C030,2026-03-02,72.0,86.7,Mobile,0.0
U0371,C033,2025-07-15,65.1,44.6,Tablet,0.0
U0158,C014,2025-07-23,25.0,62.5,Tablet,0.0
U0218,C027,2026-02-12,34.4,46.5,Tablet,0.0
U0384,C029,2026-03-10,46.5,83.1,Mobile,0.0
U0462,C011,2026-03-08,103.3,88.3,Mobile,0.0
U0467,C031,2025-12-22,34.7,26.9,Desktop,4.0
U0069,C008,2025-06-27,19.4,32.4,TV,0.0
U0191,C003,2026-03-04,25.8,61.4,Tablet,3.0
U0449,C017,2026-01-23,10.1,25.3,TV,5.0
U0139,C009,2026-03-06,72.3,79.5,Tablet,0.0
U0368,C023,2025-12-10,54.3,46.4,TV,2.0
U0500,C021,2025-08-24,31.6,83.1,Tablet,4.0
U0392,C039,2026-01-07,89.5,94.2,Tablet,3.0
U0241,C043,2026-01-08,55.3,79.0,TV,4.0
U0321,C007,2025-11-04,18.4,13.7,Mobile,1.0
U0003,C050,2026-04-11,54.7,38.8,TV,5.0
U0223,C048,2025-09-02,7.9,19.8,Tablet,3.0
U0324,C025,2025-07-03,34.6,44.4,TV,4.0
U0240,C026,2026-01-05,4.5,3.7,Mobile,0.0
U0046,C033,2025-05-17,48.2,33.0,TV,0.0
U0270,C002,2025-09-07,46.3,84.2,Desktop,1.0
U0208,C024,2025-08-08,43.7,57.5,Tablet,5.0
U0374,C038,2025-08-24,27.4,31.1,TV,5.0
U0397,C021,2025-05-09,11.4,30.1,TV,4.0
U0472,C048,2025-10-04,24.2,60.5,TV,2.0
U0235,C038,2025-12-10,39.7,45.1,Tablet,3.0
U0385,C041,2025-10-31,123.0,83.1,Tablet,2.0
U0131,C044,2025-09-17,47.1,77.2,Mobile,5.0
U0115,C043,2025-05-09,43.6,62.3,TV,5.0
U0046,C022,2025-12-02,70.4,85.8,TV,2.0
U0456,C021,2025-07-31,19.3,50.7,Desktop,4.0
U0483,C039,2025-11-04,54.5,57.4,Desktop,4.0
U0223,C048,2026-03-30,13.6,33.9,Tablet,5.0
U0126,C014,2025-09-04,32.9,82.3,Tablet,0.0
U0230,C010,2025-12-01,24.0,22.6,Desktop,4.0
U0112,C045,2026-04-03,42.5,41.7,Tablet,0.0
U0412,C025,2025-11-26,43.4,55.7,Desktop,2.0
U0335,C028,2025-10-08,121.4,82.6,Desktop,0.0
U0114,C031,2025-09-29,121.1,93.9,Tablet,2.0
U0372,C047,2026-02-12,59.3,73.2,Tablet,2.0
U0160,C023,2025-09-12,46.9,40.1,TV,0.0
U0184,C050,2025-08-11,101.8,72.2,Mobile,3.0
U0317,C047,2025-10-20,23.8,29.4,TV,4.0
U0267,C021,2025-08-08,19.0,49.9,TV,0.0
U0222,C009,2025-06-29,73.3,80.5,Mobile,1.0
U0324,C008,2025-10-27,53.5,89.1,Tablet,1.0
U0288,C016,2026-01-31,27.9,89.9,Tablet,0.0
U0028,C012,2025-08-17,61.8,57.2,Desktop,1.0
U0086,C043,2025-06-30,4.8,6.8,Desktop,2.0
U0237,C050,2025-07-14,76.1,54.0,Mobile,3.0
U0343,C046,2026-02-09,43.2,90.0,TV,3.0
U0299,C005,2025-09-02,65.7,83.2,Tablet,4.0
U0151,C020,2026-03-12,88.0,80.0,Mobile,0.0
U0133,C005,2026-02-21,67.4,85.3,TV,1.0
U0253,C001,2026-04-05,68.0,75.6,TV,5.0
U0024,C008,2026-03-30,44.3,73.8,TV,0.0
U0381,C009,2026-01-10,12.7,14.0,Mobile,5.0
U0326,C032,2025-05-20,35.0,46.1,Mobile,2.0
U0051,C015,2025-11-22,36.4,32.5,Tablet,1.0
U0180,C031,2025-09-25,74.6,57.8,Desktop,5.0
U0065,C049,2026-03-01,17.3,46.8,Mobile,1.0
U0349,C004,2025-08-27,13.8,51.2,TV,1.0
U0381,C030,2025-07-05,9.3,11.2,Mobile,5.0
U0216,C027,2025-10-04,57.4,77.6,Desktop,2.0
U0129,C027,2026-03-13,43.7,59.1,Desktop,0.0
U0068,C017,2026-04-09,33.1,82.7,Tablet,0.0
U0304,C009,2025-07-19,13.6,14.9,Tablet,5.0
U0379,C020,2026-02-18,62.4,56.7,Tablet,4.0
U0102,C006,2025-10-11,64.3,91.8,Mobile,1.0
U0363,C014,2025-06-04,24.6,61.6,Mobile,2.0
U0129,C009,2025-12-24,65.2,71.6,Mobile,0.0
U0250,C025,2025-06-23,24.1,30.9,Tablet,0.0
U0239,C044,2025-10-07,45.1,74.0,Tablet,0.0
U0216,C010,2025-12-28,63.4,59.8,Tablet,2.0
U0192,C026,2025-12-22,52.8,43.3,Mobile,0.0
U0410,C020,2025-06-19,76.0,69.1,Desktop,2.0
U0105,C002,2026-03-18,23.5,42.7,Tablet,0.0
U0384,C021,2025-08-10,5.6,14.8,Mobile,0.0
U0286,C033,2025-05-12,95.5,65.4,Tablet,5.0
U0423,C044,2025-07-09,41.7,68.4,Desktop,4.0
U0035,C036,2026-02-22,97.8,83.6,Mobile,5.0
U0481,C014,2025-11-26,28.6,71.5,TV,2.0
U0090,C033,2025-07-13,41.3,28.3,TV,1.0
U0006,C013,2026-01-31,41.6,30.4,TV,0.0
U0427,C015,2025-05-17,52.6,47.0,Mobile,4.0
U0103,C010,2025-10-15,95.2,89.8,TV,2.0
U0232,C007,2025-11-12,48.6,36.3,Desktop,0.0
U0190,C026,2025-09-06,73.4,60.2,Tablet,1.0
U0078,C019,2025-10-12,65.7,58.1,TV,0.0
U0410,C047,2025-09-14,50.4,62.2,Mobile,4.0
U0038,C021,2025-11-06,12.7,33.3,Mobile,0.0
U0205,C047,2025-10-22,23.2,28.6,Desktop,3.0
U0462,C011,2026-03-08,56.6,48.4,TV,4.0
U0476,C037,2025-07-22,33.3,39.7,TV,4.0
U0440,C021,2025-11-17,33.2,87.5,Tablet,1.0
U0321,C022,2025-11-19,5.3,6.5,Tablet,4.0
U0228,C033,2026-01-17,47.2,32.3,TV,5.0
U0303,C049,2026-01-30,19.4,52.4,Tablet,0.0
U0213,C025,2025-11-02,14.8,19.0,Tablet,3.0
U0022,C029,2025-05-31,47.4,84.6,Desktop,4.0
U0365,C014,2026-01-29,16.0,40.0,Tablet,2.0
U0437,C031,2026-04-11,54.7,42.4,TV,3.0
U0115,C025,2025-10-31,40.4,51.8,Mobile,1.0
U0208,C043,2025-06-13,47.9,68.4,Tablet,0.0
U0163,C017,2025-07-16,17.4,43.6,TV,4.0
U0306,C001,2025-06-02,65.2,72.4,Tablet,4.0
U0496,C016,2026-01-20,16.6,53.6,Desktop,1.0
U0109,C007,2025-09-07,77.5,57.8,Tablet,0.0
U0162,C018,2026-01-14,85.9,73.4,TV,2.0
U0063,C021,2025-10-04,34.7,91.4,Mobile,0.0
U0231,C014,2025-05-04,29.9,74.7,Desktop,4.0
U0159,C047,2026-03-28,51.5,63.6,Mobile,3.0
U0310,C018,2026-03-02,30.5,26.1,Tablet,2.0
U0035,C034,2025-10-06,34.4,71.6,TV,4.0
U0406,C046,2025-11-02,34.3,71.5,Mobile,0.0
U0387,C023,2025-11-08,113.6,97.1,TV,0.0
U0423,C012,2025-12-29,40.2,37.2,Mobile,4.0
U0350,C015,2025-10-16,53.0,47.3,Tablet,5.0
U0221,C003,2026-02-25,12.4,29.6,Mobile,0.0
U0400,C020,2026-04-04,9.2,8.4,Desktop,3.0
U0237,C019,2025-12-02,77.4,68.5,Desktop,2.0
U0123,C011,2026-01-22,99.1,84.7,Tablet,4.0
U0005,C012,2025-12-27,53.7,49.7,Tablet,0.0
U0179,C020,2025-08-03,95.0,86.4,Mobile,0.0
U0417,C031,2025-10-21,79.9,61.9,Tablet,2.0
U0037,C038,2025-09-10,25.0,28.4,Mobile,5.0
U0117,C004,2025-06-26,25.7,95.3,Tablet,0.0
U0305,C042,2025-12-15,17.2,36.6,Tablet,1.0
U0175,C049,2026-04-19,10.7,28.9,Desktop,2.0
U0183,C049,2025-06-05,18.5,50.0,Desktop,5.0
U0166,C009,2026-03-06,62.3,68.5,Mobile,5.0
U0058,C021,2025-09-13,31.9,84.0,TV,0.0
U0164,C030,2026-01-27,44.3,53.4,TV,0.0
U0339,C027,2026-04-05,51.6,69.7,Desktop,3.0
U0377,C014,2025-11-20,10.4,26.1,Tablet,1.0
U0261,C028,2025-06-17,45.9,31.2,TV,2.0
U0104,C045,2025-05-14,38.8,38.0,TV,3.0
U0498,C024,2026-04-04,26.4,34.7,TV,5.0
U0451,C022,2025-05-14,61.8,75.4,Mobile,5.0
U0328,C013,2025-11-28,111.1,81.1,Tablet,5.0
U0083,C046,2025-06-06,32.1,66.9,Tablet,2.0
U0371,C012,2025-10-19,87.9,81.4,TV,2.0
U0287,C049,2025-07-20,28.5,76.9,Desktop,0.0
U0408,C040,2026-01-10,22.0,16.2,Desktop,0.0
U0262,C049,2025-12-26,17.9,48.4,Desktop,1.0
U0124,C044,2025-08-26,54.2,88.8,TV,1.0
U0189,C018,2026-02-21,55.3,47.3,Desktop,0.0
U0134,C050,2026-01-13,10.6,7.5,Desktop,0.0
U0259,C010,2025-12-29,43.5,41.0,Mobile,1.0
U0229,C038,2026-01-08,71.7,81.5,Tablet,5.0
U0407,C033,2025-10-03,124.8,85.5,TV,0.0
U0269,C027,2025-11-09,37.1,50.2,TV,2.0
U0198,C004,2025-08-01,22.7,84.2,TV,3.0
U0225,C012,2025-06-01,52.1,48.2,Desktop,2.0
U0108,C005,2025-08-07,71.5,90.5,Tablet,0.0
U0264,C050,2025-12-09,8.5,6.0,Mobile,3.0
U0423,C019,2025-06-27,95.4,84.4,Mobile,2.0
U0414,C016,2025-11-14,19.7,63.4,Mobile,0.0
U0483,C007,2025-11-27,76.4,57.0,Tablet,2.0
U0092,C049,2025-10-21,31.6,85.4,TV,2.0
U0316,C025,2026-01-05,33.7,43.2,Mobile,4.0
U0001,C033,2025-07-13,130.8,89.6,Tablet,4.0
U0023,C048,2026-04-13,13.7,34.3,TV,2.0
U0303,C002,2025-07-06,31.5,57.2,Mobile,5.0
U0369,C025,2026-03-27,71.8,92.1,Tablet,3.0
U0279,C019,2025-07-25,64.6,57.2,TV,0.0
U0460,C014,2025-11-18,32.4,81.0,Mobile,2.0
U0040,C005,2025-11-30,42.7,54.0,Desktop,4.0
U0338,C002,2025-12-17,41.4,75.2,TV,0.0
U0477,C015,2025-11-03,73.9,66.0,Tablet,3.0
U0390,C021,2025-09-16,32.7,86.1,Desktop,1.0
U0386,C049,2025-09-16,33.6,90.7,Desktop,0.0
U0261,C038,2025-07-26,82.0,93.2,Tablet,3.0
U0002,C008,2026-02-28,25.9,43.2,Desktop,4.0
U0070,C018,2026-03-20,99.9,85.4,Desktop,0.0
U0127,C045,2026-01-22,86.2,84.5,Desktop,5.0
U0499,C016,2025-07-11,7.0,22.6,Desktop,2.0
U0329,C026,2026-03-10,52.0,42.6,TV,4.0
U0269,C002,2025-12-08,19.4,35.2,Mobile,1.0
U0285,C027,2026-03-08,44.3,59.8,TV,5.0
U0011,C022,2025-08-19,46.5,56.7,Desktop,2.0
U0250,C011,2025-05-26,33.7,28.8,Tablet,3.0
U0354,C015,2025-09-23,70.4,62.9,TV,5.0
U0366,C001,2025-07-25,19.1,21.2,TV,3.0
U0203,C022,2025-07-24,68.8,83.9,TV,3.0
U0194,C026,2025-08-14,22.6,18.5,Tablet,1.0
U0054,C010,2025-12-03,2.5,2.4,Desktop,1.0
U0431,C009,2025-05-29,63.0,69.2,TV,0.0
U0298,C016,2026-01-21,2.2,7.0,TV,3.0
U0479,C004,2025-07-04,11.9,43.9,Mobile,2.0
U0162,C010,2025-08-09,87.5,82.5,Tablet,2.0
U0454,C018,2025-07-09,50.7,43.3,Desktop,4.0
U0358,C026,2025-12-04,17.2,14.1,Tablet,0.0
U0149,C046,2025-12-01,20.4,42.5,Tablet,1.0
U0140,C047,2025-10-13,36.7,45.3,Mobile,1.0
U0390,C038,2026-03-19,25.5,29.0,Mobile,4.0
U0103,C050,2025-10-26,87.8,62.3,Mobile,0.0
U0266,C048,2026-04-03,2.8,7.1,TV,2.0
U0320,C041,2025-06-05,67.0,45.3,Desktop,5.0
U0054,C044,2025-11-29,36.8,60.3,Mobile,4.0
U0369,C028,2025-05-23,43.4,29.5,Desktop,1.0
U0391,C005,2025-11-28,20.8,26.3,Tablet,0.0
U0482,C010,2026-01-14,38.5,36.3,Mobile,3.0
U0497,C010,2025-07-18,99.1,93.5,TV,4.0
U0085,C017,2025-05-17,36.6,91.4,Mobile,4.0
U0272,C019,2025-10-15,20.6,18.2,TV,1.0
U0099,C030,2026-01-25,54.2,65.3,Tablet,5.0
U0064,C028,2025-05-16,123.9,84.3,Mobile,1.0
U0384,C020,2025-08-25,88.1,80.1,Mobile,0.0
U0373,C028,2025-11-08,73.1,49.7,Tablet,0.0
U0300,C027,2026-03-24,30.2,40.8,TV,4.0
U0406,C020,2025-08-12,21.0,19.1,Tablet,3.0
U0422,C048,2026-03-19,28.3,70.7,Tablet,4.0
U0100,C027,2026-02-14,47.8,64.6,TV,3.0
U0462,C030,2025-12-10,73.4,88.4,Mobile,0.0
U0430,C045,2025-06-04,36.8,36.1,Tablet,4.0
U0413,C032,2026-03-28,58.4,76.8,Mobile,2.0
U0149,C015,2025-12-18,84.8,75.7,Mobile,1.0
U0062,C013,2025-06-16,84.5,61.7,Mobile,2.0
U0057,C010,2026-01-12,96.6,91.1,TV,0.0
U0211,C049,2025-07-31,17.6,47.6,Mobile,4.0
U0151,C014,2025-12-21,23.5,58.7,Tablet,2.0
U0070,C011,2025-08-16,59.9,51.2,Desktop,3.0
U0035,C021,2026-02-19,27.8,73.2,TV,2.0
U0028,C019,2025-12-28,44.4,39.3,Tablet,3.0
U0011,C026,2025-04-20,64.9,53.2,Mobile,4.0
U0417,C012,2025-11-08,74.2,68.7,Tablet,0.0
U0048,C009,2025-12-15,71.7,78.8,Tablet,2.0
U0225,C028,2026-02-04,59.4,40.4,Desktop,1.0
U0081,C041,2026-03-18,130.7,88.3,Desktop,3.0
U0382,C028,2025-04-29,112.3,76.4,Mobile,0.0
U0194,C050,2026-03-13,81.2,57.6,Tablet,1.0
U0183,C022,2025-09-15,26.3,32.1,TV,4.0
U0188,C032,2025-05-05,16.6,21.8,Mobile,3.0
U0205,C035,2026-03-03,91.1,71.2,Desktop,1.0
U0476,C044,2026-02-20,40.4,66.3,TV,3.0
U0204,C039,2025-09-18,38.8,40.8,TV,0.0
U0188,C006,2025-06-10,34.9,49.9,TV,0.0
U0444,C038,2025-07-08,49.8,56.6,Mobile,5.0
U0089,C030,2025-10-27,71.9,86.6,Mobile,3.0
U0253,C028,2026-01-09,134.7,91.6,Tablet,0.0
U0164,C010,2026-01-19,84.2,79.4,TV,5.0
U0231,C003,2025-09-05,34.9,83.2,Desktop,3.0
U0369,C029,2026-03-03,21.3,38.0,TV,0.0
U0230,C050,2025-07-15,79.4,56.3,Mobile,5.0
U0070,C026,2026-03-18,49.8,40.8,Mobile,1.0
U0264,C035,2025-11-02,126.2,98.6,Mobile,3.0
U0062,C018,2025-08-22,6.6,5.6,Mobile,1.0
U0193,C046,2025-09-03,18.2,38.0,Tablet,5.0
U0411,C038,2025-11-19,41.6,47.3,Tablet,0.0
U0456,C009,2025-06-29,46.5,51.1,Tablet,5.0
U0133,C010,2025-07-10,46.4,43.8,Desktop,2.0
U0398,C011,2025-04-26,39.3,33.6,TV,3.0
U0462,C045,2025-11-22,85.5,83.8,TV,4.0
U0222,C024,2025-10-26,40.1,52.7,Mobile,5.0
U0215,C026,2026-01-24,86.1,70.6,TV,5.0
U0030,C020,2026-01-07,31.6,28.7,Mobile,2.0
U0139,C023,2025-10-29,17.6,15.0,Desktop,5.0
U0066,C015,2026-04-14,15.2,13.6,Desktop,2.0
U0051,C014,2025-11-30,16.5,41.3,TV,2.0
U0129,C021,2025-10-18,15.5,40.8,Desktop,3.0
U0126,C020,2026-02-08,76.7,69.7,TV,3.0
U0280,C033,2026-01-20,50.2,34.4,Tablet,3.0
U0101,C012,2026-01-22,60.0,55.6,Tablet,2.0
U0353,C011,2025-08-19,60.4,51.6,Tablet,1.0
U0119,C017,2026-01-30,6.8,17.0,TV,1.0
U0326,C031,2025-12-04,69.1,53.6,Mobile,0.0
U0441,C030,2026-04-15,58.9,71.0,Mobile,0.0
U0384,C025,2026-03-28,62.4,80.0,TV,4.0
U0110,C018,2026-04-03,22.7,19.4,Mobile,0.0
U0381,C014,2025-08-16,9.5,23.8,Tablet,5.0
U0340,C048,2026-02-10,19.1,47.7,Tablet,2.0
U0328,C032,2026-03-27,28.0,36.9,Mobile,0.0
U0339,C004,2025-09-19,11.9,44.0,Tablet,5.0
U0286,C012,2025-08-07,44.0,40.7,Tablet,5.0
U0318,C049,2026-01-23,23.7,64.1,Desktop,3.0
U0116,C040,2026-02-12,54.4,40.0,Tablet,2.0
U0395,C012,2026-01-07,63.1,58.4,Desktop,0.0
U0338,C034,2025-09-28,42.0,87.6,TV,3.0
U0159,C028,2026-03-20,65.0,44.2,Tablet,3.0
U0427,C033,2026-03-20,120.0,82.2,Desktop,1.0
U0340,C033,2025-07-23,116.9,80.1,Desktop,4.0
U0302,C012,2026-01-02,77.1,71.4,Tablet,4.0
U0341,C046,2025-07-03,37.4,78.0,Tablet,4.0
U0232,C034,2026-02-18,34.4,71.7,Desktop,5.0
U0294,C021,2025-11-06,20.6,54.2,Desktop,4.0
U0498,C005,2025-08-01,17.3,21.9,TV,2.0
U0110,C032,2025-06-21,48.0,63.2,Tablet,5.0
U0181,C019,2025-11-25,73.5,65.0,Tablet,3.0
U0044,C046,2025-06-16,38.8,80.9,Desktop,0.0
U0023,C036,2025-05-30,56.6,48.4,Mobile,2.0
U0094,C021,2026-02-11,8.0,21.0,Mobile,3.0
U0359,C026,2026-04-14,39.0,32.0,Mobile,4.0
U0262,C001,2025-12-21,72.8,80.9,TV,4.0
U0355,C038,2025-07-11,70.5,80.1,Mobile,1.0
U0059,C030,2025-11-08,18.0,21.7,TV,0.0
U0389,C016,2025-09-09,15.3,49.4,Tablet,2.0
U0228,C014,2025-05-24,22.6,56.4,Tablet,3.0
U0048,C017,2025-07-11,5.1,12.8,Desktop,5.0
U0262,C002,2026-04-14,45.8,83.3,TV,2.0
U0202,C046,2025-05-24,28.2,58.8,Mobile,2.0
U0062,C049,2025-05-27,14.8,39.9,Mobile,0.0
U0079,C023,2025-05-03,92.2,78.8,TV,1.0
U0273,C029,2025-11-10,39.6,70.8,Mobile,2.0
U0497,C036,2025-04-19,72.2,61.7,Desktop,4.0
U0305,C020,2025-06-21,94.9,86.3,Mobile,0.0
U0349,C025,2025-12-03,14.7,18.8,Tablet,4.0
U0478,C016,2025-06-02,16.7,53.9,Tablet,1.0
U0202,C045,2025-07-18,59.4,58.2,TV,2.0
U0456,C026,2026-01-12,106.1,87.0,Mobile,1.0
U0348,C005,2025-05-26,39.4,49.9,Mobile,5.0
U0154,C033,2025-07-27,29.3,20.1,Desktop,5.0
U0478,C045,2025-05-31,65.0,63.7,Desktop,2.0
U0473,C041,2026-04-05,113.8,76.9,Tablet,2.0
U0236,C031,2026-03-03,102.9,79.8,Mobile,2.0
U0046,C012,2025-07-31,80.9,74.9,Mobile,1.0
U0150,C046,2026-03-19,23.3,48.6,Desktop,5.0
U0357,C007,2025-12-22,50.7,37.8,TV,2.0
U0011,C011,2025-11-12,23.4,20.0,Mobile,1.0
U0256,C031,2025-12-16,25.4,19.7,TV,0.0
U0359,C041,2025-09-03,87.8,59.3,Mobile,2.0
U0224,C043,2025-05-10,55.2,78.9,Desktop,4.0
U0280,C021,2025-09-09,10.8,28.4,Desktop,0.0
U0402,C043,2025-05-21,11.8,16.9,Desktop,5.0
U0121,C023,2025-05-24,98.5,84.2,Desktop,1.0
U0412,C039,2026-02-23,51.3,54.0,Tablet,1.0
U0212,C018,2025-10-14,81.7,69.8,Desktop,0.0
U0389,C001,2025-09-15,41.9,46.5,Mobile,3.0
U0246,C021,2025-06-21,35.5,93.3,Mobile,4.0
U0007,C021,2026-03-05,20.7,54.5,Tablet,2.0
U0305,C032,2026-03-07,58.6,77.1,Tablet,2.0
U0100,C025,2025-09-09,68.2,87.4,Tablet,2.0
U0142,C048,2026-01-13,32.4,80.9,Desktop,0.0
U0407,C045,2025-05-18,54.1,53.0,Mobile,1.0
U0001,C012,2025-06-26,38.6,35.7,Desktop,1.0
U0161,C004,2026-03-10,13.1,48.4,Mobile,3.0
U0245,C042,2025-05-14,42.3,90.0,Tablet,2.0
U0121,C027,2025-11-27,23.2,31.4,Mobile,3.0
U0286,C006,2025-07-05,40.7,58.1,Tablet,4.0
U0271,C034,2025-11-30,30.2,63.0,TV,4.0
U0447,C024,2025-04-22,23.6,31.0,TV,1.0
U0136,C047,2026-01-17,47.3,58.4,Tablet,1.0
U0245,C031,2025-10-21,59.5,46.1,Desktop,3.0
U0141,C033,2026-02-18,92.6,63.4,Desktop,0.0
U0375,C012,2025-05-13,90.7,84.0,Tablet,0.0
U0195,C021,2025-09-24,27.2,71.7,Desktop,1.0
U0156,C012,2026-04-05,36.1,33.4,Mobile,0.0
U0097,C040,2025-11-02,30.9,22.7,Desktop,1.0
U0450,C013,2026-01-06,110.6,80.7,Tablet,0.0
U0269,C032,2025-08-18,54.7,72.0,Desktop,5.0
U0360,C031,2025-10-23,103.3,80.1,Desktop,5.0
U0224,C025,2026-02-01,31.7,40.6,TV,1.0
U0500,C001,2026-02-24,56.1,62.3,TV,4.0
U0024,C029,2026-03-26,49.2,87.8,Mobile,4.0
U0042,C002,2025-09-24,48.7,88.6,Tablet,3.0
U0082,C023,2025-06-12,66.1,56.5,Mobile,4.0
U0180,C028,2025-06-30,89.8,61.1,Tablet,0.0
U0143,C041,2026-01-09,133.2,90.0,TV,0.0
U0254,C022,2025-06-14,45.9,56.0,TV,0.0
U0380,C026,2025-09-18,93.2,76.4,TV,0.0
U0394,C030,2025-08-19,65.7,79.2,Mobile,2.0
U0311,C027,2026-02-16,45.9,62.0,Tablet,5.0
U0015,C012,2025-05-09,55.4,51.3,Desktop,0.0
U0148,C047,2026-02-18,64.2,79.3,Desktop,0.0
U0446,C028,2025-08-04,96.9,65.9,TV,4.0
U0472,C033,2025-11-26,29.2,20.0,Mobile,2.0
U0227,C011,2025-11-12,57.4,49.1,Tablet,2.0
U0247,C024,2025-10-19,23.9,31.5,TV,1.0
U0052,C001,2025-09-15,32.9,36.5,Tablet,4.0
U0067,C023,2025-06-24,19.9,17.0,Mobile,0.0
U0322,C035,2026-01-10,88.7,69.3,TV,5.0
U0242,C041,2025-08-07,91.9,62.1,Mobile,5.0
U0147,C006,2025-04-27,22.6,32.3,TV,3.0
U0126,C008,2026-02-03,23.6,39.3,Mobile,0.0
U0176,C041,2025-11-23,79.6,53.8,TV,0.0
U0361,C018,2025-05-18,79.3,67.8,Desktop,0.0
U0321,C031,2025-07-07,14.4,11.2,Tablet,1.0
U0311,C020,2025-09-03,59.0,53.6,Mobile,4.0
U0116,C042,2025-08-24,27.2,57.8,Desktop,1.0
U0186,C021,2025-07-17,21.7,57.1,Mobile,5.0
U0391,C050,2025-08-08,98.6,69.9,Tablet,2.0
U0360,C016,2025-09-24,20.3,65.5,Tablet,2.0
U0324,C011,2025-05-03,34.5,29.5,Tablet,0.0
U0038,C032,2025-10-30,58.1,76.5,Tablet,2.0
U0492,C035,2025-06-22,73.2,57.2,Mobile,1.0
U0028,C007,2025-09-16,103.3,77.1,Mobile,0.0
U0444,C023,2025-07-02,50.4,43.1,Tablet,2.0
U0089,C050,2025-08-06,102.1,72.4,Tablet,1.0
U0187,C003,2025-08-17,20.8,49.6,Tablet,0.0
U0239,C015,2025-08-19,84.7,75.6,Tablet,0.0
U0458,C018,2025-08-13,86.5,73.9,Mobile,5.0
U0136,C017,2025-08-08,30.5,76.3,TV,4.0
U0338,C033,2025-07-31,103.5,70.9,Mobile,5.0
U0113,C047,2025-06-28,70.6,87.2,Tablet,0.0
U0011,C039,2025-06-30,58.3,61.4,Tablet,1.0
U0377,C011,2025-05-03,55.7,47.6,Tablet,1.0
U0338,C044,2025-05-07,7.0,11.4,Mobile,5.0
U0088,C028,2025-11-20,125.8,85.6,TV,1.0
U0198,C006,2025-04-20,53.5,76.4,TV,1.0
U0038,C001,2025-09-15,47.1,52.3,Tablet,1.0
U0004,C024,2025-06-06,31.5,41.5,TV,4.0
U0449,C034,2025-11-10,38.2,79.6,TV,0.0
U0355,C043,2025-08-04,25.8,36.8,Desktop,0.0
U0209,C031,2026-03-15,81.0,62.8,Tablet,2.0
U0469,C047,2026-04-09,42.6,52.6,Mobile,3.0
U0325,C019,2026-02-19,85.1,75.3,TV,3.0
U0352,C010,2026-01-13,96.7,91.2,TV,4.0
U0454,C032,2025-06-12,15.3,20.1,Tablet,3.0
U0134,C046,2025-10-18,47.7,99.3,Desktop,2.0
U0333,C028,2025-10-18,92.9,63.2,Desktop,5.0
U0055,C031,2025-08-26,97.3,75.4,Desktop,0.0
U0103,C007,2026-04-17,72.8,54.3,Mobile,3.0
U0009,C007,2025-06-29,75.8,56.6,Mobile,5.0
U0306,C015,2025-10-03,43.8,39.1,TV,0.0
U0037,C008,2025-05-20,21.9,36.5,Tablet,3.0
U0466,C007,2026-03-17,34.3,25.6,Mobile,0.0
U0345,C025,2025-11-25,28.5,36.6,TV,2.0
U0020,C010,2025-10-24,81.0,76.4,Tablet,3.0
U0328,C039,2025-10-18,14.6,15.4,Desktop,5.0
U0491,C028,2026-03-20,87.3,59.4,Mobile,0.0
U0166,C031,2026-04-05,100.7,78.1,Tablet,0.0
U0364,C040,2026-03-12,68.8,50.6,Tablet,3.0
U0203,C027,2025-10-04,65.0,87.8,Desktop,0.0
U0149,C003,2026-03-30,16.9,40.2,TV,5.0
U0102,C038,2026-03-26,7.9,9.0,Mobile,0.0
U0175,C048,2025-07-25,17.2,43.1,Desktop,4.0
U0480,C019,2026-03-11,77.5,68.6,Desktop,0.0
U0119,C011,2025-12-22,25.5,21.8,Desktop,3.0
U0402,C014,2025-08-10,9.8,24.6,TV,1.0
U0020,C008,2025-09-21,19.5,32.5,TV,2.0
U0395,C024,2025-05-04,33.4,44.0,TV,1.0
U0308,C018,2025-05-13,65.9,56.3,Desktop,4.0
U0139,C049,2025-05-07,26.5,71.7,TV,4.0
U0333,C024,2026-02-27,47.8,62.9,Mobile,5.0
U0380,C032,2025-11-14,48.6,64.0,Desktop,0.0
U0228,C010,2025-07-25,13.0,12.3,Mobile,1.0
U0099,C014,2026-01-11,19.7,49.3,Tablet,1.0
U0010,C008,2025-07-12,43.9,73.2,Desktop,0.0
U0168,C012,2026-03-22,21.0,19.4,Tablet,0.0
U0352,C037,2025-09-25,38.6,46.0,Desktop,0.0
U0060,C025,2025-09-27,69.3,88.9,TV,1.0
U0239,C048,2025-04-30,30.2,75.6,TV,0.0
U0284,C005,2025-08-20,77.8,98.5,TV,2.0
U0395,C029,2025-12-08,32.6,58.2,Tablet,0.0
U0186,C012,2026-04-19,73.1,67.7,Tablet,2.0
U0051,C004,2026-02-16,15.3,56.6,Desktop,0.0
U0188,C029,2025-08-07,23.4,41.7,TV,2.0
U0044,C032,2026-02-25,24.4,32.1,Tablet,4.0
U0406,C044,2026-02-15,28.2,46.2,Mobile,2.0
U0418,C047,2025-04-29,50.0,61.7,Mobile,0.0
U0035,C017,2025-06-16,25.2,62.9,TV,1.0
U0455,C020,2026-04-05,14.2,12.9,TV,0.0
U0294,C001,2025-06-27,70.1,77.9,TV,4.0
U0028,C035,2025-08-09,124.9,97.6,Mobile,4.0
U0408,C006,2025-07-21,26.7,38.1,Desktop,5.0
U0047,C043,2026-01-08,67.0,95.7,TV,2.0
U0301,C025,2025-04-25,34.2,43.8,TV,1.0
U0439,C009,2026-01-24,54.2,59.6,Desktop,5.0
U0149,C005,2026-01-04,41.6,52.7,Desktop,1.0
U0492,C043,2026-03-30,56.4,80.6,Tablet,0.0
U0141,C049,2025-05-01,23.6,63.8,TV,0.0
U0381,C005,2025-09-16,58.5,74.0,Desktop,3.0
U0414,C039,2025-09-30,79.1,83.3,Tablet,2.0
U0164,C010,2025-06-06,37.3,35.2,Desktop,5.0
U0474,C015,2026-01-20,43.9,39.2,TV,4.0
U0421,C019,2025-07-11,55.5,49.1,Mobile,0.0
U0329,C044,2026-03-15,47.8,78.4,Tablet,3.0
U0307,C044,2025-10-07,13.4,22.0,TV,2.0
U0383,C025,2025-04-24,10.3,13.2,TV,4.0
U0146,C032,2026-04-18,49.7,65.4,TV,4.0
U0425,C042,2026-04-06,43.4,92.3,TV,0.0
U0429,C024,2025-09-03,54.6,71.9,Mobile,4.0
U0060,C034,2026-01-24,20.0,41.7,Mobile,4.0
U0318,C023,2025-12-16,91.4,78.1,Tablet,3.0
U0079,C033,2026-01-28,18.5,12.7,Mobile,2.0
U0485,C014,2025-10-20,24.9,62.3,Mobile,2.0
U0482,C041,2026-04-16,25.3,17.1,Tablet,0.0
U0379,C032,2025-12-06,37.9,49.9,Mobile,2.0
U0258,C013,2025-04-22,38.4,28.0,Desktop,3.0
U0077,C050,2025-06-12,75.0,53.2,Desktop,1.0
U0002,C045,2025-11-05,40.1,39.3,Tablet,0.0
U0218,C012,2025-05-13,92.3,85.5,Tablet,4.0
U0363,C032,2026-03-31,20.5,27.0,Tablet,5.0
U0131,C012,2025-04-23,56.4,52.2,Tablet,1.0
U0058,C024,2026-03-25,43.8,57.6,Desktop,1.0
U0026,C043,2025-10-21,24.8,35.4,TV,0.0
U0488,C042,2025-12-16,28.2,60.1,Tablet,2.0
U0312,C046,2026-01-31,24.4,50.8,Desktop,2.0
U0300,C023,2025-11-19,103.0,88.0,Mobile,0.0
U0165,C007,2025-08-18,93.1,69.5,Mobile,0.0
U0016,C031,2025-05-29,53.5,41.5,TV,4.0
U0375,C007,2025-11-03,17.7,13.2,Tablet,5.0
U0128,C034,2025-09-23,27.2,56.6,Mobile,0.0
U0246,C001,2025-07-18,53.4,59.3,Desktop,0.0
U0116,C008,2025-12-23,29.4,49.0,Mobile,3.0
U0004,C040,2025-11-26,61.3,45.1,Tablet,5.0
U0279,C020,2025-09-19,42.7,38.8,Desktop,3.0
U0002,C013,2025-04-19,59.0,43.1,Desktop,3.0
U0064,C007,2026-03-12,109.5,81.7,TV,2.0
U0087,C020,2026-04-14,26.2,23.8,TV,1.0
U0333,C033,2026-02-20,126.6,86.7,Mobile,4.0
U0285,C012,2025-10-26,64.4,59.6,Desktop,4.0
U0467,C035,2025-07-18,106.0,82.8,TV,0.0
U0165,C016,2025-06-28,24.0,77.4,Mobile,4.0
U0456,C043,2025-05-15,44.6,63.7,Tablet,4.0
U0048,C007,2026-02-02,54.5,40.7,Mobile,5.0
U0098,C017,2025-06-12,27.2,68.1,Tablet,0.0
U0397,C014,2025-12-07,30.6,76.6,Desktop,0.0
U0459,C001,2025-12-24,38.6,42.9,Desktop,5.0
U0050,C026,2025-06-19,61.7,50.6,Tablet,0.0
U0076,C024,2025-08-25,73.5,96.7,TV,5.0
U0069,C037,2026-04-09,38.1,45.3,Mobile,0.0
U0013,C029,2026-01-08,20.4,36.5,Desktop,1.0
U0357,C045,2026-02-11,44.7,43.8,Tablet,3.0
U0441,C048,2025-11-15,22.0,55.1,Mobile,5.0
U0374,C029,2025-10-24,49.7,88.8,Mobile,4.0
U0186,C006,2025-06-30,47.8,68.3,Desktop,0.0
U0060,C047,2026-02-17,52.0,64.2,Desktop,0.0
U0474,C002,2025-08-17,9.5,17.3,Tablet,0.0
U0293,C005,2026-02-25,69.2,87.6,TV,3.0
U0132,C001,2025-05-05,42.5,47.2,Desktop,1.0
U0375,C035,2026-01-24,53.1,41.5,Tablet,2.0
U0069,C021,2025-05-02,15.0,39.4,Mobile,0.0
U0260,C008,2026-01-25,36.8,61.4,Mobile,3.0
U0346,C008,2025-07-15,56.0,93.4,TV,0.0
U0225,C005,2025-04-19,52.0,65.8,Tablet,0.0
U0420,C050,2025-04-24,47.1,33.4,Desktop,0.0
U0299,C030,2025-12-22,50.9,61.3,Mobile,2.0
U0262,C017,2026-01-03,16.9,42.2,Desktop,1.0
U0350,C020,2026-03-22,48.7,44.3,Mobile,5.0
U0046,C016,2025-11-10,27.5,88.6,TV,5.0
U0253,C046,2026-03-14,19.4,40.4,TV,3.0
U0048,C046,2025-10-02,42.0,87.4,TV,0.0
U0456,C001,2025-11-25,64.5,71.7,TV,2.0
U0121,C038,2025-12-20,26.0,29.6,Tablet,3.0
U0010,C042,2025-12-13,20.3,43.2,TV,5.0
U0293,C031,2025-11-18,20.8,16.1,Tablet,0.0
U0217,C009,2025-12-30,78.6,86.4,Tablet,2.0
U0218,C045,2026-01-03,39.3,38.5,TV,0.0
U0176,C037,2025-05-08,75.0,89.3,Tablet,5.0
U0476,C001,2026-01-26,35.5,39.5,Mobile,0.0
U0322,C024,2025-10-21,44.1,58.0,Tablet,2.0
U0024,C043,2025-07-13,34.3,49.0,Mobile,1.0
U0018,C023,2025-06-18,89.9,76.8,Desktop,1.0
U0488,C048,2026-02-23,9.6,24.1,TV,2.0
U0416,C021,2025-10-20,9.0,23.6,TV,4.0
U0282,C018,2025-11-21,39.2,33.5,Tablet,5.0
U0482,C049,2025-05-19,14.8,40.0,Desktop,0.0
U0363,C022,2025-10-09,17.1,20.9,Mobile,4.0
U0231,C011,2025-05-13,96.6,82.6,Desktop,2.0
U0200,C037,2025-08-25,36.0,42.8,TV,5.0
U0481,C011,2025-06-09,87.5,74.8,Desktop,2.0
U0474,C028,2025-07-30,113.8,77.4,TV,1.0
U0277,C012,2025-07-28,84.3,78.1,Mobile,0.0
U0492,C031,2026-03-25,114.4,88.7,Tablet,2.0
U0446,C050,2025-07-10,115.2,81.7,Tablet,1.0
U0289,C005,2025-07-11,57.4,72.7,Tablet,5.0
U0089,C022,2025-06-15,73.1,89.1,TV,2.0
U0314,C031,2026-03-30,75.1,58.2,Tablet,4.0
U0024,C002,2025-11-30,21.4,38.9,Mobile,0.0
U0107,C050,2025-05-12,48.2,34.2,Mobile,3.0
U0002,C006,2026-04-17,41.3,59.0,Mobile,0.0
U0331,C045,2025-07-06,41.3,40.5,Desktop,0.0
U0055,C035,2026-04-13,35.1,27.4,Tablet,1.0
U0303,C023,2026-03-23,65.6,56.1,Desktop,3.0
U0417,C048,2025-09-21,26.9,67.3,TV,0.0
U0112,C037,2026-03-29,19.1,22.7,TV,0.0
U0272,C033,2025-11-06,43.2,29.6,TV,0.0
U0377,C016,2025-06-13,6.6,21.3,Desktop,4.0
U0406,C006,2026-04-05,57.8,82.5,TV,1.0
U0102,C011,2025-11-04,93.1,79.6,TV,4.0
U0397,C045,2025-05-24,84.6,82.9,Tablet,5.0
U0363,C032,2025-07-21,46.7,61.5,TV,5.0
U0305,C006,2025-12-30,52.1,74.5,Tablet,5.0
U0276,C025,2025-05-29,23.6,30.3,Desktop,3.0
U0194,C040,2025-08-19,98.7,72.6,Desktop,0.0
U0341,C033,2026-03-18,114.5,78.4,Tablet,0.0
U0475,C012,2025-05-30,64.8,60.0,TV,0.0
U0041,C038,2025-05-12,33.0,37.5,Tablet,5.0
U0116,C006,2026-04-09,44.5,63.5,Mobile,4.0
U0355,C030,2025-07-13,40.9,49.3,Tablet,0.0
U0004,C012,2026-02-15,91.4,84.6,Tablet,5.0
U0325,C043,2025-10-22,28.6,40.8,Desktop,5.0
U0082,C047,2026-03-22,68.0,84.0,TV,5.0
U0355,C038,2025-05-24,68.1,77.4,Mobile,1.0
U0128,C022,2025-07-26,61.0,74.4,Mobile,5.0
U0286,C046,2025-12-16,46.8,97.6,Mobile,0.0
U0458,C021,2025-08-13,21.7,57.1,TV,3.0
U0496,C041,2025-10-13,116.0,78.4,Desktop,5.0
U0456,C045,2026-03-29,81.7,80.1,Mobile,5.0
U0168,C017,2025-07-09,19.6,49.1,TV,0.0
U0092,C020,2025-12-15,97.3,88.5,TV,4.0
U0383,C045,2025-08-05,35.9,35.2,TV,5.0
U0133,C007,2025-04-24,101.0,75.4,Mobile,0.0
U0291,C032,2025-12-05,57.4,75.5,Desktop,2.0
U0252,C048,2026-01-18,28.6,71.4,TV,4.0
U0149,C006,2025-08-28,63.3,90.4,TV,5.0
U0075,C048,2026-01-17,37.8,94.6,TV,5.0
U0023,C005,2025-12-19,40.5,51.3,Tablet,5.0
U0452,C012,2025-11-07,47.1,43.6,Mobile,1.0
U0074,C017,2025-12-27,5.9,14.7,Desktop,5.0
U0465,C001,2025-05-05,46.2,51.3,Mobile,0.0
U0220,C035,2025-06-12,36.2,28.3,Desktop,4.0
U0478,C015,2025-05-06,72.5,64.7,Mobile,4.0
U0025,C021,2026-04-16,34.0,89.4,Mobile,0.0
U0353,C030,2025-07-27,27.4,33.0,Mobile,0.0
U0461,C029,2025-06-11,25.1,44.8,Mobile,3.0
U0321,C028,2026-01-20,15.3,10.4,Desktop,3.0
U0389,C015,2025-10-09,39.8,35.5,Mobile,1.0
U0082,C029,2025-06-04,46.4,82.8,Tablet,1.0
U0402,C045,2025-05-09,17.4,17.1,Mobile,1.0
U0304,C038,2025-11-03,56.0,63.6,Tablet,3.0
U0377,C035,2025-07-18,67.2,52.5,Desktop,0.0
U0273,C014,2025-09-23,31.6,79.0,Mobile,5.0
U0036,C026,2026-02-22,13.2,10.8,Desktop,1.0
U0475,C022,2025-10-14,45.3,55.3,Tablet,2.0
U0461,C025,2025-11-27,59.7,76.5,Tablet,5.0
U0496,C023,2025-12-07,94.2,80.5,Mobile,3.0
U0076,C012,2026-01-15,95.3,88.2,Mobile,2.0
U0315,C018,2026-03-12,5.6,4.8,Desktop,5.0
U0491,C042,2025-05-13,19.3,41.1,Mobile,0.0
U0328,C001,2025-12-23,61.4,68.2,Desktop,5.0
U0365,C049,2025-07-14,31.7,85.8,TV,5.0
U0333,C046,2026-04-03,21.3,44.4,Tablet,0.0
U0197,C018,2025-05-17,90.7,77.5,Mobile,1.0
U0145,C030,2026-02-20,61.8,74.4,Desktop,0.0
U0135,C031,2025-07-27,12.6,9.8,Tablet,2.0
U0135,C024,2025-04-27,14.4,19.0,TV,4.0
U0408,C004,2025-05-02,20.2,74.8,TV,2.0
U0108,C035,2025-10-07,92.7,72.4,Mobile,2.0
U0082,C033,2025-09-11,69.3,47.5,TV,4.0
U0072,C035,2025-06-05,74.6,58.3,Desktop,1.0
U0081,C017,2025-10-19,23.9,59.7,TV,0.0
U0369,C024,2025-05-18,17.6,23.1,TV,0.0
U0263,C002,2025-06-07,35.4,64.3,Mobile,2.0
U0133,C041,2025-07-23,108.6,73.4,TV,2.0
U0298,C039,2025-08-04,28.6,30.1,TV,2.0
U0116,C033,2025-07-09,134.0,91.8,TV,0.0
U0436,C014,2025-05-25,37.2,93.0,Tablet,5.0
U0024,C029,2026-02-28,14.5,25.9,TV,3.0
U0045,C009,2025-07-18,36.3,39.9,Tablet,2.0
U0297,C019,2025-11-15,30.2,26.7,TV,4.0
U0496,C021,2025-05-19,27.7,72.8,TV,0.0
U0387,C035,2025-04-27,101.1,79.0,Mobile,3.0
U0230,C040,2026-01-19,89.6,65.9,Mobile,0.0
U0102,C001,2025-06-15,59.8,66.4,Desktop,0.0
U0339,C037,2025-12-28,53.1,63.2,Desktop,2.0
U0009,C017,2025-11-20,5.2,13.1,Tablet,2.0
U0220,C033,2026-02-02,66.0,45.2,Mobile,4.0
U0083,C030,2025-05-27,32.0,38.5,Desktop,2.0
U0258,C002,2025-07-19,27.3,49.7,Desktop,0.0
U0098,C003,2025-07-15,22.3,53.1,Desktop,1.0
U0238,C032,2025-12-30,20.4,26.8,Tablet,0.0
U0054,C001,2026-03-29,60.4,67.1,Desktop,3.0
U0333,C042,2025-12-24,40.3,85.8,Tablet,5.0
U0406,C033,2025-07-23,89.9,61.6,Desktop,1.0
U0088,C035,2025-04-19,85.2,66.6,Mobile,4.0
U0231,C039,2026-01-09,64.7,68.1,Tablet,3.0
U0227,C001,2025-11-01,17.6,19.6,TV,1.0
U0466,C034,2025-05-24,8.2,17.1,Tablet,5.0
U0163,C035,2025-08-30,74.2,58.0,Desktop,0.0
U0344,C033,2025-11-08,105.7,72.4,TV,0.0
U0164,C041,2025-05-23,79.3,53.6,Mobile,3.0
U0256,C047,2026-01-05,64.3,79.4,TV,4.0
U0473,C016,2025-08-03,11.2,36.0,Tablet,0.0
U0148,C006,2025-09-06,33.7,48.2,Mobile,0.0
U0324,C047,2025-12-16,55.9,69.0,Mobile,5.0
U0245,C043,2026-03-09,45.2,64.6,TV,4.0
U0130,C016,2025-08-29,18.1,58.5,TV,4.0
U0443,C040,2025-06-21,127.0,93.4,Mobile,2.0
U0267,C018,2025-10-16,92.2,78.8,Tablet,2.0
U0072,C008,2025-10-22,37.2,62.0,Tablet,1.0
U0324,C009,2025-07-23,53.0,58.2,Tablet,2.0
U0090,C040,2025-04-28,38.6,28.4,Mobile,0.0
U0161,C050,2025-10-19,98.4,69.8,Desktop,3.0
U0209,C043,2025-12-09,53.8,76.9,Desktop,5.0
U0275,C043,2025-12-09,63.1,90.2,TV,2.0
U0333,C033,2025-09-26,110.7,75.8,Mobile,0.0
U0117,C024,2025-05-02,30.8,40.5,TV,5.0
U0396,C038,2025-07-31,48.0,54.5,Tablet,0.0
U0027,C047,2025-12-07,23.5,29.0,Tablet,4.0
U0424,C003,2026-01-31,31.8,75.7,Mobile,0.0
U0025,C039,2025-07-09,37.7,39.7,TV,4.0
U0128,C003,2025-07-11,8.2,19.6,Tablet,0.0
U0336,C048,2025-06-19,37.2,92.9,TV,0.0
U0421,C046,2025-10-22,13.4,27.9,Tablet,4.0
U0477,C013,2026-03-24,56.6,41.3,Tablet,1.0
U0421,C050,2026-01-05,103.5,73.4,Tablet,5.0
U0465,C005,2026-02-26,75.1,95.1,TV,0.0
U0328,C010,2025-08-03,58.7,55.4,Tablet,2.0
U0465,C017,2026-02-23,12.5,31.3,Tablet,1.0
U0072,C028,2025-12-28,137.2,93.3,Desktop,1.0
U0256,C032,2026-03-20,69.8,91.8,Desktop,3.0
U0192,C045,2025-12-26,45.9,45.0,Tablet,1.0
U0184,C039,2025-06-29,46.0,48.4,TV,0.0
U0493,C034,2025-08-08,42.4,88.4,Mobile,2.0
U0473,C018,2025-06-30,77.7,66.4,TV,4.0
U0397,C019,2025-04-19,60.7,53.7,Tablet,2.0
U0355,C042,2025-10-13,44.6,94.8,Tablet,2.0
U0067,C017,2025-09-24,19.4,48.6,Tablet,0.0
U0403,C048,2025-04-27,26.7,66.8,Mobile,0.0
U0017,C039,2026-02-04,71.0,74.7,Desktop,3.0
U0292,C016,2025-12-28,16.2,52.4,Desktop,2.0
U0183,C033,2025-09-10,93.6,64.1,Mobile,1.0
U0330,C024,2026-04-09,65.8,86.6,TV,0.0
U0136,C044,2026-01-02,46.6,76.4,TV,0.0
U0471,C017,2025-12-04,18.2,45.5,Mobile,2.0
U0437,C042,2026-02-26,27.7,59.0,TV,0.0
U0166,C029,2025-12-06,28.5,50.9,Desktop,4.0
U0373,C008,2026-01-08,15.2,25.3,Desktop,2.0
U0158,C041,2025-12-08,48.0,32.4,TV,5.0
U0254,C036,2026-01-03,70.1,59.9,Mobile,2.0
U0030,C024,2025-06-20,36.1,47.5,Desktop,2.0
U0343,C014,2026-02-15,5.0,12.6,Desktop,0.0
U0219,C022,2026-04-04,27.7,33.8,Mobile,1.0
U0379,C032,2026-01-13,9.4,12.4,Tablet,2.0
U0340,C022,2025-05-21,48.4,59.0,Tablet,5.0
U0428,C013,2025-05-18,91.7,66.9,Desktop,3.0
U0469,C024,2025-06-24,37.6,49.5,Tablet,5.0
U0076,C048,2025-10-08,29.9,74.7,TV,0.0
U0247,C019,2025-09-28,31.2,27.6,Mobile,1.0
U0330,C022,2025-10-01,70.7,86.2,Tablet,3.0
U0482,C050,2025-07-20,88.0,62.4,Tablet,1.0
U0460,C025,2025-09-08,43.1,55.2,Mobile,0.0
U0058,C002,2025-10-06,49.6,90.1,TV,4.0
U0313,C050,2026-01-10,48.5,34.4,Tablet,0.0
U0394,C001,2026-01-22,33.9,37.7,Mobile,3.0
U0359,C001,2025-05-23,42.6,47.3,Desktop,0.0
U0374,C036,2025-07-25,28.4,24.3,TV,4.0
U0432,C025,2025-10-08,68.6,88.0,Desktop,4.0
U0134,C049,2025-06-13,33.9,91.6,Tablet,1.0
U0229,C039,2025-11-01,25.7,27.1,Mobile,3.0
U0362,C037,2025-09-30,48.8,58.1,Desktop,3.0
U0143,C001,2025-10-20,62.9,69.9,Mobile,5.0
U0182,C029,2025-05-26,55.2,98.6,TV,4.0
U0057,C035,2026-03-03,40.3,31.5,Mobile,2.0
U0182,C038,2026-01-23,13.6,15.5,Mobile,3.0
U0209,C026,2025-09-09,57.7,47.3,TV,0.0
U0367,C018,2025-09-09,76.9,65.7,TV,2.0
U0194,C045,2026-02-27,20.4,20.0,Tablet,1.0
U0382,C030,2025-06-15,63.8,76.9,TV,0.0
U0392,C004,2025-06-12,7.9,29.2,Desktop,0.0
U0028,C040,2025-10-26,105.5,77.6,Mobile,1.0
U0360,C032,2025-08-10,27.8,36.6,TV,0.0
U0436,C030,2026-03-06,77.4,93.3,TV,0.0
U0279,C039,2026-03-09,75.0,79.0,Tablet,0.0
U0181,C004,2025-10-10,24.6,91.0,Tablet,3.0
U0028,C015,2026-03-29,99.9,89.2,TV,0.0
U0062,C030,2025-05-13,48.7,58.7,Mobile,3.0
U0295,C019,2025-09-10,101.6,89.9,Tablet,5.0
U0036,C010,2025-11-24,34.0,32.1,Tablet,3.0
U0265,C020,2026-03-03,71.8,65.3,Desktop,1.0
U0399,C014,2025-07-24,20.8,51.9,Desktop,2.0
U0130,C033,2026-01-14,135.3,92.7,Mobile,3.0
U0366,C029,2026-03-26,12.8,22.8,TV,0.0
U0060,C013,2025-10-09,123.4,90.1,Desktop,4.0
U0337,C006,2025-09-12,17.6,25.1,Mobile,1.0
U0010,C035,2025-05-17,51.3,40.1,Mobile,4.0
U0123,C029,2025-08-28,39.5,70.6,Desktop,4.0
U0415,C014,2025-04-29,24.6,61.6,Tablet,3.0
U0044,C015,2026-01-13,26.1,23.3,Mobile,4.0
U0124,C025,2025-11-16,76.0,97.5,Mobile,1.0
U0222,C047,2026-03-19,69.1,85.3,Mobile,1.0
U0051,C039,2025-11-05,65.0,68.4,Mobile,3.0
U0352,C011,2025-10-04,62.4,53.3,Mobile,4.0
U0217,C034,2026-01-28,17.5,36.5,Tablet,4.0
U0219,C047,2026-01-15,25.4,31.3,TV,0.0
U0497,C001,2026-03-05,80.6,89.6,TV,4.0
U0266,C048,2025-10-28,24.9,62.3,Tablet,4.0
U0351,C038,2025-08-14,86.1,97.8,Desktop,0.0
U0188,C005,2025-09-30,60.1,76.1,Tablet,0.0
U0396,C010,2025-07-10,62.2,58.7,TV,4.0
U0492,C007,2026-03-21,46.2,34.5,Desktop,0.0
U0186,C005,2025-08-04,77.2,97.7,Tablet,0.0
U0109,C017,2025-08-05,29.3,73.2,TV,5.0
U0348,C011,2025-08-11,51.8,44.3,TV,1.0
U0102,C045,2025-12-05,70.4,69.0,Mobile,0.0
U0062,C021,2025-09-17,27.1,71.3,Mobile,4.0
U0495,C024,2025-07-29,55.2,72.6,Desktop,0.0
U0464,C014,2026-02-14,14.3,35.7,Desktop,0.0
U0237,C021,2025-05-31,35.8,94.1,Desktop,0.0
U0143,C016,2026-01-22,7.9,25.4,Tablet,5.0
U0295,C028,2025-08-06,63.4,43.1,Desktop,1.0
U0010,C001,2025-07-27,34.6,38.5,Mobile,1.0
U0401,C034,2026-04-06,39.9,83.1,Desktop,3.0
U0195,C012,2025-12-28,57.7,53.4,Desktop,5.0
U0376,C048,2025-05-14,17.7,44.3,Tablet,4.0
U0112,C025,2026-03-21,27.9,35.8,Desktop,4.0
U0341,C006,2025-10-18,58.9,84.2,Desktop,4.0
U0482,C029,2025-04-22,48.3,86.2,Mobile,5.0
U0464,C019,2026-02-15,75.7,67.0,Tablet,0.0
U0122,C029,2025-05-23,43.8,78.2,Mobile,5.0
U0091,C046,2025-08-15,26.0,54.2,Tablet,5.0
U0424,C022,2026-03-18,21.7,26.5,Tablet,5.0
U0389,C025,2025-12-07,59.4,76.2,Tablet,0.0
U0481,C011,2026-03-21,57.6,49.2,TV,4.0
U0138,C009,2026-03-23,63.2,69.4,Mobile,2.0
U0039,C036,2026-03-16,110.8,94.7,Desktop,3.0
U0307,C017,2025-08-29,22.4,55.9,Desktop,3.0
U0369,C010,2025-11-07,91.2,86.0,Tablet,0.0
U0157,C045,2025-10-07,24.2,23.7,Mobile,5.0
U0030,C016,2026-01-13,29.8,96.1,TV,4.0
U0489,C042,2025-11-29,31.5,67.0,Mobile,0.0
U0110,C021,2026-04-14,10.5,27.6,Mobile,4.0
U0495,C036,2025-07-21,94.5,80.8,Mobile,3.0
U0036,C006,2025-12-26,37.0,52.9,Tablet,0.0
U0126,C050,2026-01-14,75.4,53.5,TV,5.0
U0395,C018,2026-02-13,81.7,69.8,Desktop,0.0
U0221,C046,2025-06-11,31.4,65.5,Mobile,4.0
U0301,C005,2025-06-01,74.7,94.6,Tablet,3.0
U0496,C032,2025-08-31,35.0,46.1,Desktop,0.0
U0285,C008,2025-06-11,54.5,90.8,Tablet,1.0
U0237,C011,2026-02-22,56.9,48.6,Mobile,0.0
U0494,C025,2025-10-25,68.1,87.3,Mobile,0.0
U0037,C032,2026-01-09,29.9,39.4,Desktop,5.0
U0072,C032,2026-03-17,43.9,57.8,Desktop,0.0
U0213,C014,2026-03-06,7.3,18.2,Tablet,0.0
U0449,C026,2025-04-26,75.3,61.7,Desktop,0.0
U0479,C003,2025-10-18,19.2,45.8,Desktop,5.0
U0166,C005,2025-11-14,52.8,66.8,Mobile,0.0
U0111,C043,2025-12-01,65.3,93.3,Mobile,5.0
U0306,C020,2025-05-20,3.0,2.7,Tablet,0.0
U0444,C046,2026-03-20,15.1,31.5,Mobile,4.0
U0366,C037,2025-12-29,48.6,57.8,TV,0.0
U0124,C014,2025-08-03,22.4,56.0,Desktop,1.0
U0499,C005,2025-10-29,10.9,13.8,Mobile,2.0
U0126,C003,2025-10-02,14.0,33.4,Desktop,0.0
U0303,C026,2025-04-20,82.1,67.3,Desktop,1.0
U0291,C041,2025-09-30,122.0,82.4,Desktop,5.0
U0197,C015,2025-07-23,94.0,83.9,TV,5.0
U0259,C002,2025-09-25,46.4,84.3,TV,0.0
U0048,C046,2025-06-10,16.9,35.3,TV,0.0
U0495,C002,2026-04-10,16.9,30.8,TV,3.0
U0367,C044,2025-08-21,46.5,76.3,Desktop,0.0
U0051,C033,2026-02-02,33.1,22.7,Desktop,0.0
U0049,C025,2026-01-02,76.4,97.9,Mobile,5.0
U0250,C050,2025-05-30,83.9,59.5,Desktop,2.0
U0418,C030,2025-11-22,78.8,95.0,Tablet,4.0
U0082,C043,2025-08-25,22.1,31.5,Desktop,4.0
U0310,C044,2026-01-17,13.3,21.8,Tablet,5.0
U0490,C011,2025-07-13,19.5,16.7,Tablet,0.0
U0456,C002,2025-10-21,37.2,67.7,Mobile,1.0
U0150,C010,2025-10-19,33.6,31.7,TV,1.0
U0112,C005,2025-08-25,66.6,84.3,Mobile,2.0
U0369,C038,2025-11-18,45.7,51.9,TV,0.0
U0212,C041,2025-06-08,30.6,20.7,Desktop,1.0
U0166,C004,2025-04-22,13.5,50.0,Tablet,0.0
U0078,C013,2025-06-03,78.8,57.5,TV,0.0
U0172,C021,2025-06-09,18.2,47.9,Desktop,0.0
U0280,C002,2025-12-09,29.8,54.2,TV,3.0
U0085,C036,2025-06-26,60.4,51.6,Tablet,3.0
U0323,C007,2025-11-14,9.1,6.8,Desktop,5.0
U0300,C028,2025-09-14,102.6,69.8,Mobile,5.0
U0431,C025,2025-07-31,39.3,50.4,Tablet,2.0
U0133,C030,2025-06-19,68.3,82.3,TV,1.0
U0030,C048,2026-04-11,32.8,81.9,Desktop,1.0
U0240,C001,2025-04-21,84.6,94.0,TV,5.0
U0427,C007,2025-05-31,89.6,66.9,Tablet,1.0
U0427,C037,2025-05-12,52.7,62.7,Mobile,5.0
U0179,C012,2025-05-10,55.5,51.4,Mobile,5.0
U0441,C022,2025-05-24,30.9,37.7,Desktop,5.0
U0028,C015,2026-02-05,107.7,96.2,Tablet,2.0
U0406,C026,2025-07-18,63.3,51.9,TV,0.0
U0433,C032,2025-08-04,12.9,17.0,TV,1.0
U0480,C046,2025-09-04,17.8,37.1,Mobile,1.0
U0127,C033,2026-01-09,110.4,75.6,Desktop,0.0
U0396,C045,2025-11-02,80.3,78.7,Tablet,3.0
U0084,C037,2025-06-20,59.1,70.4,Desktop,0.0
U0494,C017,2025-06-07,5.2,13.1,Mobile,1.0
U0210,C026,2025-07-15,103.0,84.4,TV,0.0
U0011,C029,2025-05-26,39.8,71.1,Tablet,2.0
U0416,C045,2026-01-10,70.9,69.5,Mobile,3.0
U0053,C031,2025-04-19,61.7,47.8,TV,4.0
U0339,C014,2026-02-02,35.5,88.7,TV,0.0
U0148,C005,2025-10-25,29.8,37.7,Tablet,4.0
U0288,C010,2025-06-18,36.3,34.2,Tablet,0.0
U0013,C029,2026-03-09,21.9,39.1,Desktop,4.0
U0177,C020,2025-06-23,45.9,41.7,Tablet,5.0
U0157,C029,2026-04-03,48.6,86.7,Desktop,2.0
U0207,C015,2025-09-18,107.9,96.3,TV,0.0
U0281,C013,2025-11-17,16.9,12.3,Mobile,2.0
U0192,C028,2026-04-13,64.2,43.7,TV,0.0
U0261,C044,2025-09-30,31.5,51.7,Tablet,5.0
U0367,C012,2025-09-15,70.0,64.8,TV,4.0
U0194,C003,2026-03-15,24.9,59.3,TV,3.0
U0100,C045,2026-02-06,29.8,29.2,Desktop,3.0
U0378,C013,2026-02-24,105.1,76.7,Desktop,1.0
U0291,C008,2025-08-25,39.9,66.5,Desktop,4.0
U0245,C013,2025-06-18,77.8,56.8,Desktop,4.0
U0244,C042,2026-04-05,10.9,23.2,Mobile,3.0
U0039,C024,2026-01-29,32.1,42.3,Desktop,0.0
U0478,C012,2025-09-22,47.6,44.1,Mobile,4.0
U0243,C049,2025-05-10,30.5,82.3,Mobile,2.0
U0082,C027,2026-04-07,39.0,52.7,Mobile,0.0
U0272,C033,2025-07-22,84.1,57.6,TV,4.0
U0291,C015,2026-03-05,82.1,73.3,Desktop,5.0
U0230,C042,2026-03-20,21.7,46.2,Tablet,3.0
U0265,C047,2025-10-08,48.8,60.2,Tablet,0.0
U0441,C044,2025-12-28,19.4,31.8,Mobile,4.0
U0295,C018,2025-11-26,99.0,84.6,Mobile,5.0
U0078,C036,2026-01-15,104.1,89.0,Tablet,0.0
U0146,C036,2025-10-18,71.3,60.9,Tablet,3.0
U0332,C036,2025-11-25,94.9,81.1,Tablet,0.0
U0361,C027,2025-09-02,54.2,73.3,Tablet,3.0
U0292,C038,2025-10-29,18.1,20.6,Tablet,3.0
U0281,C017,2026-02-03,28.2,70.5,Desktop,4.0
U0127,C031,2026-04-19,97.7,75.7,TV,1.0
U0114,C022,2025-10-24,46.2,56.4,Desktop,4.0
U0313,C018,2025-06-06,45.5,38.9,Desktop,2.0
U0150,C020,2025-09-06,90.3,82.1,Tablet,0.0
U0145,C009,2025-07-14,62.2,68.4,Tablet,2.0
U0328,C004,2025-07-20,12.2,45.1,Mobile,2.0
U0389,C007,2025-09-15,98.5,73.5,Desktop,3.0
U0150,C001,2025-10-23,79.3,88.1,TV,0.0
U0321,C011,2025-12-04,58.6,50.1,Tablet,1.0
U0164,C008,2025-05-13,5.0,8.4,Mobile,5.0
U0254,C047,2025-05-25,39.9,49.3,Desktop,0.0
U0319,C020,2025-08-06,7.4,6.7,Desktop,1.0
U0462,C003,2025-09-21,12.3,29.4,TV,2.0
U0155,C034,2025-05-14,22.1,46.1,Tablet,4.0
U0384,C049,2025-09-18,9.4,25.4,TV,2.0
U0108,C034,2025-11-17,46.3,96.5,Tablet,5.0
U0060,C027,2025-04-30,51.9,70.2,TV,2.0
U0308,C030,2026-02-15,10.8,13.0,Tablet,5.0
U0318,C029,2025-06-15,14.6,26.1,Desktop,1.0
U0397,C012,2025-06-11,77.4,71.7,Desktop,5.0
U0323,C020,2025-11-28,74.1,67.4,Mobile,3.0
U0361,C047,2025-12-20,41.6,51.3,TV,4.0
U0011,C013,2026-02-05,90.8,66.3,TV,0.0
U0071,C048,2026-04-16,8.0,20.1,Mobile,5.0
U0085,C011,2025-10-09,65.2,55.7,Desktop,0.0
U0352,C011,2025-05-05,41.8,35.7,Mobile,0.0
U0244,C012,2025-10-01,22.7,21.0,Tablet,0.0
U0481,C016,2025-05-13,2.1,6.7,Tablet,4.0
U0038,C042,2025-05-05,38.8,82.6,Tablet,2.0
U0250,C039,2025-11-12,33.2,35.0,Desktop,4.0
U0488,C009,2025-05-30,40.4,44.4,Tablet,2.0
U0161,C022,2026-02-22,75.4,92.0,TV,1.0
U0136,C043,2025-07-22,5.5,7.8,TV,1.0
U0105,C036,2025-05-07,66.5,56.8,Mobile,0.0
U0346,C025,2025-06-29,36.9,47.3,Tablet,3.0
U0447,C001,2025-10-24,57.1,63.4,Mobile,1.0
U0063,C035,2025-08-15,122.1,95.4,TV,3.0
U0028,C044,2026-01-09,28.1,46.0,Mobile,2.0
U0071,C024,2025-05-09,55.9,73.5,Mobile,0.0
U0309,C022,2026-01-29,56.9,69.4,Mobile,2.0
U0163,C006,2025-11-15,19.2,27.4,Mobile,0.0
U0161,C027,2026-03-27,32.9,44.5,Mobile,3.0
U0334,C042,2026-04-06,24.7,52.5,Tablet,1.0
U0016,C007,2025-08-03,38.6,28.8,Desktop,1.0
U0202,C029,2025-07-30,33.2,59.2,Tablet,5.0
U0126,C006,2025-12-05,51.4,73.4,Desktop,2.0
U0209,C047,2025-09-27,41.9,51.7,Desktop,5.0
U0116,C049,2025-12-31,21.6,58.3,Desktop,0.0
U0382,C027,2025-05-31,17.9,24.2,Mobile,3.0
U0130,C026,2026-04-09,82.2,67.4,Mobile,5.0
U0161,C015,2026-01-14,77.1,68.8,TV,1.0
U0053,C009,2026-03-19,49.9,54.8,Mobile,5.0
U0040,C045,2026-01-19,55.5,54.4,Desktop,3.0
U0005,C002,2025-11-21,46.4,84.4,Tablet,3.0
U0215,C039,2026-01-07,12.9,13.6,Desktop,0.0
U0403,C021,2025-06-23,24.5,64.5,Tablet,1.0
U0264,C045,2026-02-10,46.2,45.3,Mobile,4.0
U0416,C012,2026-04-08,41.9,38.8,Desktop,5.0
U0124,C015,2026-03-17,41.6,37.1,TV,2.0
U0202,C025,2026-03-11,11.5,14.8,TV,0.0
U0375,C027,2026-03-11,13.1,17.7,Tablet,0.0
U0343,C012,2026-02-04,93.9,86.9,Tablet,1.0
U0359,C024,2026-04-10,57.1,75.1,Mobile,0.0
U0390,C049,2025-05-07,24.2,65.4,Tablet,1.0
U0155,C044,2025-10-24,9.2,15.1,Mobile,1.0
U0348,C014,2025-07-30,33.6,84.1,TV,5.0
U0093,C022,2025-12-08,56.5,68.9,Tablet,5.0
U0383,C042,2025-10-06,1.8,3.8,Desktop,5.0
U0491,C033,2025-05-23,33.6,23.0,Desktop,4.0
U0392,C017,2025-12-09,33.8,84.5,TV,0.0
U0192,C045,2025-06-26,95.7,93.8,TV,4.0
U0479,C021,2025-04-25,30.6,80.5,Tablet,3.0
U0012,C043,2025-06-26,62.9,89.8,TV,5.0
U0304,C030,2025-11-28,42.7,51.5,Desktop,0.0
U0162,C035,2025-07-13,79.6,62.2,Desktop,3.0
U0009,C045,2026-01-28,87.3,85.6,Desktop,0.0
U0295,C023,2025-08-30,112.3,96.0,Desktop,3.0
U0014,C003,2025-10-23,10.6,25.2,Desktop,4.0
U0319,C011,2025-08-01,94.4,80.7,Tablet,5.0
U0076,C033,2025-07-03,78.0,53.4,Tablet,3.0
U0355,C015,2025-07-19,80.8,72.1,TV,0.0
U0037,C002,2025-12-08,39.0,71.0,Tablet,3.0
U0472,C012,2026-02-11,75.6,70.0,Desktop,3.0
U0229,C034,2026-04-14,37.7,78.6,Tablet,5.0
U0186,C041,2025-05-01,77.6,52.4,Mobile,5.0
U0231,C049,2025-09-30,26.8,72.4,Tablet,4.0
U0240,C001,2025-05-23,75.9,84.3,Tablet,1.0
U0267,C029,2025-06-11,40.3,71.9,Desktop,0.0
U0130,C026,2025-11-19,117.2,96.1,TV,0.0
U0298,C002,2025-11-23,46.8,85.0,TV,5.0
U0459,C050,2025-12-06,89.1,63.2,Tablet,0.0
U0466,C035,2025-05-15,119.3,93.2,Tablet,2.0
U0466,C012,2025-07-02,98.6,91.3,TV,0.0
U0458,C028,2025-12-27,43.2,29.4,Mobile,2.0
U0356,C037,2025-07-29,42.4,50.5,Mobile,3.0
U0127,C007,2025-05-03,97.3,72.6,Desktop,0.0
U0047,C022,2025-09-16,66.5,81.1,Tablet,1.0
U0036,C048,2025-11-06,14.4,36.1,Mobile,3.0
U0194,C002,2026-04-16,44.0,80.0,Tablet,5.0
U0379,C017,2026-03-06,27.6,68.9,Mobile,0.0
U0236,C011,2025-04-23,48.3,41.3,Mobile,4.0
U0054,C042,2025-06-02,23.7,50.4,Tablet,4.0
U0170,C035,2025-09-06,93.3,72.9,Desktop,5.0
U0375,C015,2025-07-13,38.5,34.4,TV,5.0
U0251,C039,2025-08-10,8.8,9.3,Desktop,4.0
U0423,C031,2025-06-12,127.1,98.5,Desktop,0.0
U0136,C014,2026-04-08,5.0,12.4,Tablet,5.0
U0017,C001,2025-07-17,5.6,6.2,TV,2.0
U0178,C013,2025-10-01,108.1,78.9,Mobile,2.0
U0108,C034,2026-01-17,16.1,33.6,Desktop,0.0
U0099,C023,2026-03-06,76.2,65.1,Desktop,5.0
U0015,C035,2025-06-21,44.4,34.7,Mobile,3.0
U0456,C045,2025-08-16,37.6,36.9,TV,1.0
U0360,C015,2025-12-24,15.3,13.7,Tablet,0.0
U0048,C007,2025-10-10,50.0,37.3,Mobile,5.0
U0338,C030,2025-06-14,60.4,72.8,Mobile,2.0
U0274,C027,2025-11-28,47.4,64.1,TV,0.0
U0149,C031,2026-01-05,77.1,59.8,Tablet,1.0
U0096,C022,2026-04-14,12.0,14.6,Tablet,4.0
U0247,C049,2025-06-17,17.8,48.1,Tablet,0.0
U0115,C047,2025-06-04,42.8,52.9,Mobile,0.0
U0136,C044,2026-01-12,47.7,78.2,Mobile,4.0
U0226,C042,2025-10-24,24.1,51.3,Desktop,0.0
U0030,C042,2025-11-27,34.7,73.9,Tablet,0.0
U0360,C006,2025-09-02,28.9,41.3,Desktop,0.0
U0412,C050,2025-12-15,91.2,64.7,Mobile,2.0
U0095,C036,2026-02-15,94.0,80.3,Tablet,2.0
U0028,C043,2025-08-07,68.4,97.7,Mobile,1.0
U0483,C006,2026-01-09,42.4,60.5,TV,2.0
U0271,C004,2025-10-18,18.4,68.1,Desktop,1.0
U0250,C010,2026-02-10,84.8,80.0,Tablet,0.0
U0049,C035,2025-11-05,121.9,95.2,Tablet,1.0
U0067,C039,2025-09-18,60.0,63.2,Tablet,0.0
U0310,C047,2025-10-06,49.4,61.0,TV,1.0
U0270,C010,2026-03-26,51.4,48.5,Tablet,2.0
U0207,C015,2025-07-23,86.5,77.2,TV,1.0
U0472,C030,2025-06-18,49.6,59.8,TV,5.0
U0059,C027,2026-03-27,52.3,70.7,Desktop,1.0
U0353,C043,2025-10-07,30.9,44.1,Mobile,4.0
U0321,C021,2025-04-19,24.2,63.8,Mobile,2.0
U0213,C027,2026-01-30,45.0,60.8,Desktop,0.0
U0092,C030,2025-08-07,38.0,45.8,Desktop,1.0
U0186,C009,2025-09-27,23.8,26.1,Tablet,5.0
U0008,C043,2025-09-09,39.0,55.7,Tablet,4.0
U0425,C023,2026-02-22,74.5,63.7,Mobile,0.0
U0335,C007,2025-08-03,44.8,33.4,Desktop,5.0
U0296,C033,2025-12-21,124.7,85.4,Mobile,4.0
U0051,C009,2026-01-19,20.1,22.1,Mobile,1.0
U0198,C042,2025-11-06,14.4,30.6,Mobile,4.0
U0231,C019,2026-01-10,46.6,41.2,Mobile,5.0
U0411,C049,2025-04-20,30.3,82.0,Tablet,1.0
U0424,C007,2025-09-22,99.2,74.0,Mobile,0.0
U0356,C037,2025-10-24,45.4,54.1,TV,3.0
U0232,C009,2025-09-17,69.4,76.3,TV,2.0
U0092,C027,2025-10-14,38.6,52.1,Mobile,0.0
U0358,C016,2025-11-26,10.5,34.0,Tablet,4.0
U0083,C047,2025-05-10,76.0,93.8,Desktop,0.0
U0233,C005,2026-03-21,51.5,65.2,Desktop,0.0
U0105,C046,2025-11-22,24.8,51.7,TV,1.0
U0036,C023,2026-01-22,70.2,60.0,Tablet,4.0
U0069,C040,2025-07-27,71.3,52.4,Desktop,4.0
U0287,C027,2026-01-25,49.1,66.4,Desktop,3.0
U0299,C050,2025-09-29,116.6,82.7,TV,1.0
U0312,C006,2025-11-29,25.4,36.3,TV,2.0
U0433,C010,2025-12-28,34.2,32.3,Mobile,2.0
U0042,C043,2025-06-11,37.2,53.1,Mobile,1.0
U0369,C038,2025-06-01,28.2,32.1,TV,0.0
U0220,C030,2025-12-13,52.5,63.3,Mobile,1.0
U0169,C017,2025-05-14,19.7,49.2,TV,3.0
U0379,C031,2025-07-17,89.4,69.3,Tablet,1.0
U0377,C035,2026-02-25,99.8,78.0,Mobile,5.0
U0029,C036,2025-11-19,58.1,49.7,Desktop,5.0
U0337,C043,2026-01-12,41.9,59.9,TV,5.0
U0326,C027,2026-01-22,39.8,53.8,Mobile,0.0
U0054,C022,2025-07-17,73.2,89.3,Desktop,1.0
U0361,C012,2025-05-20,34.3,31.8,Mobile,0.0
U0070,C023,2025-09-07,42.1,36.0,Desktop,1.0
U0356,C018,2026-03-16,93.8,80.2,Tablet,2.0
U0148,C030,2025-05-11,40.1,48.3,Desktop,4.0
U0275,C039,2025-08-12,60.9,64.1,Tablet,0.0
U0137,C042,2026-02-16,19.7,42.0,TV,5.0
U0069,C003,2025-09-01,41.0,97.5,Tablet,1.0
U0234,C016,2025-09-30,13.4,43.3,Desktop,3.0
U0435,C031,2025-07-22,77.5,60.1,Desktop,1.0
U0261,C027,2026-01-16,32.1,43.4,Tablet,1.0
U0496,C033,2026-04-03,91.5,62.7,Tablet,0.0
U0115,C003,2025-09-03,11.6,27.6,TV,1.0
U0435,C016,2026-02-11,12.4,39.9,TV,4.0
U0321,C033,2025-08-21,87.6,60.0,TV,1.0
U0019,C022,2026-01-28,38.0,46.3,Tablet,3.0
U0466,C022,2025-12-21,52.6,64.1,Mobile,0.0
U0274,C042,2026-02-21,20.0,42.5,TV,0.0
U0092,C037,2025-11-10,66.9,79.7,Desktop,1.0
U0040,C040,2026-03-09,124.2,91.3,Mobile,4.0
U0356,C025,2025-05-03,53.3,68.3,Tablet,0.0
U0425,C017,2025-08-11,21.0,52.4,TV,0.0
U0351,C027,2025-04-26,57.2,77.3,TV,5.0
U0246,C025,2026-04-18,49.2,63.1,Tablet,0.0
U0201,C041,2025-12-19,102.4,69.2,Tablet,2.0
U0158,C047,2025-06-23,35.1,43.3,Tablet,4.0
U0163,C011,2026-01-24,85.5,73.1,Mobile,4.0
U0404,C002,2025-12-02,45.0,81.8,Tablet,1.0
U0032,C009,2026-01-02,74.5,81.9,TV,3.0
U0189,C035,2025-12-25,97.9,76.5,Mobile,4.0
U0088,C027,2025-07-10,43.1,58.3,Desktop,0.0
U0401,C034,2025-12-22,30.2,63.0,Desktop,4.0
U0121,C049,2025-06-04,24.4,66.0,Desktop,5.0
U0190,C045,2026-01-12,81.7,80.1,Tablet,0.0
U0470,C007,2025-11-24,122.2,91.2,Desktop,0.0
U0254,C045,2025-08-23,22.5,22.1,Mobile,0.0
U0269,C048,2025-07-24,38.0,95.1,Tablet,2.0
U0119,C019,2025-08-05,37.2,32.9,Tablet,0.0
U0126,C047,2026-01-31,27.5,34.0,Tablet,0.0
U0416,C011,2026-01-12,36.5,31.2,TV,4.0
U0328,C047,2025-06-14,24.2,29.9,TV,0.0
U0135,C047,2025-05-08,56.0,69.1,Mobile,4.0
U0453,C049,2025-06-18,18.9,51.0,Tablet,0.0
U0450,C011,2026-03-11,24.7,21.1,Mobile,5.0
U0208,C005,2026-01-28,33.0,41.8,Desktop,0.0
U0138,C004,2025-05-17,17.8,66.1,Desktop,0.0
U0172,C024,2025-07-03,68.5,90.1,TV,0.0
U0314,C037,2026-03-26,43.5,51.8,Mobile,0.0
U0448,C023,2025-05-14,48.2,41.2,Mobile,2.0
U0320,C048,2025-10-28,26.4,66.0,Tablet,1.0
U0014,C007,2026-02-02,88.7,66.2,Tablet,1.0
U0401,C021,2025-10-08,18.4,48.4,Tablet,1.0
U0274,C026,2025-09-17,111.6,91.5,TV,0.0
U0022,C017,2026-03-29,18.2,45.6,Mobile,4.0
U0435,C016,2026-02-19,13.5,43.7,Mobile,5.0
U0155,C046,2025-06-18,45.0,93.8,Desktop,0.0
U0284,C027,2025-12-17,58.9,79.6,Desktop,0.0
U0134,C048,2025-07-26,31.6,79.0,Desktop,5.0
U0360,C004,2025-12-24,6.7,24.8,Desktop,1.0
U0340,C016,2025-12-22,9.9,31.8,Desktop,5.0
U0083,C039,2025-09-16,35.1,36.9,Tablet,0.0
U0302,C018,2025-11-15,96.8,82.7,Desktop,0.0
U0329,C030,2025-07-02,41.4,49.9,Desktop,0.0
U0370,C022,2026-01-09,28.0,34.2,Desktop,2.0
U0096,C038,2026-01-22,23.4,26.6,Tablet,4.0
U0231,C030,2026-03-17,52.3,63.0,Desktop,0.0
U0144,C028,2026-02-26,88.1,59.9,Desktop,0.0
U0268,C047,2025-08-22,51.4,63.4,Desktop,2.0
U0349,C002,2026-02-07,45.9,83.5,Mobile,4.0
U0352,C007,2025-07-16,85.0,63.4,Desktop,1.0
U0416,C024,2025-06-14,37.2,49.0,Desktop,3.0
U0362,C015,2025-10-22,44.9,40.1,Tablet,1.0
U0058,C023,2025-11-19,30.8,26.3,Desktop,4.0
U0268,C029,2025-07-10,37.4,66.8,Mobile,1.0
U0125,C049,2025-08-01,10.2,27.6,TV,3.0
U0177,C004,2025-05-31,18.4,68.1,Desktop,0.0
U0094,C048,2026-01-08,29.2,73.0,Tablet,3.0
U0417,C020,2025-08-24,48.4,44.0,TV,0.0
U0381,C040,2025-07-19,20.4,15.0,Tablet,5.0
U0186,C003,2025-08-16,23.2,55.3,Desktop,2.0
U0433,C043,2026-01-01,57.6,82.3,TV,4.0
U0053,C008,2026-02-24,49.1,81.9,Tablet,4.0
U0209,C029,2025-06-30,52.4,93.5,TV,0.0
U0379,C021,2025-08-18,35.8,94.2,TV,0.0
U0431,C019,2025-10-03,100.9,89.3,Desktop,0.0
U0209,C041,2025-07-21,51.5,34.8,Desktop,2.0
U0037,C023,2025-06-09,58.5,50.0,Mobile,3.0
U0034,C022,2025-10-06,53.3,65.0,Mobile,3.0
U0468,C048,2025-09-22,29.3,73.3,Desktop,4.0
U0441,C050,2025-04-30,94.9,67.3,Mobile,2.0
U0225,C042,2025-07-22,36.5,77.7,Desktop,0.0
U0239,C043,2025-08-11,63.0,90.0,TV,3.0
U0395,C001,2026-02-11,58.0,64.4,Mobile,4.0
U0261,C031,2025-10-18,120.0,93.0,Mobile,5.0
U0028,C043,2025-07-11,27.9,39.9,TV,3.0
U0089,C002,2026-04-07,51.4,93.4,TV,0.0
U0455,C017,2025-07-16,28.3,70.7,Mobile,0.0
U0410,C023,2025-05-30,29.2,25.0,Mobile,2.0
U0213,C001,2025-06-10,44.2,49.1,TV,0.0
U0136,C034,2025-05-27,24.2,50.4,Desktop,2.0
U0243,C004,2025-10-04,24.9,92.1,Mobile,0.0
U0041,C046,2026-01-20,26.6,55.4,Desktop,5.0
U0190,C040,2025-11-13,60.1,44.2,Tablet,1.0
U0006,C041,2026-02-03,61.9,41.8,TV,0.0
U0063,C045,2025-11-22,9.1,8.9,TV,1.0
U0417,C047,2026-03-23,79.0,97.5,Mobile,4.0
U0313,C028,2026-03-02,80.8,55.0,Desktop,5.0
U0039,C038,2025-04-25,82.7,94.0,Mobile,0.0
U0428,C047,2025-08-22,51.4,63.4,Desktop,3.0
U0267,C029,2026-04-12,29.1,52.0,Desktop,1.0
U0363,C022,2026-03-24,44.6,54.4,Tablet,4.0
U0305,C026,2025-09-28,91.6,75.1,Mobile,1.0
U0036,C050,2025-07-05,93.8,66.5,Desktop,5.0
U0139,C013,2026-03-14,17.8,13.0,Desktop,4.0
U0198,C030,2026-02-17,45.9,55.3,Desktop,1.0
U0492,C004,2025-11-24,12.9,47.7,Desktop,0.0
U0381,C049,2025-11-04,8.4,22.8,Desktop,4.0
U0128,C028,2026-02-25,86.0,58.5,Mobile,2.0
U0424,C010,2025-10-03,47.2,44.5,Tablet,4.0
U0432,C026,2025-07-19,21.0,17.2,Mobile,5.0
U0494,C002,2026-01-29,26.7,48.5,Tablet,2.0
U0111,C049,2025-05-25,21.4,57.9,Desktop,0.0
U0418,C038,2026-03-29,82.4,93.6,Tablet,4.0
U0253,C028,2025-10-18,17.1,11.6,Mobile,4.0
U0019,C022,2025-05-24,77.0,93.9,Desktop,1.0
U0025,C045,2025-10-26,74.6,73.1,Mobile,3.0
U0294,C048,2025-07-07,30.2,75.6,Mobile,2.0
U0025,C024,2025-11-17,5.2,6.8,Mobile,2.0
U0205,C006,2025-07-19,43.0,61.4,TV,3.0
U0450,C035,2025-04-19,89.5,69.9,Tablet,2.0
U0143,C037,2025-08-05,67.4,80.2,Mobile,4.0
U0342,C003,2026-01-04,23.2,55.3,Mobile,1.0
U0420,C029,2025-12-13,11.6,20.7,TV,0.0
U0367,C035,2025-10-30,112.4,87.8,Mobile,0.0
U0218,C032,2025-06-21,14.4,18.9,Tablet,1.0
U0437,C014,2025-05-10,37.6,94.1,TV,4.0
U0358,C032,2025-07-21,30.9,40.7,Mobile,0.0
U0253,C035,2025-06-01,17.5,13.7,Mobile,5.0
U0394,C026,2025-07-07,67.6,55.4,Tablet,4.0
U0267,C035,2025-05-31,86.4,67.5,Mobile,1.0
U0115,C038,2025-10-24,72.5,82.4,Desktop,0.0
U0354,C011,2026-04-13,15.9,13.6,Mobile,0.0
U0371,C025,2026-04-08,9.0,11.5,Tablet,1.0
U0370,C022,2025-11-11,38.1,46.5,Tablet,3.0
U0260,C026,2025-09-13,94.1,77.1,Desktop,4.0
U0300,C029,2025-05-08,44.3,79.1,TV,3.0
U0226,C027,2025-05-05,27.9,37.7,Desktop,4.0
U0347,C050,2026-04-02,46.5,33.0,Mobile,3.0
U0169,C029,2025-10-20,27.9,49.9,Tablet,5.0
U0111,C007,2025-06-11,100.9,75.3,Mobile,0.0
U0082,C019,2025-08-26,76.0,67.3,TV,2.0
U0371,C043,2026-01-14,20.4,29.1,Tablet,0.0
U0046,C002,2025-05-10,22.7,41.3,Desktop,4.0
U0159,C009,2025-10-20,71.3,78.3,Desktop,3.0
U0419,C022,2025-11-11,71.1,86.7,TV,4.0
U0173,C002,2025-11-19,35.6,64.7,Desktop,4.0
U0130,C025,2026-02-22,68.2,87.4,Tablet,0.0
U0071,C039,2026-02-14,62.4,65.7,Mobile,1.0
U0340,C013,2026-01-23,122.5,89.4,Tablet,3.0
U0218,C002,2025-07-05,46.4,84.3,TV,5.0
U0164,C005,2025-09-14,23.1,29.2,TV,1.0
U0140,C049,2026-04-02,4.6,12.4,Mobile,1.0
U0334,C032,2026-02-18,68.3,89.9,Tablet,5.0
U0469,C020,2025-06-09,93.2,84.7,TV,5.0
U0345,C004,2026-01-10,18.7,69.1,Tablet,5.0
U0171,C022,2025-11-13,3.9,4.8,Tablet,5.0
U0465,C041,2026-01-10,72.4,48.9,Tablet,5.0
U0232,C014,2026-04-18,22.5,56.3,Tablet,1.0
U0044,C023,2026-02-07,52.8,45.1,Mobile,4.0
U0141,C033,2025-07-09,103.1,70.6,TV,4.0
U0124,C027,2026-01-29,36.3,49.1,Tablet,4.0
U0186,C048,2026-04-02,35.2,88.1,Mobile,3.0
U0194,C020,2025-06-30,58.2,52.9,Desktop,1.0
U0212,C044,2026-04-04,30.9,50.6,Desktop,2.0
U0267,C016,2026-03-08,20.4,65.9,TV,1.0
U0001,C009,2026-01-26,37.7,41.4,TV,0.0
U0454,C013,2025-10-30,59.9,43.7,TV,5.0
U0417,C042,2025-07-25,41.7,88.7,Tablet,2.0
U0186,C025,2025-11-22,42.4,54.4,TV,0.0
U0120,C050,2025-11-29,62.9,44.6,Desktop,3.0
U0230,C024,2025-04-30,53.4,70.3,Desktop,0.0
U0352,C004,2025-08-14,7.7,28.7,TV,3.0
U0449,C046,2025-12-03,31.0,64.5,Tablet,5.0
U0354,C039,2026-04-05,48.5,51.1,TV,4.0
U0076,C034,2025-07-10,31.0,64.6,Desktop,1.0
U0334,C042,2025-06-01,9.5,20.3,Desktop,3.0
U0163,C020,2026-03-07,38.5,35.0,TV,5.0
U0455,C035,2025-05-25,98.0,76.6,Mobile,3.0
U0365,C029,2025-06-04,13.8,24.6,Desktop,2.0
U0085,C020,2025-08-22,91.7,83.4,Tablet,0.0
U0246,C035,2025-09-18,73.7,57.6,Desktop,0.0
U0380,C032,2025-04-28,27.8,36.6,Mobile,1.0
U0011,C045,2025-08-28,93.4,91.6,Mobile,2.0
U0218,C027,2025-12-11,61.4,83.0,Tablet,3.0
U0371,C035,2026-03-24,52.2,40.8,Tablet,0.0
U0480,C048,2025-10-22,14.2,35.5,Desktop,0.0
U0132,C032,2025-06-09,68.9,90.6,Mobile,2.0
U0432,C029,2026-02-28,10.0,17.9,Desktop,1.0
U0234,C035,2025-05-08,54.5,42.6,Mobile,5.0
U0318,C013,2025-08-27,76.7,56.0,TV,2.0
U0427,C049,2025-12-11,11.8,32.0,Mobile,5.0
U0310,C001,2025-07-06,51.7,57.4,Desktop,5.0
U0446,C008,2025-08-02,27.5,45.9,TV,0.0
U0284,C013,2026-02-20,89.3,65.2,Mobile,5.0
U0115,C024,2025-11-30,19.1,25.1,Desktop,5.0
U0376,C006,2026-02-12,12.5,17.9,Mobile,1.0
U0297,C038,2025-04-27,54.6,62.0,Tablet,2.0
U0022,C015,2025-05-13,108.5,96.9,Desktop,1.0
U0283,C013,2025-05-05,73.8,53.9,TV,1.0
U0190,C025,2025-05-07,42.7,54.7,Desktop,2.0
U0257,C028,2025-07-07,26.3,17.9,TV,4.0
U0159,C038,2025-12-20,40.3,45.8,Desktop,5.0
U0068,C027,2025-09-11,56.2,75.9,Tablet,5.0
U0364,C002,2025-12-19,20.7,37.7,Desktop,5.0
U0040,C006,2025-10-28,46.9,67.0,TV,0.0
U0221,C039,2025-07-18,81.6,85.9,Desktop,3.0
U0246,C009,2026-03-11,29.7,32.6,Mobile,0.0
U0189,C001,2025-06-29,56.0,62.2,TV,1.0
U0251,C028,2025-05-24,18.8,12.8,Tablet,3.0
U0018,C016,2025-06-30,3.2,10.3,Mobile,0.0
U0412,C045,2025-08-21,50.2,49.2,Desktop,3.0
U0042,C049,2026-04-09,14.4,38.9,Mobile,3.0
U0443,C005,2025-10-05,32.4,41.0,Desktop,0.0
U0466,C024,2025-12-28,73.0,96.1,Mobile,0.0
U0216,C034,2025-06-03,7.3,15.2,Desktop,4.0
U0214,C002,2026-02-05,31.2,56.7,Desktop,4.0
U0137,C039,2025-10-31,93.9,98.8,Mobile,0.0
U0191,C013,2025-09-30,78.8,57.5,TV,2.0
U0382,C012,2025-07-13,73.8,68.3,Mobile,5.0
U0410,C020,2025-06-03,58.2,52.9,Tablet,3.0
U0375,C014,2025-05-01,5.4,13.6,Tablet,5.0
U0406,C044,2025-06-04,28.1,46.0,Mobile,4.0
U0001,C016,2025-08-12,27.7,89.2,Tablet,2.0
U0226,C044,2026-03-21,13.1,21.4,Tablet,3.0
U0449,C046,2025-09-08,18.4,38.3,Mobile,0.0
U0406,C033,2025-08-12,84.8,58.1,Desktop,3.0
U0367,C035,2025-12-09,46.6,36.4,Mobile,0.0
U0027,C024,2025-08-09,50.0,65.8,Mobile,2.0
U0130,C034,2025-12-21,45.4,94.6,Mobile,1.0
U0008,C021,2025-11-10,13.8,36.3,Mobile,4.0
U0436,C050,2025-12-07,32.0,22.7,TV,0.0
U0163,C021,2025-08-16,23.0,60.4,TV,0.0
U0480,C010,2025-07-12,55.8,52.6,Tablet,0.0
U0033,C004,2025-06-05,23.7,87.6,TV,0.0
U0255,C028,2025-10-15,70.4,47.9,Mobile,3.0
U0208,C048,2025-11-16,13.0,32.4,Mobile,4.0
U0433,C041,2025-04-30,58.6,39.6,Tablet,1.0
U0189,C041,2026-02-02,88.1,59.5,Desktop,1.0
U0145,C026,2025-08-27,89.8,73.6,Mobile,1.0
U0103,C033,2025-07-12,91.0,62.3,TV,4.0
U0315,C024,2025-11-01,1.1,1.4,Desktop,3.0
U0329,C005,2026-01-10,62.8,79.5,Tablet,0.0
U0044,C002,2025-08-28,38.8,70.5,Mobile,0.0
U0427,C024,2025-12-12,32.6,42.9,Mobile,1.0
U0174,C022,2025-04-24,28.6,34.9,TV,0.0
U0319,C028,2026-02-10,96.9,65.9,Desktop,1.0
U0398,C034,2025-12-18,38.2,79.5,Desktop,0.0
U0457,C010,2025-10-08,70.4,66.4,TV,5.0
U0055,C042,2026-01-18,40.8,86.9,TV,5.0
U0252,C034,2025-12-03,40.8,85.0,Tablet,0.0
U0370,C024,2025-06-17,55.9,73.5,TV,2.0
U0155,C020,2026-03-22,42.4,38.5,Mobile,5.0
U0191,C022,2026-02-01,39.9,48.6,Tablet,0.0
U0483,C043,2026-01-18,25.8,36.8,Tablet,4.0
U0095,C023,2026-03-17,47.7,40.8,Mobile,0.0
U0179,C001,2025-06-24,53.5,59.5,Tablet,2.0
U0086,C045,2025-07-24,76.0,74.5,Mobile,0.0
U0227,C008,2025-11-19,19.7,32.9,Desktop,0.0
U0024,C007,2026-03-23,13.7,10.2,Mobile,4.0
U0145,C010,2025-07-18,53.4,50.4,Desktop,0.0
U0392,C036,2026-02-15,54.1,46.2,Mobile,2.0
U0208,C048,2025-05-12,32.3,80.7,Tablet,3.0
U0250,C003,2026-03-25,21.3,50.8,Mobile,0.0
U0190,C032,2025-11-09,60.8,80.0,TV,3.0
U0206,C001,2025-06-05,52.9,58.8,TV,1.0
U0409,C033,2025-12-23,63.5,43.5,Desktop,2.0
U0036,C018,2026-01-27,49.7,42.5,Tablet,4.0
U0034,C005,2026-02-27,64.5,81.7,TV,1.0
U0026,C004,2025-12-16,13.9,51.3,TV,0.0
U0142,C020,2026-02-25,73.2,66.5,Tablet,0.0
U0062,C035,2025-07-04,72.6,56.7,Tablet,4.0
U0113,C019,2025-10-22,80.9,71.6,TV,1.0
U0359,C009,2026-03-28,40.9,44.9,Mobile,1.0
U0213,C032,2026-03-02,17.6,23.2,TV,4.0
U0393,C041,2025-12-01,61.4,41.5,Mobile,4.0
U0236,C039,2026-01-02,78.8,82.9,Mobile,0.0
U0037,C032,2025-10-03,41.9,55.1,Desktop,1.0
U0301,C012,2025-07-18,23.2,21.5,Tablet,4.0
U0066,C017,2025-10-07,3.6,9.0,Desktop,1.0
U0436,C007,2025-08-24,73.4,54.8,Desktop,4.0
U0207,C020,2025-09-10,89.8,81.6,Desktop,5.0
U0079,C002,2025-09-02,14.1,25.7,Desktop,4.0
U0032,C044,2025-10-11,18.5,30.4,Tablet,2.0
U0487,C015,2025-09-15,100.4,89.6,Desktop,0.0
U0377,C037,2025-07-11,61.2,72.8,Mobile,2.0
U0373,C023,2026-03-06,27.0,23.1,TV,3.0
U0267,C017,2025-07-26,26.1,65.2,TV,0.0
U0053,C048,2025-11-15,26.3,65.7,Mobile,5.0
U0211,C010,2025-08-04,77.8,73.4,Desktop,3.0
U0209,C002,2025-08-14,37.2,67.6,Desktop,1.0
U0461,C012,2025-05-16,89.0,82.4,Mobile,5.0
U0351,C003,2026-01-21,22.3,53.0,TV,3.0
U0291,C013,2025-10-20,111.9,81.7,Tablet,0.0
U0043,C032,2026-02-06,46.1,60.6,Tablet,0.0
U0464,C033,2025-08-06,127.2,87.1,Desktop,4.0
U0479,C038,2025-07-02,47.8,54.3,Desktop,0.0
U0108,C030,2026-01-12,59.3,71.5,Mobile,2.0
U0335,C016,2025-09-15,18.9,61.1,TV,2.0
U0018,C018,2025-06-17,76.0,65.0,Tablet,4.0
U0381,C024,2025-05-01,37.2,49.0,Tablet,0.0
U0068,C008,2025-05-10,25.3,42.1,Mobile,1.0
U0243,C043,2025-06-23,26.9,38.5,TV,1.0
U0151,C006,2025-04-22,45.0,64.3,Tablet,2.0
U0474,C003,2025-12-19,22.3,53.2,Desktop,0.0
U0487,C029,2025-07-12,48.3,86.3,TV,5.0
U0204,C001,2025-09-03,13.9,15.5,Mobile,3.0
U0304,C003,2025-10-05,21.8,52.0,Mobile,0.0
U0417,C032,2025-08-14,51.7,68.0,Tablet,0.0
U0408,C038,2026-01-29,48.3,54.9,Desktop,1.0
U0127,C035,2025-09-25,69.6,54.4,Tablet,0.0
U0251,C026,2025-07-26,93.0,76.2,TV,5.0
U0267,C034,2025-05-30,22.8,47.4,TV,0.0
U0264,C013,2025-10-24,98.8,72.1,Mobile,1.0
U0427,C041,2025-09-16,99.2,67.0,Mobile,3.0
U0484,C002,2026-01-17,37.1,67.4,Mobile,0.0
U0416,C010,2025-07-04,50.9,48.0,Mobile,1.0
U0241,C001,2026-02-19,72.3,80.3,Mobile,1.0
U0073,C044,2025-08-14,26.4,43.2,Tablet,5.0
U0292,C015,2026-02-18,53.8,48.0,TV,5.0
U0293,C021,2025-12-17,18.3,48.1,Desktop,4.0
U0374,C049,2025-07-20,13.4,36.2,Desktop,0.0
U0386,C020,2026-01-08,6.9,6.3,TV,3.0
U0258,C007,2025-06-29,128.6,96.0,Mobile,3.0
U0274,C036,2025-08-01,72.3,61.8,Desktop,2.0
U0076,C018,2025-10-19,107.1,91.5,TV,0.0
U0200,C032,2025-06-23,20.2,26.6,Desktop,0.0
U0459,C010,2026-03-12,39.4,37.2,Mobile,5.0
U0050,C026,2025-06-18,88.5,72.5,Tablet,1.0
U0418,C045,2025-08-19,78.5,77.0,TV,0.0
U0116,C013,2025-12-08,61.8,45.1,TV,5.0
U0238,C021,2025-05-08,31.2,82.2,Tablet,0.0
U0500,C044,2025-05-03,9.8,16.0,Tablet,1.0
U0475,C024,2025-08-24,51.7,68.0,TV,5.0
U0033,C025,2025-06-25,47.0,60.3,TV,3.0
U0317,C049,2025-09-18,20.3,54.9,Tablet,3.0
U0227,C026,2025-11-15,52.1,42.7,TV,3.0
U0364,C037,2026-02-27,78.1,93.0,Tablet,4.0
U0003,C048,2026-01-08,24.7,61.8,Mobile,5.0
U0215,C010,2026-01-12,58.7,55.4,TV,0.0
U0093,C010,2025-12-27,42.7,40.3,Mobile,5.0
U0367,C038,2025-11-15,83.1,94.4,Tablet,0.0
U0054,C030,2025-06-30,60.0,72.3,Desktop,4.0
U0287,C021,2025-04-22,8.1,21.3,Mobile,1.0
U0161,C014,2025-10-06,29.9,74.8,TV,0.0
U0034,C045,2026-02-15,41.8,41.0,Mobile,2.0
U0118,C013,2025-08-21,87.8,64.1,TV,5.0
U0109,C016,2025-04-28,16.0,51.6,Desktop,4.0
U0346,C010,2025-05-30,44.0,41.5,TV,1.0
U0396,C036,2025-05-29,78.4,67.0,Tablet,0.0
U0346,C036,2025-12-18,47.4,40.5,Mobile,2.0
U0381,C012,2025-06-04,45.4,42.0,TV,1.0
U0128,C047,2025-07-11,59.3,73.2,Tablet,0.0
U0403,C015,2026-02-17,93.7,83.7,TV,1.0
U0124,C015,2025-09-06,39.5,35.3,Desktop,2.0
U0241,C006,2025-09-29,22.0,31.4,TV,0.0
U0412,C005,2025-12-04,26.4,33.4,TV,5.0
U0001,C043,2026-02-28,49.5,70.7,Tablet,2.0
U0073,C004,2025-09-03,18.9,69.9,Mobile,4.0
U0194,C029,2025-11-05,35.4,63.3,Tablet,4.0
U0133,C032,2025-11-05,63.5,83.5,Tablet,1.0
U0168,C001,2025-10-18,42.1,46.8,Desktop,3.0
U0433,C047,2025-05-17,58.4,72.1,TV,1.0
U0177,C029,2025-11-16,49.8,88.9,TV,0.0
U0183,C043,2026-02-24,54.2,77.5,Mobile,0.0
U0261,C022,2025-11-13,72.8,88.8,Tablet,2.0
U0263,C014,2025-05-25,36.9,92.3,TV,3.0
U0297,C007,2026-04-09,97.2,72.5,Tablet,4.0
U0411,C043,2025-05-05,31.9,45.5,TV,0.0
U0250,C045,2025-09-04,77.6,76.1,Mobile,2.0
U0416,C008,2025-07-24,51.5,85.8,TV,0.0
U0311,C018,2025-06-09,52.1,44.5,Desktop,3.0
U0135,C035,2025-06-09,112.9,88.2,Tablet,4.0
U0078,C034,2026-03-13,30.6,63.8,Desktop,4.0
U0427,C050,2025-12-11,127.5,90.4,Mobile,1.0
U0082,C005,2025-10-08,15.4,19.5,Tablet,2.0
U0432,C025,2025-08-27,23.0,29.5,Tablet,1.0
U0017,C020,2025-06-03,36.3,33.0,Tablet,4.0
U0354,C030,2026-01-08,33.3,40.1,Desktop,0.0
U0494,C029,2025-05-27,43.2,77.1,Tablet,1.0
U0040,C043,2025-08-07,50.3,71.8,Mobile,3.0
U0436,C019,2026-02-17,21.0,18.6,Mobile,4.0
U0380,C005,2025-05-09,41.6,52.6,Desktop,5.0
U0163,C006,2026-03-03,67.8,96.9,TV,0.0
U0033,C048,2026-01-25,11.8,29.6,Mobile,4.0
U0178,C024,2025-12-18,35.1,46.2,Mobile,1.0
U0314,C032,2025-04-20,48.0,63.2,TV,1.0
U0070,C025,2025-11-14,10.2,13.1,Tablet,1.0
U0034,C037,2026-04-19,72.2,85.9,Mobile,0.0
U0022,C008,2025-08-23,24.5,40.9,TV,5.0
U0298,C003,2025-07-16,14.0,33.3,TV,0.0
U0495,C032,2025-10-04,44.9,59.1,TV,4.0
U0352,C042,2025-10-28,14.8,31.5,Tablet,0.0
U0281,C047,2026-01-20,76.0,93.8,Desktop,0.0
U0411,C025,2025-04-26,43.1,55.3,Desktop,0.0
U0271,C025,2026-01-03,41.7,53.5,Mobile,3.0
U0411,C004,2026-01-24,2.8,10.4,Tablet,0.0
U0395,C044,2025-10-12,9.3,15.3,TV,0.0
U0401,C023,2026-01-22,48.4,41.4,TV,5.0
U0232,C045,2026-01-25,30.9,30.3,Tablet,0.0
U0157,C002,2025-04-20,28.5,51.8,Desktop,0.0
U0116,C005,2025-09-03,69.6,88.1,Mobile,3.0
U0330,C002,2025-08-30,40.7,74.0,Tablet,3.0
U0124,C040,2026-01-04,51.4,37.8,Mobile,0.0
U0197,C046,2025-06-03,30.8,64.1,Desktop,5.0
U0152,C035,2025-11-19,68.0,53.1,Tablet,3.0
U0316,C037,2026-02-25,54.8,65.2,TV,4.0
U0094,C002,2026-04-11,31.5,57.2,TV,4.0
U0159,C020,2025-07-20,91.0,82.7,Mobile,2.0
U0139,C004,2025-09-07,6.6,24.6,Tablet,0.0
U0499,C013,2025-10-16,70.0,51.1,TV,3.0
U0314,C004,2025-06-06,4.7,17.4,Desktop,3.0
U0039,C002,2025-11-15,1.9,3.5,Tablet,0.0
U0261,C049,2025-07-30,9.2,25.0,Tablet,1.0
U0183,C008,2026-01-13,10.8,18.0,Desktop,0.0
U0360,C002,2025-05-23,17.3,31.4,Desktop,0.0
U0464,C011,2025-08-22,100.7,86.1,TV,1.0
U0296,C046,2025-06-03,18.9,39.4,Tablet,1.0
U0204,C011,2025-10-31,20.6,17.6,Mobile,3.0
U0459,C047,2026-01-16,73.1,90.2,TV,0.0
U0390,C029,2025-08-19,31.6,56.4,Desktop,1.0
U0493,C027,2026-03-27,46.1,62.3,Tablet,3.0
U0184,C043,2026-02-03,21.4,30.6,Tablet,5.0
U0188,C004,2025-06-22,8.2,30.4,TV,5.0
U0173,C005,2025-09-14,74.1,93.8,TV,2.0
U0258,C030,2025-08-17,4.3,5.2,Tablet,3.0
U0183,C003,2025-04-26,34.8,82.8,Tablet,0.0
U0260,C046,2026-03-09,35.2,73.4,TV,0.0
U0214,C010,2025-10-30,94.7,89.3,Desktop,0.0
U0172,C012,2025-08-19,13.3,12.3,Desktop,3.0
U0419,C044,2025-09-08,26.9,44.1,Desktop,2.0
U0194,C016,2026-01-20,15.2,49.1,Tablet,4.0
U0047,C021,2026-02-22,22.9,60.3,TV,5.0
U0413,C036,2026-04-01,69.6,59.5,Desktop,1.0
U0257,C043,2025-10-15,14.1,20.2,Mobile,2.0
U0303,C023,2025-10-01,26.0,22.2,TV,0.0
U0069,C036,2026-04-11,92.9,79.4,Mobile,3.0
U0355,C003,2025-10-10,6.3,15.0,Tablet,0.0
U0393,C005,2025-07-11,18.9,23.9,Tablet,5.0
U0014,C037,2025-12-17,39.6,47.2,TV,3.0
U0385,C025,2025-05-13,42.0,53.9,TV,0.0
U0015,C046,2025-11-09,7.5,15.7,TV,3.0
U0377,C018,2025-05-04,102.4,87.5,Tablet,1.0
U0139,C037,2025-06-24,16.0,19.0,Mobile,4.0
U0192,C020,2025-07-14,57.5,52.3,Tablet,5.0
U0239,C001,2026-03-03,74.2,82.4,Tablet,0.0
U0465,C043,2026-04-07,51.7,73.9,Mobile,0.0
U0419,C035,2025-07-20,84.1,65.7,TV,5.0
U0402,C024,2025-06-02,33.5,44.1,Desktop,0.0
U0213,C039,2025-07-08,35.5,37.4,Mobile,2.0
U0454,C002,2026-01-18,43.2,78.6,Mobile,0.0
U0365,C015,2025-09-05,86.8,77.5,TV,1.0
U0301,C046,2026-01-12,39.2,81.7,Desktop,4.0
U0134,C039,2026-01-04,50.7,53.4,Tablet,0.0
U0105,C031,2026-01-06,44.8,34.7,Mobile,0.0
U0375,C035,2026-04-13,88.2,68.9,Mobile,3.0
U0265,C006,2026-01-10,61.7,88.1,Tablet,3.0
U0167,C043,2025-10-10,29.1,41.6,Tablet,0.0
U0343,C030,2025-09-28,77.7,93.6,Tablet,0.0
U0126,C048,2025-06-09,19.8,49.4,Mobile,0.0
U0346,C012,2025-08-04,60.7,56.2,Desktop,5.0
U0163,C008,2025-07-14,41.0,68.4,TV,2.0
U0058,C049,2025-12-29,15.2,41.1,Mobile,0.0
U0361,C041,2025-12-20,100.9,68.2,Tablet,0.0
U0362,C008,2025-10-20,19.4,32.3,Mobile,0.0
U0254,C032,2025-08-11,72.6,95.5,Mobile,5.0
U0175,C048,2026-01-20,30.6,76.6,Mobile,2.0
U0115,C015,2025-08-11,83.7,74.7,Desktop,5.0
U0084,C004,2025-06-03,7.9,29.4,TV,2.0
U0090,C006,2025-04-25,37.1,53.0,Mobile,5.0
U0068,C018,2025-10-04,6.6,5.6,TV,4.0
U0419,C014,2025-08-07,32.0,80.0,Desktop,4.0
U0171,C003,2025-06-08,33.8,80.5,Tablet,3.0
U0471,C045,2025-05-14,87.5,85.8,TV,3.0
U0482,C038,2025-10-02,32.7,37.2,Tablet,0.0
U0181,C019,2025-11-09,63.3,56.0,TV,0.0
U0348,C007,2025-11-04,98.4,73.4,Mobile,1.0
U0417,C025,2025-08-19,47.9,61.4,TV,2.0
U0159,C034,2025-08-14,16.1,33.6,Tablet,1.0
U0195,C021,2026-03-18,28.1,73.9,TV,0.0
U0043,C031,2025-07-19,77.8,60.3,Tablet,1.0
U0134,C034,2025-09-05,19.2,40.0,Desktop,4.0
U0398,C029,2026-01-04,47.0,84.0,TV,0.0
U0085,C021,2026-02-08,23.0,60.4,Tablet,0.0
U0023,C029,2025-06-09,25.8,46.0,Tablet,0.0
U0483,C044,2025-09-14,27.1,44.5,Tablet,2.0
U0108,C015,2026-03-09,58.2,52.0,Desktop,2.0
U0484,C015,2025-05-15,30.8,27.5,TV,0.0
U0373,C004,2025-05-09,16.1,59.8,Mobile,3.0
U0063,C007,2025-10-22,114.8,85.7,Tablet,5.0
U0456,C046,2025-12-29,36.8,76.6,TV,1.0
U0097,C020,2026-02-09,28.5,25.9,Tablet,0.0
U0321,C001,2025-08-30,58.7,65.2,TV,5.0
U0101,C041,2025-09-25,131.9,89.1,Desktop,1.0
U0332,C015,2025-12-13,2.2,2.0,Desktop,1.0
U0131,C031,2025-10-10,50.7,39.3,Mobile,0.0
U0043,C011,2026-02-01,54.3,46.4,Mobile,0.0
U0076,C020,2025-11-17,86.2,78.4,Desktop,2.0
U0392,C011,2025-07-31,110.8,94.7,Mobile,1.0
U0074,C035,2026-02-15,26.4,20.6,TV,0.0
U0219,C026,2026-01-27,108.2,88.7,TV,0.0
U0385,C010,2025-05-02,88.7,83.7,Desktop,0.0
U0200,C009,2025-10-02,74.7,82.1,Mobile,0.0
U0198,C027,2025-06-10,37.6,50.8,Desktop,3.0
U0139,C029,2025-07-06,23.4,41.7,Mobile,5.0
U0199,C015,2025-12-31,105.8,94.5,Mobile,3.0
U0082,C013,2026-03-10,73.4,53.6,Mobile,0.0
U0072,C039,2026-01-14,82.5,86.8,Tablet,0.0
U0186,C003,2025-04-21,27.4,65.3,Desktop,4.0
U0180,C011,2025-12-05,27.5,23.5,Desktop,5.0
U0040,C028,2025-11-23,106.1,72.2,Mobile,0.0
U0198,C022,2026-01-21,55.8,68.0,Tablet,0.0
U0131,C028,2025-09-16,87.0,59.2,Tablet,0.0
U0253,C020,2026-04-04,86.6,78.7,TV,0.0
U0388,C010,2025-10-27,33.1,31.2,Tablet,1.0
U0497,C010,2025-07-06,49.8,47.0,Desktop,2.0
U0043,C040,2025-06-20,94.5,69.5,Tablet,0.0
U0036,C007,2025-12-30,82.4,61.5,TV,0.0
U0475,C006,2025-12-24,10.7,15.3,TV,5.0
U0094,C017,2026-01-02,1.4,3.5,Tablet,3.0
U0500,C004,2025-12-15,17.7,65.7,Desktop,1.0
U0270,C046,2025-10-28,38.9,81.0,Tablet,1.0
U0392,C040,2025-09-16,46.6,34.3,Desktop,1.0
U0376,C019,2026-01-03,82.0,72.6,Tablet,1.0
U0207,C033,2026-02-16,121.3,83.1,Tablet,3.0
U0442,C042,2025-07-13,38.1,81.1,TV,0.0
U0030,C049,2025-06-07,36.3,98.1,Tablet,3.0
U0346,C050,2025-05-01,99.4,70.5,Desktop,5.0
U0146,C027,2025-09-09,33.9,45.8,Desktop,2.0
U0173,C011,2025-05-13,80.5,68.8,TV,5.0
U0314,C042,2025-07-10,12.9,27.5,Tablet,1.0
U0232,C004,2026-01-28,24.3,89.9,Tablet,0.0
U0114,C044,2025-08-08,46.4,76.1,Mobile,3.0
U0491,C031,2026-02-26,31.2,24.2,Tablet,1.0
U0272,C001,2025-07-19,64.2,71.3,TV,0.0
U0037,C006,2025-12-21,32.3,46.1,TV,2.0
U0427,C030,2026-02-17,53.0,63.8,Tablet,0.0
U0498,C041,2025-11-02,35.7,24.1,TV,3.0
U0087,C032,2025-08-02,40.1,52.8,Tablet,2.0
U0150,C004,2026-03-31,5.3,19.6,Desktop,1.0
U0323,C044,2025-06-17,40.4,66.2,Desktop,5.0
U0233,C003,2026-03-12,16.7,39.7,Mobile,1.0
U0050,C048,2025-05-20,2.4,6.0,Mobile,4.0
U0194,C037,2025-12-25,38.1,45.3,Tablet,5.0
U0034,C003,2026-01-18,17.0,40.4,Tablet,0.0
U0429,C012,2025-09-08,75.1,69.5,TV,5.0
U0070,C038,2025-11-13,25.7,29.2,TV,5.0
U0155,C039,2026-03-17,33.2,34.9,Desktop,1.0
U0427,C017,2025-07-02,20.3,50.7,TV,0.0
U0451,C011,2025-08-26,39.9,34.1,Desktop,0.0
U0495,C024,2025-05-27,29.0,38.1,Tablet,2.0
U0483,C008,2025-09-28,55.3,92.2,Tablet,0.0
U0354,C014,2025-06-02,24.8,62.0,Tablet,1.0
U0158,C034,2026-04-12,34.2,71.3,Mobile,0.0
U0472,C020,2026-01-11,53.9,49.0,Tablet,2.0
U0444,C029,2026-03-12,38.1,68.0,Desktop,5.0
U0364,C039,2026-03-11,82.0,86.3,Mobile,4.0
U0022,C017,2025-12-25,34.4,85.9,TV,4.0
U0258,C017,2026-02-21,31.6,79.0,Mobile,0.0
U0353,C041,2025-09-12,106.1,71.7,Desktop,4.0
U0432,C012,2026-04-06,65.3,60.5,TV,1.0
U0388,C047,2026-01-01,47.9,59.1,TV,2.0
U0353,C020,2025-05-08,95.4,86.7,Mobile,4.0
U0015,C010,2025-10-02,86.2,81.3,TV,1.0
U0461,C013,2025-09-13,108.0,78.8,Desktop,0.0
U0397,C049,2025-11-14,14.0,37.9,Tablet,4.0
U0189,C020,2025-10-05,56.3,51.2,Desktop,5.0
U0359,C040,2025-12-09,105.5,77.6,Tablet,0.0
U0406,C040,2026-02-14,36.2,26.6,Mobile,1.0
U0449,C006,2025-07-10,11.2,16.0,Tablet,5.0
U0079,C014,2025-12-12,14.9,37.2,Mobile,1.0
U0280,C030,2025-11-01,72.1,86.9,Mobile,2.0
U0104,C039,2025-12-16,89.7,94.4,Desktop,0.0
U0447,C024,2025-05-06,13.2,17.4,Mobile,0.0
U0330,C038,2026-02-25,84.7,96.3,Tablet,3.0
U0149,C010,2025-12-14,47.2,44.5,Desktop,0.0
U0447,C026,2025-12-21,107.4,88.0,Mobile,1.0
U0127,C006,2026-03-06,59.9,85.5,Tablet,0.0
U0142,C007,2025-06-21,90.9,67.8,TV,0.0
U0304,C015,2026-04-12,22.8,20.4,Desktop,3.0
U0376,C013,2025-10-21,105.9,77.3,Desktop,4.0
U0277,C047,2025-07-22,60.3,74.5,TV,4.0
U0243,C017,2025-11-29,22.6,56.6,Desktop,5.0
U0261,C038,2025-11-08,39.8,45.2,Tablet,3.0
U0285,C038,2025-05-18,42.9,48.7,Mobile,0.0
U0005,C008,2025-12-31,31.3,52.2,Tablet,2.0
U0270,C021,2025-07-30,27.0,71.1,Mobile,4.0
U0178,C029,2025-11-25,42.2,75.4,Tablet,3.0
U0091,C014,2026-01-29,24.2,60.4,Mobile,0.0
U0382,C043,2025-07-31,51.7,73.9,Desktop,3.0
U0172,C043,2026-03-04,30.0,42.8,Tablet,4.0
U0383,C014,2025-08-03,22.4,55.9,Tablet,5.0
U0017,C008,2025-11-24,29.9,49.9,Desktop,1.0
U0286,C013,2025-10-31,35.5,25.9,Mobile,1.0
U0045,C022,2025-12-07,60.2,73.4,Tablet,0.0
U0235,C005,2026-02-26,65.6,83.0,TV,3.0
U0460,C050,2025-07-21,76.7,54.4,TV,0.0
U0345,C050,2026-02-02,108.3,76.8,Desktop,3.0
U0216,C043,2025-07-04,42.5,60.7,Tablet,2.0
U0170,C007,2025-06-22,67.3,50.2,Tablet,5.0
U0484,C048,2025-09-07,32.9,82.3,Desktop,4.0
U0280,C021,2025-05-19,27.9,73.4,TV,5.0
U0293,C016,2025-05-18,23.8,76.8,TV,1.0
U0494,C002,2026-01-10,37.3,67.9,Tablet,4.0
U0355,C043,2025-11-07,39.5,56.4,Desktop,0.0
U0351,C024,2025-09-30,46.0,60.5,TV,2.0
U0048,C013,2025-11-08,41.6,30.4,Tablet,0.0
U0332,C043,2026-03-09,40.2,57.5,Desktop,0.0
U0003,C030,2026-03-17,33.0,39.8,Tablet,4.0
U0251,C031,2025-12-13,77.4,60.0,TV,5.0
U0052,C033,2026-01-14,90.8,62.2,TV,0.0
U0440,C016,2026-03-12,24.3,78.3,Tablet,4.0
U0259,C025,2025-10-13,42.6,54.6,Tablet,2.0
U0023,C025,2026-01-05,75.0,96.2,Desktop,2.0
U0042,C004,2025-06-09,16.6,61.6,Desktop,0.0
U0198,C049,2025-08-17,33.0,89.1,TV,0.0
U0346,C049,2025-08-19,36.0,97.4,Desktop,0.0
U0462,C033,2025-12-09,111.4,76.3,Mobile,3.0
U0111,C046,2025-07-29,43.7,91.0,Desktop,3.0
U0431,C007,2026-03-13,106.9,79.8,Tablet,4.0
U0005,C007,2026-02-19,83.8,62.5,TV,4.0
U0065,C009,2025-06-08,34.9,38.4,Desktop,3.0
U0055,C026,2025-09-13,88.0,72.1,Mobile,5.0
U0315,C050,2025-10-16,100.4,71.2,TV,0.0
U0366,C048,2025-05-30,13.1,32.8,TV,1.0
U0316,C016,2026-01-30,14.9,48.2,Tablet,5.0
U0450,C028,2025-05-05,105.1,71.5,Tablet,0.0
U0241,C007,2025-12-23,80.3,59.9,Mobile,5.0
U0378,C013,2025-07-17,77.1,56.3,TV,2.0
U0007,C046,2025-09-23,29.5,61.5,Tablet,1.0
U0229,C020,2025-06-16,56.0,50.9,TV,3.0
U0073,C008,2026-02-04,51.7,86.2,TV,1.0
U0262,C035,2026-03-29,94.1,73.5,Desktop,1.0
U0392,C043,2025-06-12,24.6,35.2,Tablet,3.0
U0289,C028,2026-01-18,100.7,68.5,Tablet,2.0
U0041,C015,2025-04-22,31.6,28.2,Desktop,1.0
U0443,C006,2025-05-18,10.8,15.5,Tablet,2.0
U0430,C025,2025-08-05,15.2,19.5,Mobile,5.0
U0121,C039,2025-08-10,42.0,44.2,Tablet,1.0
U0160,C007,2025-12-19,44.9,33.5,Mobile,4.0
U0396,C049,2026-03-11,6.6,17.9,Desktop,4.0
U0470,C018,2025-07-28,28.3,24.2,Desktop,2.0
U0377,C044,2026-03-31,31.8,52.2,Desktop,5.0
U0492,C004,2025-05-04,11.5,42.7,Tablet,4.0
U0185,C007,2025-05-27,56.4,42.1,Tablet,3.0
U0282,C033,2026-02-14,84.4,57.8,TV,2.0
U0359,C038,2026-03-19,61.8,70.2,Mobile,2.0
U0302,C046,2025-08-24,17.7,36.9,Desktop,0.0
U0391,C032,2025-11-04,55.6,73.2,TV,0.0
U0010,C002,2026-04-15,16.8,30.5,TV,0.0
U0134,C007,2025-10-12,104.3,77.8,Tablet,1.0
U0433,C007,2026-02-01,85.2,63.6,Tablet,0.0
U0128,C046,2025-06-07,14.6,30.4,Desktop,5.0
U0368,C038,2025-10-07,60.3,68.5,Tablet,3.0
U0228,C026,2026-01-28,24.2,19.8,Tablet,0.0
U0059,C041,2025-09-04,40.4,27.3,Desktop,5.0
U0062,C023,2025-10-18,68.6,58.6,TV,0.0
U0477,C005,2025-12-05,64.4,81.5,TV,3.0
U0473,C003,2026-01-25,38.2,90.9,Mobile,4.0
U0231,C003,2026-04-13,27.1,64.5,Tablet,4.0
U0128,C014,2025-08-29,7.1,17.8,TV,4.0
U0226,C008,2025-12-30,45.5,75.9,Desktop,5.0
U0039,C049,2025-10-13,17.9,48.5,TV,4.0
U0073,C042,2026-02-27,29.9,63.6,Desktop,0.0
U0363,C022,2026-02-26,54.3,66.2,Tablet,4.0
U0291,C027,2025-05-27,42.5,57.4,TV,3.0
U0200,C006,2025-11-26,37.7,53.9,Mobile,3.0
U0203,C026,2025-12-30,55.4,45.4,Tablet,1.0
U0475,C045,2025-10-29,37.7,37.0,Desktop,2.0
U0262,C024,2025-10-13,69.4,91.3,Tablet,0.0
U0092,C005,2025-06-07,64.1,81.2,Mobile,2.0
U0195,C047,2026-01-26,74.7,92.2,Tablet,5.0
U0083,C048,2025-05-10,19.0,47.4,TV,0.0
U0001,C045,2025-11-16,40.9,40.1,TV,2.0
U0460,C022,2025-09-18,42.9,52.3,TV,3.0
U0334,C033,2026-04-07,59.4,40.7,Mobile,0.0
U0370,C038,2025-10-26,29.7,33.8,Desktop,2.0
U0188,C024,2025-08-30,31.5,41.4,TV,0.0
U0003,C038,2025-06-23,33.0,37.5,Mobile,0.0
U0067,C010,2025-05-01,46.6,44.0,Desktop,0.0
U0216,C026,2025-07-07,29.2,23.9,Mobile,3.0
U0144,C021,2025-06-10,14.9,39.2,TV,5.0
U0292,C010,2025-11-16,90.4,85.3,TV,2.0
U0225,C028,2025-06-11,17.9,12.2,Mobile,2.0
U0493,C005,2025-10-03,25.4,32.2,Tablet,1.0
U0058,C041,2026-03-06,70.9,47.9,Tablet,3.0
U0126,C043,2025-12-24,51.1,73.0,Desktop,0.0
U0259,C013,2026-03-26,61.0,44.5,Desktop,3.0
U0369,C026,2025-11-19,100.9,82.7,Tablet,0.0
U0286,C047,2025-06-23,62.3,76.9,TV,0.0
U0252,C041,2026-04-06,81.3,54.9,Tablet,0.0
U0376,C041,2025-10-09,54.6,36.9,TV,0.0
U0305,C050,2026-03-29,86.0,61.0,Desktop,2.0
U0340,C041,2025-10-23,85.1,57.5,Tablet,5.0
U0397,C035,2025-12-21,88.3,69.0,Tablet,0.0
U0273,C005,2025-10-16,34.1,43.2,Desktop,0.0
U0017,C024,2025-05-19,64.6,85.0,TV,0.0
U0199,C008,2025-10-17,28.0,46.7,Tablet,2.0
U0097,C025,2025-12-08,50.7,65.0,Tablet,5.0
U0202,C006,2025-05-03,63.2,90.3,TV,2.0
U0094,C017,2025-10-31,19.3,48.2,Desktop,5.0
U0204,C043,2026-03-13,37.4,53.4,Mobile,0.0
U0297,C040,2025-05-12,107.7,79.2,Desktop,5.0
U0358,C018,2026-02-20,88.7,75.8,Mobile,1.0
U0258,C049,2025-05-12,14.3,38.7,TV,0.0
U0429,C019,2025-06-15,54.0,47.8,Tablet,2.0
U0073,C010,2026-04-15,50.6,47.7,Mobile,5.0
U0166,C016,2025-10-14,27.7,89.5,Tablet,5.0
U0448,C040,2025-05-05,81.3,59.8,Mobile,1.0
U0056,C017,2026-02-26,23.0,57.6,Mobile,0.0
U0477,C028,2025-08-05,120.7,82.1,Mobile,2.0
U0176,C001,2025-04-27,6.0,6.7,Mobile,1.0
U0188,C034,2025-07-14,40.7,84.7,TV,1.0
U0484,C028,2025-12-19,114.7,78.0,TV,1.0
U0393,C006,2025-08-10,22.4,32.0,Mobile,2.0
U0206,C037,2025-10-26,78.0,92.9,TV,2.0
U0299,C021,2025-08-30,36.9,97.2,Tablet,3.0
U0190,C046,2025-10-23,31.5,65.7,Tablet,1.0
U0022,C046,2025-04-25,45.7,95.3,Mobile,4.0
U0193,C037,2025-12-22,59.9,71.3,Tablet,0.0
U0259,C037,2025-09-15,69.2,82.4,TV,2.0
U0443,C004,2026-03-29,12.3,45.5,Tablet,1.0
U0135,C040,2025-11-15,13.2,9.7,Tablet,1.0
U0158,C030,2025-10-08,25.0,30.1,TV,3.0
U0242,C003,2025-12-27,28.7,68.3,Mobile,5.0
U0191,C026,2026-03-21,29.5,24.2,Desktop,1.0
U0027,C027,2026-02-18,44.3,59.8,TV,0.0
U0179,C040,2025-11-03,24.2,17.8,Tablet,2.0
U0169,C032,2026-02-12,33.8,44.5,Mobile,3.0
U0158,C032,2025-10-16,11.9,15.7,Mobile,4.0
U0098,C021,2025-08-08,22.2,58.5,Mobile,3.0
U0064,C002,2025-04-29,8.7,15.8,TV,0.0
U0129,C044,2025-10-03,54.9,90.0,Mobile,0.0
U0224,C042,2025-10-03,33.7,71.7,Mobile,5.0
U0113,C016,2025-11-06,2.0,6.6,TV,1.0
U0084,C016,2025-09-15,20.0,64.4,Desktop,3.0
U0227,C017,2025-04-28,27.9,69.8,Tablet,2.0
U0390,C035,2025-08-09,30.7,24.0,Mobile,0.0
U0367,C024,2025-12-05,22.6,29.7,TV,2.0
U0427,C024,2025-11-18,35.3,46.5,TV,2.0
U0277,C007,2025-09-10,82.8,61.8,TV,3.0
U0475,C047,2026-03-24,58.2,71.9,Mobile,1.0
U0139,C028,2025-05-18,59.2,40.3,Mobile,2.0
U0048,C003,2026-03-01,6.7,15.9,Tablet,3.0
U0284,C024,2025-09-22,24.9,32.8,Tablet,0.0
U0255,C032,2025-09-07,33.6,44.2,Mobile,0.0
U0340,C015,2025-09-04,54.2,48.4,Tablet,1.0
U0262,C020,2026-03-20,58.4,53.1,Tablet,0.0
U0281,C034,2025-09-18,25.1,52.2,TV,5.0
U0106,C013,2025-09-16,26.0,19.0,Desktop,1.0
U0221,C008,2025-06-12,45.3,75.5,TV,1.0
U0234,C037,2025-05-27,56.1,66.8,Mobile,2.0
U0391,C025,2025-11-25,16.9,21.7,TV,4.0
U0101,C008,2025-09-05,31.4,52.3,Tablet,1.0
U0008,C034,2025-08-17,44.9,93.6,Tablet,0.0
U0295,C041,2025-11-05,93.8,63.4,Tablet,3.0
U0293,C004,2025-11-27,18.7,69.4,Desktop,1.0
U0064,C006,2025-04-29,51.7,73.9,Desktop,1.0
U0054,C024,2025-05-06,54.0,71.1,Tablet,5.0
U0396,C006,2026-04-12,61.5,87.9,TV,1.0
U0167,C014,2025-06-05,6.6,16.6,Tablet,4.0
U0056,C025,2025-05-04,72.1,92.4,Desktop,0.0
U0244,C028,2025-09-21,10.9,7.4,Mobile,2.0
U0057,C037,2025-08-05,32.3,38.5,TV,0.0
U0160,C038,2025-09-29,54.0,61.4,Tablet,5.0
U0109,C025,2025-04-19,48.4,62.1,Tablet,4.0
U0040,C034,2025-11-15,29.0,60.5,TV,3.0
U0072,C030,2025-08-24,52.5,63.3,Mobile,5.0
U0160,C047,2025-11-25,29.2,36.1,Mobile,1.0
U0184,C046,2026-01-30,30.0,62.6,Tablet,0.0
U0109,C004,2026-03-05,4.4,16.4,Tablet,0.0
U0427,C028,2025-07-18,115.2,78.4,Tablet,0.0
U0170,C038,2025-08-11,23.3,26.5,Desktop,0.0
U0215,C049,2025-12-19,32.3,87.2,TV,5.0
U0108,C037,2025-09-20,57.9,68.9,Desktop,4.0
U0338,C023,2026-03-28,99.5,85.0,Tablet,5.0
U0032,C046,2026-01-30,10.6,22.0,Desktop,0.0
U0470,C025,2025-05-07,28.8,36.9,Desktop,2.0
U0188,C027,2026-01-13,26.5,35.8,TV,1.0
U0454,C012,2026-04-08,88.0,81.5,Desktop,0.0
U0097,C034,2025-11-15,21.5,44.8,Desktop,3.0
U0331,C039,2025-07-15,53.0,55.8,Desktop,0.0
U0167,C005,2025-06-01,52.1,66.0,TV,3.0
U0228,C030,2026-01-17,67.6,81.5,TV,2.0
U0104,C035,2026-01-11,53.2,41.6,Mobile,0.0
U0042,C048,2025-09-30,21.7,54.2,Tablet,1.0
U0403,C014,2025-12-03,31.8,79.5,TV,4.0
U0262,C014,2025-10-02,19.2,48.0,Desktop,3.0
U0218,C034,2025-05-20,11.3,23.5,TV,4.0
U0128,C049,2025-12-26,21.6,58.3,TV,5.0
U0195,C027,2025-09-25,43.6,58.9,Desktop,4.0
U0131,C031,2026-03-16,17.4,13.5,Mobile,0.0
U0280,C003,2025-11-10,17.9,42.5,Desktop,0.0
U0456,C007,2026-04-14,105.2,78.5,Desktop,0.0
U0441,C027,2026-04-11,60.9,82.3,TV,0.0
U0135,C009,2026-04-03,21.7,23.8,Mobile,1.0
U0136,C021,2026-02-01,18.8,49.5,TV,0.0
U0428,C040,2026-03-11,74.9,55.1,Mobile,5.0
U0425,C006,2025-05-16,60.1,85.8,Desktop,0.0
U0465,C012,2025-11-19,84.3,78.1,Tablet,3.0
U0349,C003,2025-10-07,7.2,17.2,Desktop,0.0
U0018,C022,2025-12-01,59.0,72.0,Mobile,1.0
U0151,C022,2025-11-23,40.8,49.7,Desktop,4.0
U0196,C001,2025-06-06,78.7,87.4,Desktop,0.0
U0319,C040,2025-07-24,97.5,71.7,TV,0.0
U0247,C045,2025-09-20,56.9,55.8,Desktop,4.0
U0269,C007,2026-04-08,35.0,26.1,Tablet,1.0
U0200,C008,2025-09-25,44.8,74.6,Mobile,0.0
U0073,C019,2026-01-14,29.8,26.4,Tablet,0.0
U0461,C029,2025-10-31,37.0,66.1,Desktop,3.0
U0397,C038,2026-02-09,59.1,67.2,TV,5.0
U0277,C048,2025-07-14,20.4,51.0,Mobile,4.0
U0344,C045,2026-03-25,33.3,32.6,TV,5.0
U0237,C014,2025-09-29,23.2,58.0,TV,4.0
U0103,C006,2025-07-16,8.3,11.9,Desktop,4.0
U0029,C043,2026-04-10,48.1,68.7,TV,3.0
U0197,C040,2025-08-01,90.0,66.2,Desktop,1.0
U0462,C011,2025-07-12,62.1,53.1,Mobile,0.0
U0177,C046,2025-10-25,39.7,82.8,Mobile,5.0
U0320,C033,2026-01-29,40.0,27.4,Mobile,1.0
U0064,C020,2026-02-23,86.8,78.9,TV,0.0
U0341,C006,2026-02-05,49.0,70.0,Desktop,3.0
U0353,C026,2025-08-03,83.7,68.6,Tablet,0.0
U0164,C045,2025-11-17,38.2,37.5,TV,1.0
U0109,C039,2025-05-23,15.1,15.9,TV,0.0
U0189,C044,2025-10-22,16.5,27.1,Tablet,3.0
U0334,C022,2025-07-04,63.8,77.8,Mobile,3.0
U0051,C036,2025-11-10,101.1,86.4,Tablet,2.0
U0063,C017,2026-04-16,31.8,79.5,Tablet,0.0
U0083,C001,2025-12-07,60.7,67.4,Mobile,5.0
U0426,C044,2025-10-06,29.5,48.4,Desktop,0.0
U0226,C004,2025-04-28,10.4,38.6,Desktop,2.0
U0391,C031,2025-07-17,48.9,37.9,Mobile,4.0
U0059,C021,2025-11-29,36.3,95.5,Desktop,1.0
U0487,C025,2025-04-29,59.4,76.1,Mobile,0.0
U0474,C016,2026-01-12,18.7,60.3,Desktop,3.0
U0149,C035,2025-04-29,114.2,89.2,Tablet,0.0
U0045,C024,2025-09-29,29.4,38.7,Mobile,0.0
U0329,C042,2026-01-18,5.8,12.4,Desktop,5.0
U0420,C046,2025-07-24,34.7,72.2,Desktop,1.0
U0043,C048,2025-11-27,27.0,67.6,TV,4.0
U0111,C020,2025-12-09,87.5,79.5,Tablet,5.0
U0314,C037,2025-08-27,35.9,42.7,Desktop,4.0
U0114,C023,2025-05-02,41.7,35.6,Tablet,1.0
U0004,C028,2025-04-21,89.1,60.6,TV,2.0
U0258,C014,2025-10-11,4.0,10.1,Mobile,0.0
U0334,C018,2026-04-11,100.7,86.1,Tablet,0.0
U0421,C027,2025-07-01,36.9,49.9,Tablet,2.0
U0215,C033,2025-12-25,84.5,57.9,TV,2.0
U0246,C041,2025-05-29,121.4,82.0,Mobile,4.0
U0120,C014,2025-07-24,8.5,21.2,Desktop,5.0
U0049,C029,2025-07-23,1.8,3.3,Mobile,3.0
U0291,C025,2025-08-05,28.6,36.7,TV,0.0
U0158,C048,2026-03-23,33.2,83.0,Mobile,5.0
U0107,C035,2026-02-17,115.6,90.3,Desktop,5.0
U0081,C033,2025-10-19,89.8,61.5,Mobile,5.0
U0006,C037,2025-12-07,72.3,86.1,Desktop,4.0
U0173,C029,2025-06-27,31.0,55.4,Mobile,2.0
U0292,C001,2025-05-11,19.7,21.9,Mobile,0.0
U0095,C004,2025-09-24,3.5,13.0,Desktop,5.0
U0271,C041,2026-01-29,70.4,47.6,Desktop,0.0
U0238,C010,2025-07-29,36.4,34.3,TV,0.0
U0055,C045,2025-12-02,15.8,15.5,Tablet,5.0
U0380,C031,2026-03-26,117.9,91.4,Tablet,2.0
U0225,C035,2025-04-29,16.8,13.1,Tablet,5.0
U0447,C049,2025-09-19,16.5,44.6,TV,2.0
U0139,C013,2026-02-21,69.5,50.7,TV,5.0
U0290,C040,2026-03-11,114.8,84.4,Mobile,0.0
U0107,C001,2025-08-18,77.0,85.5,Mobile,1.0
U0460,C006,2025-12-22,47.2,67.5,Mobile,4.0
U0173,C001,2025-05-08,77.0,85.6,Desktop,5.0
U0448,C011,2025-07-20,55.3,47.3,Mobile,0.0
U0362,C034,2025-07-24,29.6,61.6,Tablet,0.0
U0346,C025,2026-04-11,59.9,76.8,TV,5.0
U0059,C042,2025-09-03,38.2,81.2,Tablet,0.0
U0461,C048,2025-12-09,19.2,48.0,Desktop,2.0
U0437,C047,2025-12-13,56.4,69.6,Tablet,0.0
U0162,C032,2025-07-21,64.7,85.1,TV,4.0
U0223,C027,2025-10-26,58.8,79.5,Mobile,5.0
U0462,C007,2025-07-10,62.7,46.8,TV,3.0
U0396,C044,2026-03-14,47.6,78.1,Mobile,0.0
U0147,C025,2025-07-14,21.1,27.1,Tablet,3.0
U0084,C033,2025-04-30,127.9,87.6,Desktop,1.0
U0220,C015,2025-07-31,81.0,72.3,TV,5.0
U0240,C033,2025-11-03,106.6,73.0,Mobile,1.0
U0500,C006,2025-07-28,3.4,4.9,Desktop,0.0
U0322,C036,2025-05-15,29.2,25.0,TV,4.0
U0454,C006,2026-01-02,38.8,55.4,Tablet,3.0
U0321,C038,2025-08-05,35.6,40.4,Mobile,5.0
U0011,C006,2026-02-23,32.1,45.8,Desktop,1.0
U0185,C001,2026-02-20,26.1,29.0,Desktop,4.0
U0023,C014,2025-08-14,35.6,88.9,Mobile,2.0
U0351,C047,2026-01-24,30.5,37.6,Desktop,5.0
U0329,C002,2025-10-03,15.9,29.0,Mobile,3.0
U0055,C035,2026-01-29,100.9,78.8,TV,1.0
U0029,C021,2025-07-11,19.9,52.3,Desktop,5.0
U0293,C027,2025-12-12,61.3,82.9,Mobile,2.0
U0004,C043,2025-09-23,59.9,85.5,Desktop,0.0
U0458,C040,2026-01-10,12.0,8.8,Tablet,0.0
U0419,C029,2026-01-05,8.3,14.9,Desktop,5.0
U0178,C033,2026-02-08,34.6,23.7,Desktop,5.0
U0214,C021,2025-05-24,31.5,82.8,Tablet,2.0
U0215,C030,2025-05-24,64.6,77.8,Mobile,3.0
U0353,C043,2025-10-30,7.6,10.8,TV,3.0
U0217,C032,2025-10-06,30.5,40.1,Desktop,1.0
U0370,C022,2026-04-14,16.0,19.5,Desktop,0.0
U0178,C039,2025-12-28,70.1,73.8,Tablet,4.0
U0390,C043,2025-05-29,42.8,61.2,Tablet,3.0
U0192,C014,2025-07-06,7.6,19.1,Desktop,0.0
U0290,C001,2025-10-04,39.9,44.3,Tablet,1.0
U0284,C020,2025-07-12,75.0,68.2,Mobile,0.0
U0457,C020,2025-12-10,20.4,18.5,Mobile,3.0
U0167,C040,2025-11-23,30.7,22.6,Mobile,1.0
U0201,C013,2025-06-27,41.2,30.1,Mobile,3.0
U0392,C013,2025-06-25,115.8,84.5,Desktop,2.0
U0069,C027,2026-04-18,66.7,90.2,Tablet,2.0
U0344,C031,2025-05-14,81.0,62.8,TV,4.0
U0404,C012,2025-06-30,82.3,76.2,Tablet,3.0
U0279,C047,2026-04-05,50.8,62.7,TV,5.0
U0084,C029,2026-02-27,44.3,79.1,Tablet,1.0
U0478,C022,2025-08-09,25.2,30.7,Mobile,3.0
U0381,C048,2026-01-13,31.6,78.9,Tablet,2.0
U0265,C038,2025-08-10,80.4,91.4,Mobile,3.0
U0103,C034,2025-05-09,33.8,70.5,TV,0.0
U0012,C007,2025-07-23,26.0,19.4,TV,0.0
U0283,C048,2025-08-30,19.5,48.8,Desktop,1.0
U0244,C035,2025-05-09,39.2,30.6,Desktop,0.0
U0211,C043,2025-09-27,38.2,54.6,Mobile,0.0
U0157,C021,2025-10-10,24.1,63.5,Desktop,5.0
U0092,C005,2025-06-09,21.4,27.1,Tablet,3.0
U0215,C007,2025-08-03,132.3,98.7,TV,2.0
U0229,C027,2025-06-08,68.1,92.0,Mobile,0.0
U0270,C002,2025-11-14,11.2,20.3,TV,1.0
U0012,C002,2025-06-11,46.6,84.7,Tablet,5.0
U0432,C050,2025-09-09,76.0,53.9,TV,2.0
U0080,C012,2025-08-23,24.4,22.6,Mobile,1.0
U0100,C030,2026-02-24,8.7,10.5,Mobile,4.0
U0234,C012,2026-02-16,18.5,17.1,Desktop,5.0
U0398,C010,2025-05-08,47.9,45.2,TV,2.0
U0199,C035,2025-11-26,81.0,63.3,TV,3.0
U0145,C010,2026-04-01,47.7,45.0,Mobile,2.0
U0226,C023,2025-10-27,82.7,70.7,TV,4.0
U0384,C029,2026-04-19,41.0,73.2,Desktop,1.0
U0071,C029,2026-01-11,32.6,58.3,TV,0.0
U0205,C023,2025-06-28,38.5,32.9,TV,0.0
U0045,C036,2026-02-08,86.1,73.6,Mobile,1.0
U0146,C036,2025-12-17,70.6,60.3,Tablet,4.0
U0370,C005,2026-01-06,75.4,95.5,Tablet,5.0
U0398,C012,2026-02-08,61.1,56.6,Tablet,2.0
U0342,C046,2025-04-23,34.4,71.7,Desktop,0.0
U0422,C005,2025-12-09,46.0,58.2,Tablet,5.0
U0163,C050,2025-09-26,85.3,60.5,Mobile,4.0
U0440,C015,2025-10-28,69.1,61.7,Tablet,3.0
U0025,C035,2025-04-24,78.1,61.0,Mobile,4.0
U0130,C028,2026-02-05,144.9,98.6,TV,3.0
U0122,C040,2025-11-14,87.0,64.0,Desktop,0.0
U0199,C020,2025-05-07,34.6,31.5,TV,4.0
U0249,C036,2025-09-09,97.7,83.5,Desktop,0.0
U0482,C012,2026-03-10,26.6,24.6,Mobile,0.0
U0043,C048,2025-05-11,35.8,89.6,TV,2.0
U0499,C044,2025-06-05,34.2,56.1,Desktop,1.0
U0352,C042,2025-06-08,28.2,60.0,Desktop,0.0
U0340,C046,2025-11-29,33.2,69.2,Mobile,3.0
U0140,C025,2026-03-03,49.1,63.0,Tablet,1.0
U0262,C018,2025-11-19,85.9,73.4,Desktop,2.0
U0028,C041,2025-06-11,58.2,39.3,TV,1.0
U0289,C035,2025-12-17,96.9,75.7,Mobile,5.0
U0214,C010,2025-12-10,54.6,51.5,Tablet,0.0
U0138,C018,2025-10-23,105.5,90.2,TV,5.0
U0072,C044,2025-06-25,33.2,54.4,Mobile,3.0
U0265,C006,2025-08-27,66.8,95.4,Mobile,1.0
U0336,C007,2025-05-20,87.8,65.5,TV,1.0
U0431,C007,2025-07-30,117.5,87.7,Mobile,0.0
U0393,C035,2025-06-06,101.1,79.0,Tablet,0.0
U0244,C016,2025-09-12,13.5,43.4,Desktop,2.0
U0240,C017,2026-03-20,26.0,65.1,TV,5.0
U0132,C016,2025-09-09,11.0,35.4,Desktop,0.0
U0318,C028,2025-12-16,78.5,53.4,TV,0.0
U0048,C009,2025-08-14,79.7,87.6,TV,3.0
U0257,C040,2025-12-12,110.4,81.2,Tablet,3.0
U0062,C018,2025-05-03,17.2,14.7,Tablet,2.0
U0463,C004,2025-05-07,10.7,39.6,Desktop,5.0
U0432,C020,2025-11-27,58.4,53.1,Tablet,1.0
U0335,C039,2025-09-07,18.4,19.4,Tablet,5.0
U0270,C032,2025-10-10,53.5,70.4,TV,1.0
U0308,C047,2025-09-20,57.4,70.9,Tablet,3.0
U0147,C024,2025-04-27,25.3,33.3,Mobile,0.0
U0439,C023,2025-10-24,94.5,80.8,Tablet,1.0
U0018,C012,2025-07-29,87.8,81.3,Mobile,4.0
U0004,C012,2025-06-03,20.7,19.2,Mobile,2.0
U0128,C028,2025-10-02,129.9,88.4,TV,3.0
U0364,C040,2025-11-29,3.9,2.9,Tablet,4.0
U0323,C018,2025-08-05,29.7,25.4,Desktop,0.0
U0298,C022,2025-09-13,42.4,51.7,Tablet,0.0
U0352,C003,2026-04-02,12.0,28.5,TV,2.0
U0393,C004,2025-06-25,19.7,72.8,Tablet,0.0
U0428,C001,2025-06-09,84.2,93.6,Tablet,0.0
U0291,C003,2025-11-15,40.1,95.4,TV,2.0
U0368,C028,2026-01-30,57.3,39.0,TV,0.0
U0202,C013,2026-04-18,27.3,19.9,Desktop,5.0
U0465,C018,2025-10-27,29.7,25.4,TV,2.0
U0275,C027,2025-09-17,29.9,40.4,TV,2.0
U0315,C008,2025-06-19,15.2,25.4,TV,0.0
U0230,C033,2025-12-07,135.6,92.9,Desktop,0.0
U0491,C012,2025-08-16,23.3,21.6,Tablet,5.0
U0395,C011,2025-11-06,87.5,74.8,Tablet,2.0
U0189,C030,2025-10-27,79.7,96.0,Mobile,5.0
U0063,C034,2025-12-26,25.0,52.0,Desktop,1.0
U0261,C043,2026-02-06,60.3,86.1,Tablet,0.0
U0045,C021,2025-07-20,14.3,37.7,TV,2.0
U0396,C022,2025-05-15,30.0,36.6,TV,2.0
U0275,C041,2025-09-07,103.5,69.9,Desktop,3.0
U0188,C046,2026-01-23,41.6,86.7,Desktop,2.0
U0379,C018,2025-12-12,45.0,38.5,Tablet,4.0
U0020,C005,2025-07-05,18.8,23.8,Tablet,0.0
U0095,C031,2025-04-23,121.3,94.0,Tablet,0.0
U0332,C042,2026-03-28,12.8,27.3,Mobile,2.0
U0356,C002,2026-01-03,20.3,36.9,TV,2.0
U0207,C007,2025-09-24,30.0,22.4,Desktop,5.0
U0045,C046,2025-10-21,5.5,11.4,TV,3.0
U0415,C016,2025-04-20,8.3,26.7,Tablet,0.0
U0058,C017,2026-04-01,34.2,85.6,Tablet,3.0
U0049,C034,2025-09-25,33.2,69.2,Tablet,0.0
U0129,C021,2025-10-14,20.7,54.4,Mobile,2.0
U0415,C050,2026-03-16,69.2,49.1,TV,3.0
U0397,C016,2026-01-19,4.2,13.7,Tablet,1.0
U0208,C041,2025-06-07,82.9,56.0,TV,5.0
U0120,C019,2025-05-13,37.7,33.4,Desktop,2.0
U0372,C011,2025-05-31,88.6,75.7,Desktop,0.0
U0482,C033,2025-12-20,45.3,31.0,Tablet,2.0
U0341,C007,2025-06-01,44.9,33.5,TV,2.0
U0388,C017,2026-02-23,28.6,71.6,Mobile,0.0
U0406,C004,2025-07-17,4.1,15.3,TV,5.0
U0281,C038,2025-08-18,37.9,43.1,Desktop,5.0
U0404,C050,2025-05-21,104.3,74.0,Mobile,3.0
U0077,C030,2025-05-14,70.1,84.5,Tablet,4.0
U0216,C019,2026-03-24,33.8,29.9,TV,2.0
U0288,C037,2025-04-21,62.1,73.9,Tablet,1.0
U0250,C003,2025-07-27,27.2,64.8,Mobile,3.0
U0095,C045,2026-01-17,35.8,35.1,Desktop,3.0
U0455,C009,2025-07-24,45.7,50.2,Tablet,3.0
U0455,C005,2025-08-08,16.6,21.0,Tablet,4.0
U0434,C037,2025-05-04,53.5,63.7,Tablet,4.0
U0014,C044,2025-12-16,49.5,81.1,TV,2.0
U0472,C019,2025-12-15,60.7,53.7,Tablet,2.0
U0223,C031,2025-11-18,24.1,18.7,Mobile,2.0
U0163,C003,2025-06-08,37.8,90.0,Desktop,5.0
U0244,C016,2025-12-17,17.6,56.9,Desktop,2.0
U0256,C036,2025-12-11,71.0,60.7,TV,1.0
U0431,C026,2026-03-04,8.1,6.6,Tablet,0.0
U0070,C005,2026-03-22,27.1,34.3,Mobile,0.0
U0366,C050,2025-05-10,79.4,56.3,Tablet,2.0
U0317,C049,2025-07-21,13.5,36.4,Mobile,2.0
U0307,C047,2025-11-27,38.4,47.4,Mobile,2.0
U0066,C013,2026-02-26,104.9,76.6,TV,1.0
U0320,C006,2025-12-06,35.6,50.8,TV,3.0
U0381,C026,2025-05-01,73.9,60.6,TV,3.0
U0271,C041,2026-03-30,97.5,65.9,TV,5.0
U0404,C047,2026-02-01,72.2,89.1,Desktop,4.0
U0357,C050,2025-09-03,99.8,70.8,Tablet,0.0
U0287,C043,2025-10-01,60.2,86.0,Tablet,2.0
U0230,C004,2025-05-29,16.7,62.0,Tablet,0.0
U0004,C018,2026-03-05,81.5,69.7,Mobile,2.0
U0415,C006,2026-02-10,57.0,81.5,Mobile,0.0
U0089,C006,2025-06-19,24.7,35.3,TV,0.0
U0098,C020,2026-03-31,44.9,40.8,TV,0.0
U0481,C031,2025-10-07,47.1,36.5,Desktop,0.0
U0441,C014,2025-05-28,21.4,53.6,Tablet,2.0
U0100,C002,2025-12-31,45.7,83.1,TV,3.0
U0205,C022,2025-12-31,16.6,20.3,Desktop,5.0
U0163,C042,2025-07-13,6.5,13.8,Tablet,1.0
U0237,C002,2025-10-20,37.8,68.7,Tablet,2.0
U0260,C041,2025-10-13,64.2,43.4,TV,0.0
U0141,C018,2026-01-11,55.6,47.5,TV,4.0
U0388,C005,2025-11-11,19.4,24.6,Tablet,1.0
U0051,C050,2025-06-27,96.9,68.7,Mobile,5.0
U0089,C028,2026-01-14,76.7,52.2,Desktop,3.0
U0136,C049,2026-04-04,17.6,47.7,Desktop,4.0
U0009,C024,2026-03-30,26.8,35.2,Desktop,4.0
U0125,C026,2026-03-24,63.1,51.7,Tablet,1.0
U0251,C048,2025-11-04,34.8,86.9,Mobile,0.0
U0262,C050,2025-04-22,124.4,88.2,Mobile,3.0
U0109,C042,2025-09-04,41.5,88.2,Mobile,2.0
U0231,C026,2025-11-11,41.4,33.9,Mobile,0.0
U0242,C010,2025-10-04,90.7,85.6,TV,3.0
U0063,C016,2025-04-21,28.8,92.9,TV,2.0
U0086,C046,2026-02-24,27.2,56.7,TV,4.0
U0425,C041,2026-01-14,95.6,64.6,TV,5.0
U0229,C043,2026-01-03,43.3,61.8,Desktop,0.0
U0275,C042,2025-08-30,13.1,27.9,Mobile,2.0
U0100,C025,2026-03-31,41.3,53.0,TV,4.0
U0444,C045,2026-02-28,82.9,81.3,Desktop,0.0
U0464,C009,2026-03-19,71.2,78.2,Mobile,1.0
U0176,C009,2026-02-09,64.9,71.3,Mobile,2.0
U0218,C020,2025-09-22,106.9,97.2,TV,4.0
U0375,C003,2026-02-08,18.9,44.9,TV,1.0
U0428,C018,2025-07-09,93.0,79.5,TV,1.0
U0471,C001,2025-10-14,58.9,65.4,TV,2.0
U0070,C046,2025-12-23,34.3,71.4,Tablet,2.0
U0092,C023,2026-03-22,100.9,86.2,Tablet,2.0
U0064,C017,2025-07-30,24.9,62.3,Desktop,2.0
U0060,C023,2025-11-04,22.7,19.4,Desktop,0.0
U0166,C049,2026-02-05,33.2,89.8,Mobile,3.0
U0090,C002,2025-07-13,38.0,69.1,Mobile,3.0
U0424,C009,2026-02-28,89.1,97.9,TV,5.0
U0074,C013,2025-11-04,89.5,65.3,Mobile,4.0
U0081,C032,2025-08-01,74.1,97.5,Mobile,0.0
U0408,C044,2025-06-25,52.5,86.1,Tablet,3.0
U0500,C037,2026-02-23,73.8,87.9,TV,0.0
U0087,C028,2025-12-21,91.4,62.2,Mobile,0.0
U0247,C050,2025-06-28,94.6,67.1,TV,2.0
U0007,C033,2025-10-27,76.5,52.4,Mobile,3.0
U0168,C008,2025-07-24,21.4,35.7,Mobile,0.0
U0494,C037,2025-09-03,63.8,75.9,Tablet,0.0
U0192,C038,2026-04-03,25.7,29.2,Desktop,4.0
U0177,C040,2025-04-24,105.7,77.7,TV,3.0
U0354,C014,2026-04-16,29.4,73.5,Tablet,3.0
U0472,C043,2025-08-26,45.2,64.6,Desktop,5.0
U0422,C047,2025-12-12,76.7,94.7,Tablet,4.0
U0446,C042,2025-06-14,41.3,87.8,Mobile,0.0
U0188,C013,2025-09-04,100.1,73.1,Desktop,0.0
U0137,C001,2025-05-17,16.5,18.3,Desktop,5.0
U0476,C008,2026-02-06,45.5,75.9,Mobile,0.0
U0433,C045,2025-04-21,34.6,33.9,Mobile,3.0
U0076,C047,2025-06-24,51.8,64.0,Desktop,0.0
U0202,C042,2025-05-29,38.0,80.8,Desktop,5.0
U0231,C017,2025-08-10,4.8,11.9,Mobile,0.0
U0460,C027,2026-04-13,43.2,58.4,Desktop,2.0
U0178,C050,2025-09-26,44.1,31.3,Mobile,4.0
U0297,C032,2025-07-15,46.1,60.6,TV,5.0
U0123,C026,2026-03-11,114.3,93.7,Desktop,1.0
U0188,C039,2025-07-27,60.1,63.3,TV,3.0
U0140,C004,2025-08-22,24.2,89.8,Tablet,3.0
U0167,C026,2025-05-10,74.5,61.1,Desktop,0.0
U0204,C031,2026-02-12,89.4,69.3,Mobile,5.0
U0469,C045,2025-05-01,52.5,51.5,Mobile,4.0
U0485,C028,2025-04-19,123.9,84.3,Mobile,3.0
U0054,C029,2025-07-29,54.2,96.8,TV,3.0
U0084,C002,2025-07-21,23.4,42.5,TV,1.0
U0354,C023,2026-04-04,101.1,86.4,Tablet,2.0
U0376,C046,2026-04-06,23.9,49.8,Desktop,5.0
U0211,C034,2025-08-25,47.0,98.0,Tablet,4.0
U0322,C043,2025-07-23,23.8,34.0,Desktop,0.0
U0252,C041,2025-11-18,117.4,79.3,Mobile,0.0
U0378,C029,2025-09-03,36.2,64.6,Mobile,2.0
U0258,C018,2026-03-31,56.2,48.0,Mobile,0.0
U0131,C043,2025-05-10,38.0,54.3,Desktop,1.0
U0132,C020,2026-01-20,71.0,64.5,Mobile,3.0
U0201,C005,2026-03-13,26.8,33.9,Mobile,5.0
U0338,C046,2025-05-15,17.5,36.5,TV,4.0
U0154,C020,2026-01-06,95.7,87.0,TV,0.0
U0283,C040,2025-05-15,66.4,48.8,Mobile,2.0
U0462,C026,2026-03-05,74.4,61.0,TV,4.0
U0153,C012,2025-05-14,37.3,34.5,TV,2.0
U0302,C038,2025-11-24,78.8,89.6,TV,1.0
U0388,C004,2025-09-11,23.5,87.1,Mobile,4.0
U0409,C040,2025-08-27,44.3,32.6,Desktop,0.0
U0439,C039,2025-07-10,64.4,67.8,Tablet,0.0
U0440,C027,2025-12-01,19.4,26.2,Desktop,1.0
U0336,C017,2026-01-26,18.2,45.4,Desktop,4.0
U0322,C004,2025-04-24,8.9,33.0,Tablet,2.0
U0376,C020,2025-05-23,11.2,10.2,TV,0.0
U0120,C008,2025-05-22,49.7,82.8,TV,5.0
U0213,C012,2026-01-07,87.0,80.6,TV,3.0
U0479,C016,2025-07-16,21.6,69.8,Tablet,1.0
U0187,C034,2026-03-15,30.4,63.3,Desktop,4.0
U0025,C014,2025-10-30,15.0,37.5,Tablet,0.0
U0049,C033,2026-01-20,20.4,14.0,TV,1.0
U0251,C017,2025-11-29,20.2,50.4,Desktop,4.0
U0100,C019,2025-12-14,13.1,11.6,TV,1.0
U0358,C046,2026-04-19,23.8,49.6,Tablet,3.0
U0387,C046,2026-03-10,27.0,56.3,Mobile,2.0
U0063,C048,2025-07-17,13.1,32.7,Tablet,1.0
U0195,C023,2025-12-27,105.1,89.8,Desktop,0.0
U0119,C029,2025-10-05,21.4,38.3,Desktop,4.0
U0410,C045,2025-08-05,42.4,41.6,Desktop,0.0
U0034,C005,2026-03-22,30.1,38.1,Mobile,5.0
U0407,C040,2025-07-12,97.5,71.7,Desktop,0.0
U0325,C046,2025-12-30,22.8,47.6,Desktop,0.0
U0021,C005,2026-01-02,56.0,70.9,TV,2.0
U0019,C004,2025-06-17,14.4,53.5,TV,0.0
U0011,C013,2025-06-03,108.5,79.2,Desktop,0.0
U0236,C050,2025-10-13,59.8,42.4,Mobile,0.0
U0175,C014,2025-09-09,13.2,33.0,Mobile,2.0
U0396,C027,2025-09-20,49.4,66.8,Tablet,1.0
U0160,C014,2025-06-13,35.3,88.2,Mobile,0.0
U0448,C042,2025-12-26,40.4,86.0,Mobile,0.0
U0208,C003,2025-12-08,19.4,46.1,Mobile,3.0
U0081,C010,2026-03-29,54.6,51.5,TV,1.0
U0233,C043,2025-06-06,51.2,73.2,Tablet,5.0
U0318,C048,2026-04-09,33.0,82.5,Mobile,4.0
U0189,C030,2025-07-25,58.2,70.1,Mobile,2.0
U0033,C015,2025-11-20,61.6,55.0,Desktop,2.0
U0207,C019,2025-11-24,67.3,59.6,TV,4.0
U0474,C041,2026-03-02,108.8,73.5,Desktop,2.0
U0089,C001,2025-12-17,71.4,79.3,Desktop,0.0
U0484,C040,2026-01-11,14.6,10.7,Tablet,3.0
U0203,C011,2025-05-14,20.0,17.1,Mobile,5.0
U0338,C041,2026-04-12,71.5,48.3,Desktop,4.0
U0165,C001,2026-03-19,60.9,67.7,TV,1.0
U0006,C024,2026-01-01,18.3,24.1,TV,2.0
U0069,C030,2025-06-06,74.4,89.6,Tablet,0.0
U0346,C030,2025-04-26,60.3,72.7,TV,5.0
U0186,C027,2025-11-20,70.7,95.6,TV,3.0
U0309,C029,2025-12-30,47.7,85.1,Desktop,0.0
U0279,C017,2025-11-28,14.2,35.5,TV,3.0
U0052,C014,2025-08-30,16.7,41.7,Desktop,0.0
U0290,C045,2026-01-03,20.8,20.4,Mobile,5.0
U0256,C028,2025-09-07,82.5,56.1,Tablet,5.0
U0272,C013,2025-05-27,119.5,87.2,Tablet,1.0
U0031,C044,2025-04-19,39.0,63.9,TV,3.0
U0338,C027,2025-09-25,22.2,30.0,Mobile,0.0
U0047,C014,2026-01-29,35.3,88.3,Desktop,1.0
U0351,C013,2025-12-29,79.7,58.2,Mobile,2.0
U0244,C041,2025-12-05,92.4,62.4,Mobile,1.0
U0264,C012,2025-06-28,23.8,22.0,TV,5.0
U0358,C032,2025-12-25,35.3,46.5,Desktop,0.0
U0052,C026,2025-10-15,73.0,59.8,TV,5.0
U0181,C021,2026-03-26,18.1,47.7,Tablet,0.0
U0237,C011,2025-07-23,56.7,48.5,Desktop,3.0
U0077,C047,2026-01-18,59.5,73.5,Tablet,2.0
U0259,C038,2025-10-19,57.6,65.5,Desktop,3.0
U0177,C019,2025-09-22,36.3,32.1,Mobile,1.0
U0445,C049,2025-06-19,11.1,29.9,Desktop,2.0
U0468,C017,2026-01-07,38.0,95.0,TV,0.0
U0094,C042,2026-02-20,46.4,98.7,Desktop,3.0
U0466,C029,2025-07-05,40.5,72.3,Mobile,1.0
U0396,C039,2025-06-19,23.5,24.7,TV,3.0
U0388,C029,2026-02-12,39.9,71.3,Tablet,0.0
U0134,C001,2026-02-02,61.3,68.1,TV,5.0
U0403,C005,2025-07-20,30.7,38.8,Desktop,3.0
U0059,C042,2026-03-14,15.1,32.1,Tablet,3.0
U0269,C019,2025-04-19,77.3,68.4,Desktop,0.0
U0006,C050,2025-05-21,82.5,58.5,Mobile,1.0
U0053,C021,2025-06-16,32.1,84.6,TV,0.0
U0240,C025,2026-03-31,56.1,71.9,Desktop,5.0
U0228,C018,2026-02-27,94.3,80.6,Tablet,0.0
U0194,C019,2026-02-25,56.3,49.8,Desktop,1.0
U0037,C032,2025-12-27,32.8,43.1,TV,2.0
U0327,C016,2025-06-23,21.8,70.4,Desktop,4.0
U0061,C018,2026-04-14,104.1,89.0,Mobile,4.0
U0233,C020,2025-12-29,94.7,86.1,Tablet,3.0
U0224,C007,2025-11-11,75.4,56.3,Desktop,1.0
U0439,C050,2025-08-03,129.6,91.9,TV,2.0
U0138,C047,2025-09-09,52.6,64.9,TV,4.0
U0237,C004,2025-07-10,22.0,81.3,Desktop,5.0
U0001,C031,2026-04-13,107.8,83.6,Tablet,0.0
U0261,C027,2025-05-25,48.4,65.4,Mobile,3.0
U0089,C037,2025-07-10,45.4,54.1,Desktop,2.0
U0265,C013,2026-01-13,83.7,61.1,TV,3.0
U0460,C019,2026-03-22,34.9,30.9,TV,2.0
U0168,C006,2025-05-31,27.0,38.6,Mobile,5.0
U0389,C028,2026-01-23,11.5,7.8,Mobile,0.0
U0350,C041,2025-10-31,139.0,93.9,Desktop,4.0
U0138,C028,2025-12-23,104.7,71.2,Desktop,3.0
U0281,C007,2025-11-09,65.3,48.7,Desktop,4.0
U0459,C010,2026-02-12,64.9,61.2,TV,0.0
U0461,C050,2026-01-18,113.1,80.2,Mobile,1.0
U0388,C035,2025-04-24,75.5,59.0,Desktop,0.0
U0352,C013,2025-06-14,24.7,18.0,Tablet,0.0
U0309,C038,2025-11-27,53.1,60.3,Tablet,0.0
U0076,C008,2025-09-02,15.8,26.3,Desktop,0.0
U0399,C017,2026-01-29,25.0,62.5,Desktop,2.0
U0015,C046,2026-02-10,9.2,19.1,Tablet,5.0
U0135,C050,2025-10-25,43.9,31.1,Tablet,0.0
U0017,C014,2025-08-09,12.9,32.3,Desktop,5.0
U0225,C018,2025-09-02,15.6,13.3,Desktop,0.0
U0328,C030,2025-06-01,31.2,37.6,TV,3.0
U0183,C038,2025-07-29,61.2,69.5,Desktop,2.0
U0393,C038,2026-02-28,35.3,40.1,TV,5.0
U0346,C004,2025-09-24,16.8,62.4,Tablet,5.0
U0054,C040,2025-05-25,27.2,20.0,Tablet,3.0
U0324,C026,2025-08-10,52.9,43.4,Desktop,5.0
U0233,C021,2025-09-03,14.0,36.8,Tablet,0.0
U0028,C006,2025-06-18,59.1,84.5,TV,1.0
U0356,C026,2025-11-02,68.3,56.0,Mobile,2.0
U0233,C046,2025-08-02,15.3,31.8,Mobile,5.0
U0364,C032,2026-04-18,42.1,55.4,Desktop,1.0
U0385,C037,2025-08-11,31.2,37.2,Mobile,5.0
U0164,C046,2025-07-31,17.8,37.1,Desktop,3.0
U0483,C001,2025-04-25,54.0,60.0,Desktop,2.0
U0377,C015,2026-03-09,27.4,24.5,Mobile,5.0
U0397,C018,2026-02-17,34.6,29.6,Mobile,5.0
U0316,C035,2026-01-24,97.2,75.9,Desktop,5.0
U0427,C031,2025-08-12,107.5,83.3,Tablet,0.0
U0448,C037,2026-01-05,33.9,40.3,Tablet,0.0
U0465,C003,2025-06-17,29.4,70.1,Tablet,4.0
U0195,C045,2025-08-28,70.8,69.4,TV,1.0
U0423,C018,2025-09-11,83.8,71.6,TV,1.0
U0343,C011,2025-05-06,77.5,66.2,Desktop,0.0
U0378,C007,2025-06-10,78.3,58.4,Desktop,0.0
U0068,C011,2025-06-19,77.2,66.0,TV,0.0
U0059,C044,2025-06-10,29.8,48.8,Desktop,0.0
U0036,C008,2025-07-21,56.0,93.3,Desktop,3.0
U0082,C027,2025-08-08,23.6,31.9,Tablet,2.0
U0239,C008,2025-11-06,50.6,84.4,Tablet,4.0
U0170,C041,2025-09-05,100.5,67.9,Tablet,5.0
U0321,C039,2025-07-13,40.8,42.9,Tablet,5.0
U0082,C040,2026-02-18,41.5,30.5,Tablet,5.0
U0010,C021,2025-11-15,37.3,98.2,Mobile,0.0
U0401,C001,2025-09-11,6.9,7.7,Mobile,5.0
U0266,C011,2026-03-09,71.8,61.4,Tablet,4.0
U0382,C004,2025-07-02,13.9,51.4,Mobile,3.0
U0102,C015,2025-11-24,73.7,65.8,TV,5.0
U0190,C017,2025-06-30,10.9,27.2,Tablet,3.0
U0468,C032,2026-03-16,61.4,80.8,Tablet,5.0
U0039,C030,2025-06-24,44.4,53.5,TV,0.0
U0445,C001,2025-05-21,75.2,83.6,Desktop,0.0
U0232,C025,2026-03-18,28.7,36.8,Desktop,0.0
U0279,C032,2025-10-16,40.8,53.7,Desktop,3.0
U0040,C012,2025-12-06,84.2,78.0,Desktop,2.0
U0088,C011,2025-10-31,60.7,51.9,Desktop,1.0
U0215,C009,2025-06-04,68.5,75.3,Desktop,3.0
U0131,C002,2025-08-06,19.0,34.6,Desktop,1.0
U0247,C040,2025-05-10,68.4,50.3,Mobile,2.0
U0087,C039,2026-02-15,61.7,64.9,Tablet,2.0
U0454,C044,2025-05-21,34.8,57.0,Mobile,4.0
U0305,C048,2026-03-15,8.8,22.0,TV,5.0
U0168,C005,2025-10-28,48.9,61.9,Desktop,5.0
U0263,C022,2025-11-19,63.3,77.2,TV,5.0
U0350,C023,2025-07-02,41.2,35.2,Mobile,0.0
U0025,C030,2025-06-27,43.6,52.5,Tablet,0.0
U0072,C022,2026-02-23,60.0,73.2,Mobile,4.0
U0081,C049,2026-04-18,16.6,45.0,TV,1.0
U0321,C001,2026-01-15,65.2,72.4,Tablet,2.0
U0077,C016,2025-05-10,20.1,64.8,Mobile,2.0
U0164,C006,2025-08-26,41.2,58.8,Tablet,3.0
U0473,C020,2026-01-07,3.6,3.3,Tablet,0.0
U0239,C047,2026-03-16,15.2,18.8,TV,3.0
U0008,C014,2026-04-06,15.7,39.2,TV,0.0
U0348,C046,2025-11-29,22.9,47.8,TV,4.0
U0268,C018,2026-01-17,59.2,50.6,Desktop,3.0
U0115,C021,2025-11-23,19.5,51.2,Mobile,0.0
U0340,C032,2025-09-22,67.1,88.3,Mobile,1.0
U0276,C017,2025-07-22,39.0,97.5,TV,0.0
U0173,C043,2026-04-02,43.0,61.5,Desktop,2.0
U0476,C005,2025-10-21,57.7,73.1,Mobile,5.0
U0453,C017,2026-01-08,24.5,61.3,Tablet,1.0
U0026,C034,2025-08-22,28.8,60.1,TV,0.0
U0455,C031,2025-05-14,87.1,67.5,Tablet,1.0
U0040,C007,2025-11-20,100.8,75.2,Tablet,0.0
U0406,C012,2025-07-22,41.5,38.4,Tablet,4.0
U0237,C002,2026-03-26,22.7,41.2,TV,3.0
U0370,C033,2026-01-19,64.1,43.9,TV,5.0
U0484,C047,2025-12-11,34.3,42.3,Mobile,0.0
U0372,C021,2025-05-19,21.3,56.1,TV,5.0
U0484,C025,2025-09-19,14.7,18.8,Mobile,3.0
U0030,C024,2026-03-08,19.2,25.3,TV,1.0
U0204,C016,2025-12-29,19.3,62.4,Tablet,4.0
U0206,C041,2025-08-26,85.4,57.7,Desktop,3.0
U0267,C013,2026-01-27,82.1,59.9,Desktop,4.0
U0080,C023,2025-06-21,56.0,47.9,Tablet,2.0
U0223,C021,2025-04-22,15.8,41.6,Mobile,0.0
U0291,C002,2025-07-30,38.5,70.0,Tablet,2.0
U0210,C006,2025-07-07,27.3,39.0,TV,1.0
U0356,C040,2025-09-21,69.8,51.3,Tablet,5.0
U0212,C023,2025-05-03,4.2,3.6,Desktop,1.0
U0032,C049,2025-04-23,10.2,27.7,Desktop,2.0
U0038,C038,2025-06-09,54.9,62.4,Desktop,1.0
U0070,C039,2026-04-07,44.2,46.5,Tablet,4.0
U0023,C008,2026-03-06,56.9,94.8,Tablet,1.0
U0295,C008,2026-02-20,35.7,59.5,Desktop,0.0
U0476,C009,2025-11-23,81.8,89.9,Tablet,0.0
U0053,C032,2025-09-27,14.9,19.6,Desktop,2.0
U0179,C007,2025-06-14,54.4,40.6,Tablet,3.0
U0351,C037,2025-06-06,68.1,81.1,Desktop,4.0
U0067,C029,2025-07-01,27.9,49.9,Tablet,0.0
U0455,C024,2026-02-17,59.1,77.7,Mobile,1.0
U0474,C044,2026-01-30,52.7,86.4,TV,3.0
U0188,C016,2025-08-01,17.5,56.4,TV,5.0
U0494,C040,2025-06-19,115.7,85.1,Mobile,1.0
U0161,C010,2026-03-21,57.9,54.6,Tablet,0.0
U0324,C029,2025-05-12,20.6,36.8,Desktop,0.0
U0412,C001,2025-12-14,15.0,16.7,Desktop,0.0
U0021,C004,2025-12-22,19.2,71.1,TV,4.0
U0222,C046,2025-08-23,38.4,80.0,TV,5.0
U0137,C019,2025-05-23,110.9,98.1,Tablet,2.0
U0110,C039,2025-11-15,54.1,56.9,Tablet,5.0
U0294,C003,2026-02-17,26.7,63.5,Tablet,0.0
U0367,C016,2026-01-16,8.4,27.0,Desktop,3.0
U0324,C037,2026-02-27,64.2,76.4,TV,4.0
U0072,C004,2026-02-27,23.9,88.7,Mobile,4.0
U0486,C029,2025-05-28,38.8,69.3,TV,0.0
U0280,C011,2026-03-28,88.0,75.2,Tablet,5.0
U0409,C011,2025-04-29,78.2,66.8,Desktop,4.0
U0349,C048,2025-11-30,14.6,36.4,Mobile,0.0
U0272,C004,2025-07-05,15.7,58.1,Mobile,3.0
U0162,C045,2025-08-08,35.4,34.7,Mobile,4.0
U0477,C002,2025-08-15,36.0,65.4,Mobile,3.0
U0277,C004,2025-05-12,14.6,54.0,Mobile,4.0
U0297,C027,2026-01-09,34.5,46.6,TV,3.0
U0344,C020,2025-08-28,35.2,32.0,TV,4.0
U0223,C050,2025-06-03,45.7,32.4,Desktop,0.0
U0412,C024,2025-07-07,26.2,34.5,Desktop,5.0
U0096,C049,2025-06-02,18.4,49.8,TV,3.0
U0281,C029,2026-01-19,7.2,12.8,Desktop,4.0
U0163,C030,2025-11-19,69.4,83.6,Tablet,4.0
U0495,C014,2025-12-02,24.6,61.5,Desktop,4.0
U0240,C013,2026-04-14,112.1,81.8,Tablet,1.0
U0500,C035,2026-03-27,75.5,59.0,Tablet,5.0
U0496,C040,2026-02-05,67.0,49.3,Tablet,0.0
U0326,C002,2025-08-23,25.2,45.8,Mobile,1.0
U0343,C050,2026-03-06,110.1,78.1,Desktop,2.0
U0273,C030,2025-09-12,45.4,54.7,Tablet,0.0
U0051,C046,2026-04-16,27.8,57.9,Tablet,1.0
U0413,C039,2025-07-24,59.7,62.8,Tablet,0.0
U0045,C024,2025-05-12,45.6,60.0,Tablet,0.0
U0422,C006,2026-04-13,48.9,69.8,TV,5.0
U0208,C011,2025-11-14,65.4,55.9,Mobile,2.0
U0320,C050,2025-10-29,19.2,13.6,Tablet,3.0
U0404,C009,2026-02-11,58.2,64.0,Tablet,0.0
U0298,C047,2025-05-23,61.6,76.1,Tablet,5.0
U0127,C009,2026-02-21,35.4,38.9,Desktop,0.0
U0416,C003,2025-12-11,11.0,26.3,TV,2.0
U0365,C017,2025-12-06,7.3,18.2,TV,5.0
U0203,C014,2026-01-27,4.7,11.7,Mobile,4.0
U0035,C037,2026-01-18,38.5,45.8,TV,1.0
U0318,C013,2025-08-01,58.4,42.6,Tablet,0.0
U0132,C007,2026-03-19,27.1,20.2,TV,4.0
U0004,C029,2025-06-14,34.7,62.0,Tablet,4.0
U0067,C041,2025-11-02,87.0,58.8,Mobile,1.0
U0450,C022,2025-08-05,56.5,68.9,Mobile,5.0
U0240,C009,2026-04-04,69.8,76.7,TV,4.0
U0453,C023,2025-09-22,89.7,76.7,Desktop,0.0
U0083,C029,2025-07-19,31.9,57.0,Mobile,2.0
U0388,C028,2026-01-23,29.5,20.1,TV,1.0
U0462,C018,2025-08-21,38.6,33.0,Tablet,2.0
U0251,C020,2025-05-27,40.9,37.2,Desktop,0.0
U0213,C014,2025-10-11,39.0,97.4,TV,0.0
U0170,C029,2025-08-21,50.7,90.6,TV,0.0
U0353,C017,2025-05-07,26.4,66.1,Desktop,0.0
U0083,C022,2025-08-06,68.1,83.0,Desktop,0.0
U0266,C017,2025-05-02,27.1,67.7,Tablet,4.0
U0172,C009,2025-10-22,12.0,13.2,Desktop,4.0
U0465,C003,2025-11-04,4.8,11.5,TV,0.0
U0495,C004,2025-07-03,9.0,33.5,TV,1.0
U0471,C050,2025-07-23,45.3,32.1,Tablet,2.0
U0213,C037,2025-07-22,42.2,50.2,Tablet,4.0
U0319,C020,2026-01-09,71.5,65.0,TV,5.0
U0356,C008,2026-02-11,51.4,85.7,Desktop,3.0
U0200,C032,2025-06-13,52.9,69.6,Desktop,3.0
U0108,C006,2025-09-03,32.1,45.9,Tablet,2.0
U0118,C016,2026-01-20,27.4,88.4,Mobile,2.0
U0262,C012,2025-06-04,51.5,47.7,TV,4.0
U0294,C008,2025-07-14,9.1,15.2,Tablet,1.0
U0330,C018,2025-07-16,22.8,19.5,TV,3.0
U0457,C002,2025-07-29,35.9,65.3,Desktop,1.0
U0480,C024,2025-10-29,55.5,73.0,TV,2.0
U0434,C022,2025-09-08,46.7,56.9,Desktop,5.0
U0027,C039,2025-07-29,53.8,56.6,TV,4.0
U0391,C028,2025-09-12,64.7,44.0,TV,0.0
U0160,C025,2026-02-07,50.2,64.3,Desktop,3.0
U0301,C010,2026-02-05,43.9,41.4,Desktop,2.0
U0490,C014,2025-09-12,24.6,61.6,Desktop,0.0
U0390,C047,2025-12-28,13.8,17.0,TV,5.0
U0135,C050,2025-07-09,111.8,79.3,Tablet,0.0
U0068,C001,2025-06-25,65.0,72.2,Desktop,2.0
U0386,C039,2025-08-31,83.6,88.0,Tablet,4.0
U0030,C046,2025-05-14,12.0,25.0,TV,5.0
U0011,C023,2025-11-16,13.0,11.1,TV,4.0
U0404,C008,2026-04-10,52.3,87.1,TV,0.0
U0073,C029,2026-02-19,46.1,82.3,Desktop,3.0
U0349,C022,2025-09-21,64.4,78.5,Desktop,4.0
U0236,C002,2025-05-27,42.8,77.9,TV,0.0
U0466,C006,2025-06-04,65.7,93.8,Desktop,1.0
U0206,C003,2026-04-03,22.4,53.3,Tablet,0.0
U0205,C050,2025-11-23,136.1,96.5,Tablet,5.0
U0028,C018,2026-03-28,68.0,58.1,Desktop,1.0
U0143,C043,2026-04-05,22.3,31.8,Desktop,0.0
U0437,C024,2026-01-31,27.4,36.1,Tablet,2.0
U0486,C040,2025-08-28,62.7,46.1,TV,0.0
U0090,C006,2025-06-17,28.6,40.8,Desktop,5.0
U0256,C003,2026-01-08,37.3,88.7,Tablet,1.0
U0365,C014,2025-10-02,9.3,23.2,Tablet,0.0
U0363,C021,2025-06-19,22.8,60.1,TV,2.0
U0376,C024,2026-01-24,18.6,24.5,TV,3.0
U0126,C033,2026-03-24,82.2,56.3,TV,3.0
U0471,C049,2026-02-14,20.9,56.4,Desktop,4.0
U0071,C020,2025-11-06,43.9,39.9,Mobile,0.0
U0329,C026,2026-01-31,84.3,69.1,Tablet,0.0
U0324,C024,2025-11-21,68.2,89.7,Desktop,5.0
U0202,C035,2025-07-02,121.0,94.5,Mobile,2.0
U0038,C036,2025-05-03,58.7,50.2,Tablet,5.0
U0060,C045,2026-02-23,39.0,38.2,Tablet,1.0
U0223,C025,2025-05-12,17.6,22.6,Mobile,0.0
U0470,C040,2025-12-01,85.7,63.0,Mobile,1.0
U0496,C049,2025-06-14,13.5,36.5,Desktop,0.0
U0155,C042,2026-02-02,20.2,43.0,Mobile,5.0
U0048,C012,2025-11-01,47.2,43.7,Desktop,4.0
U0254,C041,2025-06-07,71.9,48.6,Desktop,3.0
U0427,C044,2026-02-19,47.1,77.2,TV,4.0
U0004,C043,2025-06-01,31.4,44.8,Mobile,0.0
U0116,C039,2025-10-02,36.6,38.5,Desktop,3.0
U0431,C010,2025-06-19,99.0,93.4,Mobile,4.0
U0351,C014,2026-01-13,24.2,60.6,Desktop,4.0
U0208,C005,2025-06-24,48.3,61.1,Mobile,3.0
U0148,C024,2026-02-08,33.7,44.4,TV,4.0
U0460,C010,2026-04-09,74.5,70.3,Desktop,0.0
U0381,C040,2025-11-13,55.4,40.7,Desktop,4.0
U0333,C010,2026-02-16,72.0,67.9,Mobile,0.0
U0247,C011,2025-04-30,82.3,70.3,Tablet,1.0
U0380,C029,2025-06-03,49.1,87.7,TV,1.0
U0064,C001,2025-09-12,63.7,70.8,TV,0.0
U0174,C016,2025-05-13,15.3,49.3,Tablet,3.0
U0170,C036,2026-01-15,101.6,86.8,Desktop,3.0
U0344,C041,2025-10-31,116.9,79.0,Mobile,3.0
U0444,C006,2025-07-11,3.1,4.4,Desktop,0.0
U0497,C020,2026-04-02,26.5,24.1,Tablet,5.0
U0081,C028,2025-04-30,122.7,83.5,Tablet,5.0
U0345,C035,2025-04-23,83.7,65.4,Tablet,4.0
U0096,C037,2025-09-11,42.6,50.7,Mobile,0.0
U0486,C006,2025-05-05,65.4,93.4,Desktop,1.0
U0472,C038,2026-01-02,63.2,71.8,Tablet,2.0
U0286,C011,2025-07-14,33.6,28.7,TV,3.0
U0466,C027,2025-08-16,38.7,52.3,TV,4.0
U0330,C038,2025-09-09,81.7,92.8,Mobile,1.0
U0065,C004,2026-02-28,12.0,44.6,Tablet,3.0
U0279,C029,2025-07-23,38.1,68.1,TV,1.0
U0060,C015,2026-03-09,40.9,36.5,Desktop,4.0
U0473,C005,2026-01-01,17.8,22.5,Desktop,5.0
U0110,C021,2025-09-11,13.3,35.1,Tablet,0.0
U0240,C020,2025-08-22,33.2,30.2,Desktop,0.0
U0260,C026,2025-08-06,75.0,61.5,TV,3.0
U0466,C008,2026-03-22,41.5,69.2,TV,5.0
U0178,C043,2025-11-03,24.8,35.4,Desktop,0.0
U0119,C004,2025-10-21,20.5,76.1,Mobile,1.0
U0340,C033,2026-04-06,23.5,16.1,Mobile,4.0
U0384,C039,2026-02-16,36.9,38.8,Desktop,0.0
U0035,C012,2025-04-29,88.0,81.5,TV,1.0
U0207,C050,2025-07-10,128.9,91.4,Desktop,0.0
U0327,C035,2025-11-07,8.4,6.6,Desktop,2.0
U0305,C024,2026-02-10,21.2,27.9,Desktop,4.0
U0190,C039,2026-01-09,28.4,29.9,Desktop,1.0
U0010,C001,2025-06-28,78.8,87.5,Tablet,4.0
U0031,C007,2025-09-26,122.5,91.4,Desktop,1.0
U0427,C039,2025-12-22,83.1,87.5,Desktop,4.0
U0390,C016,2026-02-02,29.3,94.4,Desktop,5.0
U0479,C035,2026-02-07,100.7,78.7,Tablet,5.0
U0363,C022,2026-01-13,16.2,19.8,Mobile,4.0
U0272,C038,2025-05-19,50.5,57.4,TV,5.0
U0070,C015,2026-04-12,25.5,22.8,TV,0.0
U0057,C041,2026-04-17,63.3,42.8,Mobile,2.0
U0370,C015,2026-02-05,74.5,66.5,Desktop,3.0
U0344,C010,2025-12-12,29.1,27.5,TV,4.0
U0333,C030,2025-11-24,7.7,9.3,Desktop,0.0
U0149,C015,2025-04-21,84.4,75.4,Desktop,4.0
U0200,C034,2025-11-13,35.4,73.8,Desktop,0.0
U0500,C017,2026-01-09,38.6,96.4,Mobile,0.0
U0311,C006,2025-08-23,60.8,86.9,Tablet,3.0
U0406,C028,2026-04-09,71.4,48.6,TV,0.0
U0481,C004,2025-05-07,17.6,65.1,Tablet,1.0
U0457,C023,2025-05-24,13.8,11.8,Mobile,2.0
U0042,C015,2026-02-23,68.0,60.7,Mobile,2.0
U0116,C010,2025-12-31,69.1,65.2,Tablet,5.0
U0267,C027,2025-12-13,18.4,24.8,Tablet,0.0
U0027,C014,2026-03-08,15.7,39.2,TV,3.0
U0134,C016,2026-04-10,9.5,30.8,TV,1.0
U0287,C004,2025-07-04,19.3,71.3,TV,4.0
U0275,C047,2025-11-27,21.4,26.4,Desktop,2.0
U0116,C032,2025-12-01,45.5,59.9,Tablet,0.0
U0274,C042,2025-05-06,44.5,94.7,Desktop,1.0
U0389,C003,2025-11-06,14.8,35.3,Mobile,0.0
U0111,C023,2026-02-26,31.6,27.0,Desktop,5.0
U0394,C021,2025-06-13,10.8,28.5,TV,4.0
U0282,C008,2025-07-29,48.9,81.5,Desktop,3.0
U0431,C028,2025-09-20,62.5,42.5,TV,0.0
U0304,C001,2026-02-05,72.0,80.0,TV,1.0
U0337,C029,2025-09-30,29.4,52.5,Desktop,0.0
U0244,C045,2025-12-05,81.6,80.0,Mobile,4.0
U0443,C004,2025-06-11,22.7,83.9,Tablet,0.0
U0077,C016,2025-05-10,9.4,30.4,Tablet,1.0
U0245,C017,2025-09-04,29.5,73.7,TV,0.0
U0051,C026,2025-09-15,62.7,51.4,Tablet,5.0
U0144,C050,2026-01-21,123.5,87.6,Tablet,1.0
U0244,C039,2025-12-24,70.5,74.2,Mobile,4.0
U0167,C019,2025-08-16,73.1,64.7,Mobile,3.0
U0276,C039,2026-01-31,91.0,95.8,Mobile,3.0
U0048,C027,2026-01-20,24.5,33.1,Tablet,1.0
U0302,C018,2025-08-02,110.7,94.6,Desktop,0.0
U0499,C029,2025-11-14,27.3,48.8,Mobile,4.0
U0223,C009,2025-04-24,55.7,61.2,Tablet,0.0
U0020,C003,2025-04-30,18.0,42.8,Mobile,2.0
U0257,C032,2026-02-27,60.1,79.1,Desktop,0.0
U0056,C033,2025-05-06,131.5,90.1,Tablet,2.0
U0113,C022,2025-05-29,6.8,8.3,Tablet,0.0
U0154,C020,2025-11-17,89.7,81.5,Mobile,3.0
U0151,C029,2025-12-25,24.6,43.9,Desktop,3.0
U0120,C042,2026-02-02,10.9,23.1,Mobile,3.0
U0228,C037,2025-05-21,49.8,59.3,Tablet,4.0
U0382,C032,2025-05-15,34.7,45.6,TV,0.0
U0244,C016,2025-09-22,14.7,47.3,Desktop,3.0
U0119,C050,2025-06-09,126.3,89.6,Desktop,5.0
U0279,C042,2026-02-15,42.8,91.0,Tablet,0.0
U0470,C034,2025-06-20,37.2,77.4,Mobile,0.0
U0283,C042,2025-06-01,2.0,4.2,Desktop,4.0
U0155,C019,2025-10-18,39.4,34.9,Tablet,0.0
U0435,C026,2025-06-09,107.4,88.0,Desktop,0.0
U0387,C037,2025-06-13,20.7,24.6,Mobile,3.0
U0296,C046,2026-01-13,17.0,35.4,TV,2.0
U0228,C019,2025-11-05,54.0,47.8,TV,0.0
U0348,C044,2025-07-07,58.8,96.4,TV,1.0
U0240,C010,2025-10-04,23.6,22.3,Tablet,4.0
U0168,C010,2025-08-21,48.7,45.9,Tablet,0.0
U0257,C039,2026-03-20,51.1,53.8,Mobile,4.0
U0484,C003,2025-07-24,25.6,61.0,Mobile,0.0
U0092,C011,2026-02-26,23.0,19.7,TV,5.0
U0067,C014,2025-07-24,27.4,68.4,Mobile,3.0
U0160,C007,2026-02-21,61.4,45.8,Desktop,4.0
U0321,C007,2025-07-29,116.8,87.2,Mobile,3.0
U0130,C007,2025-06-25,45.0,33.6,TV,0.0
U0228,C050,2025-10-19,60.1,42.6,TV,5.0
U0309,C021,2026-01-27,5.2,13.8,Tablet,1.0
U0347,C032,2025-05-19,17.9,23.5,Mobile,1.0
U0355,C013,2025-12-25,60.6,44.2,TV,2.0
U0021,C039,2025-11-22,91.9,96.7,Mobile,3.0
U0290,C009,2026-03-02,72.7,79.9,Mobile,2.0
U0050,C043,2025-08-21,31.7,45.3,Mobile,2.0
U0364,C035,2025-06-19,90.1,70.4,Tablet,5.0
U0434,C031,2025-06-23,107.1,83.0,Tablet,1.0
U0039,C047,2026-04-08,48.5,59.9,TV,0.0
U0429,C037,2025-06-22,61.9,73.7,Tablet,4.0
U0390,C032,2025-06-09,21.2,27.9,Tablet,4.0
U0352,C042,2026-01-29,46.2,98.2,Desktop,0.0
U0417,C010,2025-09-22,60.2,56.8,Desktop,0.0
U0133,C036,2026-01-06,88.1,75.3,Mobile,0.0
U0461,C019,2025-06-14,63.1,55.8,Tablet,0.0
U0087,C045,2025-05-19,66.3,65.0,Tablet,0.0
U0234,C013,2025-11-03,46.9,34.2,Desktop,1.0
U0243,C045,2025-10-28,72.2,70.8,TV,4.0
U0365,C014,2025-06-20,20.3,50.7,TV,0.0
U0201,C037,2025-08-02,71.4,85.0,Desktop,2.0
U0100,C046,2025-10-09,18.4,38.4,TV,0.0
U0467,C036,2025-08-21,63.4,54.2,Desktop,0.0
U0392,C015,2025-11-01,63.7,56.9,Mobile,0.0
U0332,C033,2025-05-21,112.9,77.3,Mobile,2.0
U0072,C033,2026-03-08,96.7,66.2,TV,5.0
U0060,C040,2025-09-08,109.1,80.2,TV,3.0
U0197,C032,2025-06-18,54.5,71.7,Desktop,2.0
U0263,C028,2026-02-07,76.7,52.2,Tablet,5.0
U0450,C024,2025-07-13,31.5,41.5,Tablet,3.0
U0430,C023,2026-02-13,98.2,83.9,TV,0.0
U0041,C026,2025-04-29,88.5,72.5,Tablet,5.0
U0054,C014,2025-11-16,28.8,72.1,Mobile,0.0
U0139,C011,2025-12-28,80.5,68.8,TV,2.0
U0318,C026,2025-11-13,75.5,61.9,TV,1.0
U0134,C035,2026-02-25,73.2,57.2,Mobile,2.0
U0294,C004,2026-01-16,11.3,42.0,TV,3.0
U0328,C035,2026-03-14,18.3,14.3,TV,3.0
U0158,C004,2025-07-30,21.8,80.7,Mobile,0.0
U0469,C001,2025-07-15,67.0,74.5,Mobile,1.0
U0118,C002,2026-01-17,31.5,57.3,Tablet,2.0
U0032,C023,2026-02-24,74.2,63.4,TV,0.0
U0362,C050,2025-07-29,50.1,35.5,Desktop,0.0
U0192,C015,2026-01-02,53.9,48.1,Mobile,1.0
U0389,C006,2025-06-08,53.7,76.7,Mobile,0.0
U0382,C049,2025-06-19,36.0,97.3,Tablet,4.0
U0038,C002,2026-01-23,43.5,79.0,TV,0.0
U0362,C020,2025-06-18,107.7,97.9,Tablet,0.0
U0030,C020,2025-06-10,93.9,85.4,Mobile,0.0
U0082,C005,2025-10-24,46.8,59.3,Desktop,4.0
U0388,C020,2025-07-18,54.0,49.1,Mobile,0.0
U0308,C002,2025-10-03,38.3,69.7,Tablet,2.0
U0235,C029,2025-08-13,9.4,16.8,Desktop,2.0
U0124,C014,2025-11-18,35.4,88.5,TV,0.0
U0044,C038,2025-08-03,15.5,17.6,Mobile,3.0
U0241,C004,2025-12-26,20.2,75.0,Desktop,1.0
U0410,C025,2025-09-07,67.3,86.3,Tablet,1.0
U0081,C022,2025-10-09,59.0,71.9,Desktop,5.0
U0136,C041,2025-05-09,48.4,32.7,TV,4.0
U0344,C029,2026-03-12,48.8,87.1,Desktop,3.0
U0085,C042,2025-10-12,14.9,31.7,TV,2.0
U0011,C023,2025-09-20,91.4,78.1,TV,0.0
U0474,C024,2026-02-01,59.1,77.7,Tablet,0.0
U0465,C028,2025-07-07,37.2,25.3,Mobile,0.0
U0392,C022,2025-06-27,59.3,72.3,Mobile,3.0
U0227,C018,2025-07-04,95.2,81.4,Desktop,4.0
U0347,C027,2025-11-23,62.2,84.1,TV,2.0
U0153,C016,2025-06-27,5.1,16.6,Tablet,2.0
U0498,C045,2025-05-02,9.3,9.1,Tablet,1.0
U0245,C025,2025-08-06,22.5,28.9,Tablet,5.0
U0095,C020,2025-06-08,61.4,55.8,Desktop,5.0
U0276,C043,2025-08-26,58.2,83.1,Desktop,2.0
U0500,C007,2025-09-22,38.5,28.7,Tablet,2.0
U0312,C037,2025-06-03,76.4,91.0,Mobile,2.0
U0362,C036,2025-05-28,46.8,40.0,Mobile,1.0
U0468,C003,2026-03-23,15.7,37.3,TV,3.0
U0037,C002,2025-07-30,29.1,52.9,Tablet,1.0
U0469,C026,2025-09-02,53.7,44.0,Tablet,1.0
U0036,C012,2025-11-23,21.5,19.9,Mobile,4.0
U0248,C033,2025-12-01,80.4,55.1,Mobile,2.0
U0485,C038,2025-06-05,83.3,94.7,Desktop,0.0
U0195,C009,2026-03-21,59.6,65.5,Mobile,0.0
U0416,C031,2025-12-28,86.3,66.9,Desktop,1.0
U0151,C015,2026-03-16,84.6,75.5,TV,1.0
U0280,C037,2025-06-02,27.8,33.1,Mobile,4.0
U0205,C042,2025-07-05,27.8,59.2,TV,3.0
U0081,C042,2025-11-27,25.4,54.1,Desktop,0.0
U0080,C024,2026-03-07,11.9,15.6,Mobile,0.0
U0419,C035,2025-07-12,106.6,83.3,Mobile,1.0
U0315,C033,2025-09-13,41.3,28.3,Mobile,5.0
U0366,C031,2025-12-27,72.8,56.4,Tablet,5.0
U0045,C048,2026-04-05,28.1,70.2,Tablet,2.0
U0391,C041,2025-11-19,70.2,47.4,Desktop,1.0
U0330,C010,2025-05-19,52.8,49.8,TV,5.0
U0203,C028,2025-10-07,134.2,91.3,TV,2.0
U0288,C042,2026-04-15,44.5,94.7,TV,4.0
U0030,C024,2025-06-14,44.6,58.7,Mobile,2.0
U0478,C035,2025-10-31,53.4,41.7,TV,4.0
U0322,C031,2025-06-04,89.3,69.2,Desktop,2.0
U0104,C001,2026-01-17,20.2,22.5,TV,2.0
U0431,C024,2025-06-09,70.7,93.0,TV,4.0
U0201,C021,2025-07-23,21.7,57.1,Tablet,3.0
U0152,C020,2025-12-16,107.9,98.1,TV,0.0
U0423,C020,2025-11-04,66.3,60.3,Tablet,0.0
U0284,C005,2025-07-31,40.4,51.2,Tablet,4.0
U0068,C034,2025-08-25,30.7,63.9,Desktop,5.0
U0322,C015,2026-03-30,82.9,74.0,TV,5.0
U0309,C032,2025-05-29,25.0,32.9,Tablet,4.0
U0356,C025,2025-10-31,50.1,64.2,Mobile,3.0
U0405,C006,2025-12-30,43.2,61.7,Tablet,5.0
U0323,C023,2026-01-18,48.3,41.3,TV,5.0
U0144,C004,2025-07-19,16.3,60.4,Desktop,2.0
U0315,C027,2026-04-14,48.2,65.2,Tablet,5.0
U0259,C045,2026-03-24,91.3,89.5,Desktop,2.0
U0473,C014,2025-06-22,32.9,82.3,Mobile,5.0
U0065,C003,2026-04-02,4.8,11.5,Tablet,2.0
U0062,C024,2026-02-19,50.8,66.9,Mobile,0.0
U0317,C035,2025-12-31,41.9,32.7,TV,1.0
U0041,C025,2025-10-13,77.7,99.6,Tablet,1.0
U0468,C011,2025-12-19,108.0,92.3,TV,2.0
U0356,C042,2025-11-06,37.5,79.7,Desktop,5.0
U0379,C004,2025-10-12,1.3,4.9,Tablet,4.0
U0232,C020,2025-04-25,71.1,64.6,Desktop,1.0
U0485,C010,2025-07-16,1.5,1.4,Desktop,0.0
U0474,C032,2025-12-19,13.1,17.2,Tablet,4.0
U0406,C002,2025-10-07,43.0,78.2,Desktop,0.0
U0136,C025,2025-07-21,59.4,76.1,Mobile,4.0
U0381,C044,2025-12-23,32.0,52.5,Mobile,5.0
U0116,C028,2025-05-01,132.6,90.2,Mobile,3.0
U0193,C005,2025-11-23,49.8,63.0,Desktop,3.0
U0294,C017,2025-08-23,28.2,70.5,TV,2.0
U0004,C049,2025-12-07,32.4,87.6,TV,0.0
U0380,C030,2026-04-04,62.2,74.9,Tablet,5.0
U0189,C025,2025-06-04,20.9,26.8,Desktop,0.0
U0114,C011,2026-01-02,35.3,30.2,Mobile,3.0
U0236,C010,2025-11-05,97.0,91.5,Mobile,4.0
U0059,C040,2025-07-27,84.3,62.0,Mobile,1.0
U0175,C041,2025-06-04,74.9,50.6,Desktop,0.0
U0139,C009,2025-07-23,20.7,22.7,Tablet,2.0
U0180,C027,2025-07-29,53.4,72.2,Tablet,1.0
U0373,C002,2025-07-28,37.1,67.5,Mobile,4.0
U0291,C023,2025-06-09,80.8,69.1,Desktop,0.0
U0136,C038,2025-12-24,47.6,54.1,Mobile,4.0
U0381,C026,2025-10-20,104.8,85.9,Desktop,4.0
U0066,C009,2026-02-02,7.0,7.7,TV,5.0
U0277,C025,2025-08-16,14.3,18.3,Desktop,5.0
U0039,C008,2025-05-05,46.5,77.5,TV,0.0
U0263,C012,2025-12-23,19.8,18.3,Tablet,3.0
U0002,C034,2025-11-09,32.5,67.8,TV,2.0
U0442,C013,2025-10-08,29.7,21.7,Mobile,4.0
U0115,C028,2025-12-05,63.8,43.4,Mobile,2.0
U0373,C012,2026-03-20,69.8,64.6,Mobile,4.0
U0135,C046,2026-04-09,16.7,34.7,Mobile,5.0
U0036,C047,2026-03-18,34.6,42.7,Mobile,0.0
U0360,C028,2025-12-28,135.4,92.1,Tablet,0.0
U0419,C032,2026-02-07,33.7,44.3,Mobile,3.0
U0106,C001,2026-02-21,86.5,96.1,Mobile,1.0
U0364,C015,2025-07-26,90.5,80.8,TV,5.0
U0035,C022,2025-11-28,49.9,60.8,Tablet,0.0
U0291,C035,2025-09-30,71.9,56.2,Mobile,0.0
U0469,C048,2025-05-14,13.4,33.4,Tablet,3.0
U0460,C002,2025-06-06,32.7,59.4,Tablet,1.0
U0081,C046,2026-04-07,44.5,92.8,TV,0.0
U0192,C016,2026-03-24,22.1,71.4,TV,5.0
U0158,C005,2025-05-12,33.4,42.3,TV,3.0
U0345,C042,2025-04-24,29.8,63.5,Desktop,0.0
U0134,C017,2026-03-07,6.2,15.6,TV,5.0
U0170,C005,2025-05-05,18.4,23.3,Tablet,0.0
U0001,C034,2025-12-07,36.9,76.8,Tablet,1.0
U0346,C026,2026-01-07,87.2,71.5,TV,1.0
U0256,C032,2026-02-14,27.7,36.4,TV,0.0
U0067,C018,2025-12-11,31.7,27.1,Mobile,5.0
U0219,C010,2026-04-15,26.6,25.1,TV,5.0
U0146,C027,2026-02-01,66.0,89.2,Mobile,5.0
U0497,C045,2026-03-18,57.0,55.9,Mobile,2.0
U0025,C041,2025-12-30,112.5,76.0,TV,5.0
U0295,C012,2026-04-15,41.7,38.6,Mobile,0.0
U0246,C042,2025-11-22,33.1,70.5,TV,5.0
U0210,C030,2026-03-15,30.8,37.1,TV,5.0
U0250,C013,2026-02-24,95.2,69.5,Desktop,0.0
U0372,C018,2025-08-04,93.1,79.6,Tablet,4.0
U0306,C024,2026-02-22,27.7,36.5,Mobile,2.0
U0316,C032,2026-02-25,37.0,48.7,Tablet,2.0
U0408,C011,2025-07-03,35.9,30.7,Mobile,3.0
U0263,C036,2025-06-12,44.7,38.2,Tablet,1.0
U0214,C019,2025-08-05,103.3,91.4,TV,2.0
U0222,C039,2026-04-10,35.4,37.3,TV,0.0
U0214,C026,2025-10-04,94.5,77.5,Tablet,3.0
U0119,C001,2026-02-09,63.6,70.7,Desktop,0.0
U0334,C013,2026-03-14,59.9,43.7,Mobile,4.0
U0015,C023,2025-05-12,86.8,74.2,Tablet,4.0
U0064,C027,2025-08-13,32.8,44.3,Tablet,3.0
U0171,C035,2025-12-08,14.0,10.9,Desktop,1.0
U0019,C016,2025-06-11,22.9,73.8,TV,0.0
U0199,C015,2025-06-18,55.4,49.5,Desktop,5.0
U0490,C015,2025-07-31,72.0,64.3,Mobile,2.0
U0323,C037,2026-04-05,75.4,89.8,Desktop,3.0
U0294,C005,2025-06-11,35.2,44.5,TV,4.0
U0267,C006,2025-06-24,23.8,34.0,Mobile,4.0
U0171,C025,2025-10-12,41.9,53.7,Tablet,3.0
U0380,C046,2025-06-29,35.5,73.9,Tablet,5.0
U0441,C018,2026-01-24,69.6,59.5,Desktop,5.0
U0435,C031,2025-09-24,121.4,94.1,Mobile,1.0
U0234,C007,2025-05-04,92.3,68.9,Mobile,0.0
U0466,C009,2025-09-11,36.7,40.3,Mobile,5.0
U0002,C007,2025-05-21,76.0,56.7,Mobile,3.0
U0254,C047,2025-08-08,59.0,72.9,Tablet,4.0
U0122,C029,2025-09-14,18.3,32.7,Tablet,4.0
U0189,C006,2026-01-05,43.3,61.9,TV,2.0
U0380,C011,2025-10-16,18.7,16.0,Mobile,0.0
U0313,C032,2025-10-30,26.8,35.2,Desktop,1.0
U0285,C007,2025-12-02,62.0,46.3,TV,0.0
U0030,C020,2025-09-16,109.6,99.6,TV,1.0
U0344,C018,2025-09-24,82.4,70.4,Tablet,2.0
U0185,C024,2025-12-18,66.9,88.0,Mobile,0.0
U0042,C049,2025-08-09,22.6,61.0,Mobile,4.0
U0046,C023,2026-03-20,13.0,11.1,Desktop,0.0
U0051,C010,2025-09-14,86.7,81.8,Desktop,0.0
U0266,C009,2025-05-24,74.1,81.4,TV,2.0
U0234,C047,2025-05-06,69.4,85.7,Tablet,0.0
U0107,C003,2025-11-11,33.5,79.8,Desktop,2.0
U0377,C005,2025-09-02,40.8,51.7,TV,0.0
U0381,C044,2025-12-19,37.9,62.1,Desktop,5.0
U0164,C021,2025-05-03,28.3,74.6,Mobile,1.0
U0128,C027,2025-10-28,42.2,57.0,Tablet,4.0
U0017,C028,2026-04-15,93.6,63.7,Mobile,3.0
U0444,C044,2025-04-21,31.2,51.2,Mobile,1.0
U0490,C023,2025-09-12,2.3,2.0,TV,1.0
U0178,C001,2025-09-16,47.7,53.0,Tablet,1.0
U0123,C031,2025-10-30,42.7,33.1,Mobile,3.0
U0284,C023,2025-07-16,59.3,50.7,Desktop,1.0
U0158,C002,2026-02-04,29.6,53.8,Mobile,0.0
U0467,C018,2025-05-09,54.8,46.8,Desktop,2.0
U0295,C016,2026-03-31,28.3,91.2,Mobile,0.0
U0138,C023,2025-05-12,103.3,88.3,TV,2.0
U0014,C026,2025-10-18,47.9,39.3,Tablet,2.0
U0444,C028,2025-12-15,108.9,74.1,Desktop,5.0
U0370,C037,2025-10-27,10.5,12.5,Desktop,5.0
U0114,C013,2025-05-03,21.0,15.3,Mobile,3.0
U0064,C008,2025-05-31,50.2,83.7,Desktop,4.0
U0496,C036,2025-05-22,57.3,49.0,Tablet,0.0
U0356,C027,2025-08-02,58.4,78.9,Desktop,5.0
U0101,C006,2025-09-29,35.2,50.3,Mobile,4.0
U0093,C032,2025-07-05,34.7,45.6,Desktop,1.0
U0193,C040,2025-10-05,81.1,59.6,TV,0.0
U0304,C021,2025-10-12,34.3,90.3,Mobile,0.0
U0420,C022,2025-08-08,65.4,79.7,Tablet,0.0
U0444,C002,2025-06-01,17.7,32.2,Mobile,4.0
U0312,C009,2026-01-05,45.1,49.6,TV,1.0
U0182,C004,2025-11-12,22.2,82.3,Tablet,5.0
U0347,C025,2025-05-23,50.7,65.0,Tablet,2.0
U0245,C049,2025-04-24,22.3,60.3,Mobile,0.0
U0257,C003,2025-10-05,6.0,14.3,TV,3.0
U0053,C013,2025-04-29,88.6,64.7,Desktop,0.0
U0227,C032,2026-03-12,75.2,98.9,Tablet,0.0
U0184,C027,2025-07-08,51.9,70.2,TV,0.0
U0435,C020,2025-05-07,35.8,32.5,Mobile,0.0
U0129,C012,2025-09-07,19.1,17.7,Tablet,0.0
U0192,C043,2025-10-10,44.6,63.7,TV,0.0
U0050,C009,2026-03-20,74.5,81.9,Desktop,5.0
U0249,C017,2025-09-05,36.1,90.2,TV,0.0
U0338,C048,2026-03-17,33.0,82.5,Mobile,0.0
U0222,C031,2025-09-23,42.3,32.8,Mobile,4.0
U0079,C025,2025-11-18,54.5,69.9,TV,0.0
U0157,C023,2025-04-24,115.9,99.1,Desktop,0.0
U0457,C003,2025-08-24,39.3,93.5,Desktop,4.0
U0141,C011,2025-10-18,96.4,82.4,Desktop,1.0
U0157,C020,2026-02-23,51.1,46.5,Tablet,5.0
U0174,C037,2026-04-12,75.1,89.4,TV,0.0
U0429,C011,2025-06-30,72.0,61.5,TV,3.0
U0273,C005,2025-07-31,31.7,40.1,Desktop,0.0
U0076,C016,2025-08-30,8.4,27.1,TV,3.0
U0350,C019,2026-04-09,95.4,84.4,Mobile,0.0
U0420,C006,2025-12-06,41.4,59.2,Desktop,2.0
U0184,C029,2026-03-11,26.8,47.9,Mobile,2.0
U0389,C015,2026-02-05,27.9,24.9,Mobile,5.0
U0191,C048,2025-10-03,25.9,64.8,Tablet,1.0
U0079,C005,2026-03-09,73.5,93.0,Desktop,0.0
U0418,C044,2025-08-03,8.7,14.3,TV,0.0
U0485,C007,2026-02-07,97.4,72.7,TV,5.0
U0051,C036,2025-09-01,76.2,65.1,Mobile,4.0
U0340,C039,2025-08-04,22.4,23.6,Tablet,4.0
U0055,C045,2025-12-22,55.6,54.5,Tablet,1.0
U0379,C037,2025-11-22,76.2,90.7,Mobile,5.0
U0340,C034,2025-05-12,31.9,66.4,Mobile,2.0
U0434,C032,2026-02-24,19.8,26.1,Tablet,2.0
U0253,C035,2026-03-26,82.0,64.1,Desktop,3.0
U0477,C024,2025-07-19,26.2,34.5,Mobile,0.0
U0446,C022,2025-05-24,38.1,46.5,Mobile,0.0
U0279,C036,2025-04-29,61.3,52.4,Tablet,5.0
U0274,C032,2025-08-10,62.0,81.6,Mobile,4.0
U0130,C040,2025-10-15,114.2,84.0,Mobile,4.0
U0488,C025,2025-09-07,34.0,43.6,Tablet,3.0
U0101,C040,2025-06-23,81.6,60.0,Mobile,0.0
U0417,C041,2026-01-02,99.2,67.0,Tablet,3.0
U0150,C023,2025-06-09,14.5,12.4,Mobile,0.0
U0114,C034,2025-04-25,33.6,70.1,Desktop,0.0
U0104,C035,2025-12-08,39.9,31.2,Mobile,1.0
U0002,C037,2025-05-01,63.0,75.0,Desktop,3.0
U0493,C011,2025-05-16,33.7,28.8,TV,0.0
U0227,C028,2026-02-28,31.0,21.1,TV,0.0
U0093,C046,2025-09-11,39.0,81.3,Tablet,2.0
U0238,C024,2025-11-06,45.8,60.3,Mobile,0.0
U0234,C021,2026-01-29,30.7,80.9,Mobile,3.0
U0394,C046,2025-08-03,31.1,64.8,TV,3.0
U0063,C029,2025-09-28,46.4,82.8,Mobile,3.0
U0480,C005,2025-10-07,35.3,44.7,Mobile,0.0
U0138,C049,2025-11-08,22.9,61.9,Tablet,3.0
U0471,C032,2025-12-04,9.1,12.0,Desktop,1.0
U0146,C016,2026-01-07,17.8,57.4,Desktop,0.0
U0012,C014,2026-02-01,39.0,97.4,TV,5.0
U0398,C043,2026-01-02,19.7,28.1,Mobile,3.0
U0032,C016,2025-09-04,21.1,68.2,TV,4.0
U0158,C023,2025-10-23,14.3,12.2,TV,4.0
U0455,C039,2026-04-02,55.5,58.4,Mobile,3.0
U0492,C032,2025-05-02,22.6,29.7,Tablet,1.0
U0280,C010,2025-08-25,34.5,32.5,TV,0.0
U0419,C022,2025-07-01,3.7,4.5,Tablet,1.0
U0072,C025,2025-07-27,35.7,45.8,Mobile,2.0
U0223,C006,2025-11-22,60.8,86.8,Mobile,5.0
U0284,C007,2025-05-11,40.2,30.0,Mobile,0.0
U0300,C026,2025-08-26,103.2,84.6,Mobile,2.0
U0288,C018,2025-05-07,94.0,80.3,Mobile,5.0
U0160,C005,2025-11-23,72.7,92.0,Desktop,3.0
U0183,C048,2025-05-01,31.6,79.1,Tablet,4.0
U0064,C046,2025-11-06,22.2,46.3,Tablet,4.0
U0107,C005,2025-10-21,46.8,59.2,Mobile,1.0
U0137,C025,2026-03-21,37.3,47.8,TV,2.0
U0038,C037,2025-11-08,43.0,51.2,Desktop,5.0
U0321,C005,2025-08-21,24.6,31.2,Desktop,2.0
U0340,C025,2025-12-31,74.8,95.9,Desktop,5.0
U0289,C019,2025-12-28,22.7,20.1,Desktop,1.0
U0251,C004,2025-11-07,10.9,40.3,Desktop,5.0
U0066,C021,2026-03-27,18.5,48.7,TV,0.0
U0407,C002,2025-10-18,33.7,61.3,TV,2.0
U0158,C027,2025-04-22,56.8,76.7,Tablet,1.0
U0326,C038,2025-06-15,68.3,77.6,Tablet,2.0
U0183,C027,2026-03-23,32.5,43.9,Tablet,5.0
U0131,C037,2026-01-25,40.0,47.6,Mobile,0.0
U0086,C020,2026-02-24,88.5,80.5,TV,4.0
U0325,C009,2025-08-04,81.8,89.9,Desktop,1.0
U0484,C040,2025-08-10,93.4,68.7,TV,2.0
U0298,C004,2025-09-27,11.9,43.9,Tablet,1.0
U0105,C040,2026-03-05,125.8,92.5,Desktop,5.0
U0131,C006,2026-04-19,29.7,42.4,Desktop,1.0
U0140,C024,2026-02-03,12.8,16.9,TV,0.0
U0496,C047,2025-05-12,18.7,23.1,TV,0.0
U0483,C013,2026-04-17,127.8,93.3,TV,3.0
U0315,C048,2025-06-10,22.9,57.2,Desktop,2.0
U0415,C003,2025-06-29,9.0,21.4,Desktop,0.0
U0281,C003,2025-10-06,31.7,75.4,Tablet,0.0
U0449,C019,2025-09-23,42.1,37.3,Tablet,1.0
U0038,C020,2026-02-25,52.6,47.8,Tablet,3.0
U0256,C012,2025-06-28,86.6,80.2,TV,1.0
U0022,C014,2025-12-13,16.8,42.0,Desktop,0.0
U0102,C043,2026-02-16,8.9,12.7,Mobile,4.0
U0460,C012,2025-09-25,36.7,34.0,Tablet,0.0
U0425,C039,2025-05-28,17.5,18.4,Desktop,0.0
U0172,C015,2025-05-24,87.1,77.8,Mobile,0.0
U0430,C019,2025-05-27,91.3,80.8,TV,3.0
U0286,C019,2026-01-15,72.2,63.9,Mobile,0.0
U0246,C019,2025-10-12,86.0,76.1,Desktop,2.0
U0466,C040,2026-03-21,73.6,54.1,Mobile,2.0
U0340,C023,2025-10-26,72.9,62.3,Desktop,3.0
U0219,C036,2025-09-02,105.2,89.9,TV,5.0
U0267,C032,2025-09-15,75.0,98.7,Mobile,4.0
U0378,C039,2026-04-10,17.8,18.7,TV,2.0
U0408,C016,2026-01-10,22.8,73.7,Desktop,5.0
U0309,C048,2026-02-03,20.1,50.3,Tablet,1.0
U0158,C032,2025-06-04,23.4,30.8,TV,3.0
U0423,C048,2025-08-26,12.9,32.2,Tablet,0.0
U0263,C048,2025-11-17,28.4,71.1,TV,2.0
U0189,C048,2025-10-06,24.2,60.5,TV,2.0
U0238,C002,2025-12-31,39.9,72.5,Desktop,3.0
U0434,C038,2026-01-01,75.1,85.3,Mobile,2.0
U0280,C034,2026-03-03,31.2,65.0,Tablet,0.0
U0201,C045,2026-02-22,30.4,29.8,Mobile,3.0
U0071,C038,2026-01-02,24.2,27.5,Tablet,1.0
U0182,C017,2025-08-09,25.6,63.9,Desktop,4.0
U0063,C042,2025-04-28,33.0,70.3,Tablet,1.0
U0299,C012,2026-04-03,25.8,23.9,Mobile,5.0
U0324,C012,2025-09-02,80.2,74.3,Desktop,2.0
U0254,C008,2026-01-20,32.1,53.5,Mobile,3.0
U0384,C038,2025-07-09,56.0,63.6,Tablet,2.0
U0083,C038,2025-05-08,67.4,76.6,TV,2.0
U0400,C045,2026-03-31,28.5,27.9,Desktop,4.0
U0340,C034,2025-05-30,12.6,26.2,Mobile,4.0
U0413,C033,2025-05-14,81.6,55.9,Tablet,1.0
U0385,C041,2025-09-05,108.2,73.1,Tablet,1.0
U0064,C033,2025-12-08,131.3,89.9,Desktop,0.0
U0443,C030,2025-04-22,75.9,91.5,Tablet,3.0
U0339,C022,2025-05-12,23.5,28.7,TV,1.0
U0077,C017,2025-09-20,5.3,13.2,TV,3.0
U0033,C037,2026-02-02,46.7,55.6,Desktop,3.0
U0080,C040,2025-05-23,104.7,77.0,TV,1.0
U0287,C021,2025-12-15,16.6,43.8,Tablet,0.0
U0431,C037,2025-04-29,17.0,20.2,Tablet,2.0
U0123,C016,2025-05-31,16.2,52.4,Tablet,4.0
U0111,C010,2026-03-22,9.8,9.2,Desktop,0.0
U0305,C024,2025-07-29,42.7,56.2,TV,5.0
U0286,C048,2026-03-26,15.9,39.7,Tablet,0.0
U0490,C034,2026-01-06,39.1,81.4,Tablet,5.0
U0060,C044,2025-10-22,43.8,71.8,TV,0.0
U0496,C049,2026-04-16,10.2,27.5,Desktop,0.0
U0260,C033,2026-01-15,128.6,88.1,TV,2.0
U0030,C001,2025-09-15,33.3,37.0,Desktop,5.0
U0271,C029,2026-01-10,6.6,11.8,Tablet,1.0
U0174,C001,2025-09-09,65.2,72.5,TV,4.0
U0133,C004,2026-04-09,24.3,90.0,TV,2.0
U0055,C007,2025-12-08,50.7,37.8,TV,4.0
U0016,C009,2025-11-22,81.7,89.8,Mobile,0.0
U0474,C002,2025-05-01,46.5,84.6,Mobile,1.0
U0412,C009,2026-03-30,13.2,14.5,Mobile,4.0
U0409,C031,2025-05-23,53.8,41.7,Tablet,5.0
U0006,C028,2026-04-04,47.3,32.2,Mobile,3.0
U0118,C012,2025-07-12,35.7,33.1,TV,4.0
U0144,C003,2026-03-14,31.9,76.0,Desktop,1.0
U0116,C007,2025-10-10,87.1,65.0,Desktop,0.0
U0149,C042,2026-02-20,44.6,95.0,Desktop,5.0
U0421,C025,2026-02-28,48.4,62.0,Tablet,0.0
U0275,C014,2025-12-12,31.3,78.3,Mobile,4.0
U0475,C027,2025-09-07,31.1,42.0,Tablet,0.0
U0492,C039,2025-07-26,68.6,72.2,Tablet,1.0
U0290,C007,2026-04-02,39.9,29.8,TV,5.0
U0412,C042,2025-12-15,29.8,63.5,TV,2.0
U0440,C033,2026-03-25,40.0,27.4,Desktop,5.0
U0385,C015,2026-02-04,25.1,22.4,TV,4.0
U0198,C022,2026-04-15,63.0,76.8,Mobile,0.0
U0262,C005,2025-11-05,47.2,59.8,Desktop,2.0
U0271,C004,2025-05-05,12.0,44.4,TV,1.0
U0162,C015,2025-05-01,101.9,91.0,Desktop,0.0
U0499,C045,2026-02-20,32.4,31.8,Mobile,0.0
U0291,C018,2025-10-18,32.4,27.7,Desktop,0.0
U0209,C022,2026-02-24,43.8,53.4,Mobile,5.0
U0001,C001,2025-06-15,35.9,39.9,Tablet,4.0
U0216,C020,2026-04-09,75.1,68.3,TV,1.0
U0483,C028,2025-07-10,82.8,56.3,TV,1.0
U0275,C036,2026-01-18,56.9,48.6,Mobile,0.0
U0230,C031,2025-12-14,35.6,27.6,Desktop,5.0
U0233,C043,2026-03-05,47.5,67.8,TV,0.0
U0356,C023,2025-12-18,72.2,61.7,Mobile,2.0
U0136,C028,2025-09-26,46.5,31.6,Mobile,0.0
U0269,C033,2025-09-17,59.1,40.5,Mobile,1.0
U0342,C050,2025-09-30,103.4,73.3,Tablet,5.0
U0024,C017,2025-08-16,14.5,36.2,Tablet,2.0
U0367,C016,2025-06-16,14.7,47.4,Mobile,5.0
U0474,C032,2025-04-30,34.6,45.5,Desktop,0.0
U0282,C002,2025-07-06,41.8,76.0,Tablet,0.0
U0309,C025,2026-02-23,45.2,58.0,Tablet,0.0
U0136,C011,2025-12-19,55.3,47.3,Tablet,3.0
U0167,C048,2025-10-14,16.5,41.3,Tablet,3.0
U0270,C037,2025-06-18,33.3,39.7,Desktop,0.0
U0037,C040,2025-08-15,106.4,78.2,Desktop,0.0
U0245,C039,2026-01-05,54.9,57.8,TV,4.0
U0008,C019,2025-11-19,103.8,91.9,TV,0.0
U0208,C014,2025-06-02,6.2,15.6,TV,5.0
U0049,C032,2025-09-12,43.7,57.5,Tablet,1.0
U0409,C009,2026-02-16,72.7,79.9,Tablet,0.0
U0192,C044,2026-02-22,49.3,80.9,Desktop,4.0
U0287,C043,2025-12-09,64.8,92.6,Mobile,2.0
U0415,C010,2026-04-15,47.6,44.9,Tablet,5.0
U0237,C010,2025-08-11,40.3,38.0,Tablet,2.0
U0116,C018,2025-12-24,73.0,62.4,Tablet,0.0
U0046,C048,2025-11-16,17.8,44.6,TV,5.0
U0139,C037,2026-03-03,24.1,28.7,Tablet,5.0
U0433,C038,2025-04-20,33.9,38.5,TV,0.0
U0208,C006,2025-05-02,40.7,58.2,Tablet,3.0
U0124,C045,2026-02-15,95.4,93.5,TV,1.0
U0237,C006,2025-09-02,37.7,53.9,Tablet,0.0
U0130,C036,2026-03-19,69.6,59.5,Mobile,4.0
U0171,C016,2025-10-17,30.4,98.1,Mobile,3.0
U0256,C045,2025-06-17,100.3,98.3,Tablet,0.0
U0015,C005,2026-03-26,10.9,13.8,Mobile,5.0
U0193,C006,2025-06-15,58.2,83.1,Tablet,1.0
U0099,C028,2026-01-09,132.7,90.3,Tablet,1.0
U0386,C046,2026-04-08,31.4,65.4,Tablet,0.0
U0494,C034,2026-01-04,7.9,16.4,Desktop,3.0
U0233,C014,2025-09-09,22.2,55.4,Desktop,5.0
U0477,C033,2026-01-31,94.5,64.7,Tablet,1.0
U0224,C048,2026-02-16,38.9,97.3,TV,1.0
U0071,C003,2025-06-16,28.2,67.2,Mobile,0.0
U0254,C025,2025-12-12,62.9,80.6,Mobile,3.0
U0263,C017,2025-09-22,31.0,77.4,TV,5.0
U0065,C011,2025-06-03,73.0,62.4,Desktop,4.0
U0098,C042,2025-07-31,35.2,74.9,Desktop,0.0
U0040,C008,2026-03-29,40.4,67.3,Tablet,2.0
U0368,C045,2025-10-28,83.4,81.8,Desktop,4.0
U0474,C010,2025-04-30,62.8,59.2,Desktop,4.0
U0375,C004,2025-10-17,20.9,77.3,Mobile,3.0
U0335,C005,2025-09-03,23.5,29.8,Tablet,5.0
U0476,C002,2025-10-06,16.6,30.2,Mobile,3.0
U0062,C018,2025-08-09,77.8,66.5,TV,3.0
U0368,C036,2026-02-20,8.5,7.3,Tablet,4.0
U0488,C038,2025-12-01,52.7,59.9,Mobile,0.0
U0144,C019,2025-10-04,77.9,68.9,Desktop,4.0
U0396,C031,2026-02-20,80.5,62.4,TV,1.0
U0075,C010,2026-02-01,93.8,88.5,Desktop,5.0
U0206,C013,2025-06-05,122.5,89.4,Tablet,1.0
U0392,C033,2025-10-23,128.9,88.3,TV,3.0
U0436,C017,2025-07-20,35.2,88.1,Desktop,4.0
U0387,C012,2025-05-31,90.6,83.9,Mobile,2.0
U0184,C038,2026-03-09,33.9,38.5,TV,3.0
U0031,C034,2025-12-07,25.4,53.0,Mobile,2.0
U0023,C025,2025-11-08,69.6,89.2,Desktop,5.0
U0328,C022,2026-04-17,69.9,85.3,TV,3.0
U0172,C023,2025-10-25,34.7,29.7,TV,0.0
U0305,C043,2026-01-10,65.2,93.1,TV,3.0
U0337,C045,2025-10-13,50.7,49.7,Tablet,1.0
U0166,C029,2025-12-19,39.3,70.1,Desktop,5.0
U0223,C039,2025-12-05,10.6,11.2,Desktop,4.0
U0403,C004,2025-08-06,8.5,31.6,Mobile,2.0
U0240,C018,2025-06-14,82.8,70.8,Mobile,3.0
U0362,C044,2026-03-30,24.5,40.2,Desktop,0.0
U0100,C050,2025-06-02,92.2,65.4,Tablet,4.0
U0069,C044,2025-04-19,52.6,86.3,TV,0.0
U0382,C017,2026-03-23,39.0,97.4,TV,5.0
U0078,C025,2025-05-11,19.6,25.1,TV,2.0
U0243,C033,2025-09-29,97.2,66.6,Desktop,2.0
U0085,C026,2025-11-28,96.1,78.8,Mobile,1.0
U0290,C029,2025-08-11,48.6,86.8,Mobile,5.0
U0258,C045,2026-01-26,43.2,42.4,Desktop,5.0
U0057,C038,2025-07-10,35.5,40.3,Tablet,2.0
U0358,C015,2025-12-09,68.2,60.9,Tablet,4.0
U0054,C035,2026-04-06,101.9,79.6,Desktop,1.0
U0144,C031,2025-12-31,74.7,57.9,Tablet,0.0
U0230,C017,2025-08-30,36.4,90.9,Tablet,2.0
U0263,C007,2025-07-17,103.7,77.4,Desktop,5.0
U0113,C029,2026-02-04,24.9,44.4,Mobile,1.0
U0348,C007,2025-10-09,65.5,48.9,Desktop,1.0
U0289,C049,2025-05-23,31.5,85.1,Tablet,2.0
U0165,C049,2025-09-27,15.6,42.2,TV,2.0
U0209,C046,2025-09-02,3.5,7.2,Tablet,4.0
U0227,C037,2025-07-23,18.9,22.5,Desktop,2.0
U0327,C046,2025-06-24,7.2,15.0,Tablet,4.0
U0349,C035,2025-09-03,80.9,63.2,Mobile,0.0
U0464,C049,2026-02-12,19.5,52.8,Desktop,0.0
U0313,C022,2025-08-29,33.5,40.8,Tablet,4.0
U0454,C013,2025-05-25,122.2,89.2,TV,0.0
U0188,C020,2025-05-10,70.5,64.1,TV,3.0
U0447,C036,2025-06-22,72.1,61.6,TV,1.0
U0246,C019,2025-11-29,93.9,83.1,Desktop,4.0
U0232,C007,2025-11-20,80.4,60.0,TV,5.0
U0017,C048,2025-09-02,35.0,87.5,TV,0.0
U0322,C030,2025-09-16,59.5,71.7,Tablet,0.0
U0044,C021,2025-12-10,30.6,80.4,Desktop,0.0
U0138,C032,2025-09-10,42.6,56.0,Mobile,0.0
U0401,C047,2025-12-11,34.3,42.3,Desktop,3.0
U0421,C015,2026-02-27,80.5,71.9,Desktop,0.0
U0400,C049,2025-10-24,8.7,23.4,TV,4.0
U0403,C046,2025-05-23,25.6,53.3,Mobile,3.0
U0190,C021,2025-07-29,30.1,79.1,Tablet,1.0
U0001,C049,2025-08-03,21.4,57.8,Mobile,0.0
U0344,C046,2026-01-10,36.5,76.1,Mobile,0.0
U0126,C012,2025-10-27,24.9,23.1,Mobile,0.0
U0292,C037,2025-09-05,41.1,48.9,Mobile,1.0
U0096,C032,2025-05-05,12.0,15.8,Mobile,2.0
U0435,C006,2025-09-23,11.1,15.8,TV,0.0
U0350,C010,2026-03-31,80.7,76.1,Desktop,5.0
U0442,C043,2025-11-16,34.8,49.7,TV,4.0
U0362,C008,2026-02-18,48.1,80.1,Mobile,0.0
U0179,C018,2026-03-29,37.7,32.2,TV,0.0
U0484,C001,2025-10-09,71.5,79.4,Desktop,5.0
U0015,C027,2025-11-13,28.9,39.1,Tablet,0.0
U0222,C050,2025-12-13,52.6,37.3,Tablet,0.0
U0192,C041,2025-10-17,115.1,77.8,Tablet,3.0
U0367,C007,2025-11-15,113.0,84.3,Mobile,0.0
U0117,C002,2025-11-08,42.9,78.0,Desktop,4.0
U0383,C011,2025-06-12,57.1,48.8,Desktop,0.0
U0203,C036,2026-02-17,64.1,54.8,Tablet,5.0
U0060,C037,2025-12-26,66.9,79.6,Desktop,5.0
U0356,C010,2025-06-12,70.0,66.0,Tablet,5.0
U0267,C043,2025-08-11,54.0,77.2,Desktop,0.0
U0176,C035,2025-04-29,31.7,24.8,TV,1.0
U0425,C042,2025-05-15,26.9,57.3,TV,2.0
U0500,C003,2025-08-24,26.2,62.3,Mobile,5.0
U0248,C010,2025-10-18,60.8,57.4,Desktop,0.0
U0139,C023,2025-07-22,35.7,30.5,Tablet,3.0
U0262,C042,2026-04-19,22.8,48.6,TV,2.0
U0133,C022,2025-06-15,39.3,47.9,Tablet,1.0
U0376,C040,2025-12-02,86.2,63.4,TV,0.0
U0129,C019,2025-09-03,71.2,63.0,Desktop,5.0
U0352,C002,2025-08-03,39.0,71.0,Mobile,0.0
U0387,C034,2025-11-19,8.9,18.5,TV,3.0
U0151,C018,2025-08-15,56.3,48.1,Tablet,5.0
U0152,C010,2025-06-05,104.3,98.4,TV,5.0
U0332,C022,2026-02-16,3.2,3.9,Tablet,4.0
U0146,C005,2025-08-30,34.4,43.6,Desktop,1.0
U0053,C011,2026-03-26,32.3,27.6,TV,2.0
U0082,C016,2025-06-04,19.4,62.6,TV,2.0
U0115,C041,2025-07-10,133.5,90.2,Desktop,0.0
U0164,C038,2025-06-02,83.9,95.3,TV,5.0
U0388,C022,2026-02-19,62.2,75.9,Tablet,0.0
U0175,C040,2025-07-09,111.8,82.2,Tablet,1.0
U0359,C007,2026-03-25,97.2,72.5,Tablet,2.0
U0159,C001,2025-07-01,55.2,61.3,Mobile,2.0
U0060,C006,2025-06-02,17.6,25.2,Desktop,3.0
U0454,C012,2026-01-16,54.3,50.3,TV,1.0
U0103,C028,2025-10-24,100.3,68.2,Desktop,2.0
U0307,C050,2025-09-17,84.0,59.6,Desktop,0.0
U0359,C016,2026-02-13,25.5,82.1,Tablet,2.0
U0197,C050,2025-11-03,112.9,80.1,Mobile,0.0
U0169,C036,2025-06-11,110.3,94.3,TV,1.0
U0313,C047,2025-04-30,57.9,71.5,TV,2.0
U0155,C036,2025-12-14,115.8,99.0,TV,5.0
U0232,C026,2025-12-23,111.8,91.6,Desktop,4.0
U0087,C019,2025-04-20,41.7,36.9,Mobile,3.0
U0496,C041,2026-03-15,56.1,37.9,TV,2.0
U0215,C030,2026-03-04,40.4,48.7,Mobile,2.0
U0463,C011,2026-03-07,94.5,80.8,Desktop,2.0
U0192,C046,2026-04-11,34.2,71.2,Tablet,1.0
U0355,C048,2025-05-08,25.9,64.7,Desktop,5.0
U0101,C017,2026-01-13,11.6,29.0,Mobile,2.0
U0221,C018,2025-05-10,75.5,64.5,Mobile,0.0
U0297,C039,2025-11-06,87.5,92.1,Desktop,3.0
U0327,C049,2026-04-01,8.8,23.7,Mobile,1.0
U0202,C049,2025-12-01,23.6,63.7,Mobile,3.0
U0400,C022,2025-09-14,19.1,23.3,Tablet,3.0
U0207,C045,2025-12-10,33.6,32.9,Tablet,4.0
U0293,C006,2025-06-18,59.9,85.5,Tablet,5.0
U0184,C034,2025-06-16,32.7,68.2,TV,0.0
U0478,C025,2025-11-24,13.3,17.1,Desktop,5.0
U0002,C026,2026-04-01,58.9,48.3,Tablet,0.0
U0323,C049,2025-10-12,31.1,84.0,Mobile,3.0
U0288,C001,2025-12-10,14.2,15.8,Tablet,1.0
U0272,C046,2025-08-06,35.8,74.6,Desktop,2.0
U0291,C045,2026-01-01,23.5,23.0,TV,1.0
U0404,C035,2025-11-04,99.6,77.8,Tablet,5.0
U0104,C042,2025-09-07,5.4,11.5,Tablet,0.0
U0393,C018,2026-04-07,84.0,71.8,TV,1.0
U0376,C041,2026-03-29,107.4,72.6,Desktop,3.0
U0470,C006,2025-08-18,30.5,43.6,Mobile,2.0
U0125,C013,2025-08-12,115.8,84.5,Tablet,3.0
U0392,C041,2025-10-16,45.6,30.8,Mobile,1.0
U0347,C003,2025-12-15,17.9,42.7,Desktop,4.0
U0165,C026,2026-03-04,65.9,54.0,TV,2.0
U0046,C050,2025-06-17,114.5,81.2,Mobile,2.0
U0259,C012,2026-04-15,91.0,84.3,Tablet,0.0
U0073,C017,2025-10-26,14.4,36.0,Desktop,0.0
U0346,C004,2025-06-13,10.9,40.5,Mobile,5.0
U0492,C044,2026-02-16,34.4,56.4,TV,0.0
U0330,C021,2025-05-02,11.2,29.4,Mobile,2.0
U0359,C044,2025-06-13,20.4,33.4,Mobile,2.0
U0348,C006,2025-06-10,29.7,42.4,Desktop,0.0
U0036,C012,2025-08-03,47.0,43.5,TV,2.0
U0118,C003,2025-06-25,39.8,94.7,TV,0.0
U0023,C026,2025-12-15,52.7,43.2,Mobile,1.0
U0070,C019,2025-08-05,77.2,68.3,Desktop,3.0
U0082,C005,2025-08-13,43.5,55.0,Tablet,3.0
U0178,C034,2025-07-05,14.7,30.7,TV,2.0
U0194,C031,2026-04-12,65.5,50.8,Mobile,0.0
U0379,C032,2025-04-24,64.8,85.2,Desktop,3.0
U0340,C022,2025-04-19,23.3,28.4,Mobile,1.0
U0137,C048,2026-03-13,33.8,84.6,TV,4.0
U0263,C035,2025-12-08,110.8,86.6,Tablet,5.0
U0411,C038,2025-09-22,57.0,64.8,Mobile,0.0
U0267,C049,2026-01-31,23.5,63.4,Desktop,3.0
U0118,C043,2025-06-18,50.1,71.6,Tablet,5.0
U0005,C002,2025-11-01,43.2,78.6,Tablet,5.0
U0500,C022,2026-03-31,34.9,42.6,TV,4.0
U0101,C044,2025-10-03,43.2,70.8,TV,0.0
U0477,C027,2025-11-26,29.5,39.8,Tablet,4.0
U0341,C036,2025-11-25,35.3,30.2,Desktop,1.0
U0264,C012,2026-03-12,84.3,78.1,Desktop,0.0
U0397,C046,2026-04-02,8.8,18.3,Tablet,5.0
U0308,C047,2025-05-27,31.2,38.5,Mobile,2.0
U0166,C047,2025-11-02,36.6,45.2,Tablet,5.0
U0160,C050,2025-07-06,108.6,77.0,Desktop,2.0
U0464,C012,2025-06-17,82.5,76.4,TV,2.0
U0283,C025,2025-07-20,57.3,73.5,Mobile,0.0
U0472,C010,2025-09-25,82.3,77.6,TV,1.0
U0248,C040,2026-01-27,36.9,27.1,Mobile,3.0
U0348,C023,2025-10-29,25.5,21.8,Tablet,4.0
U0215,C010,2026-02-11,50.9,48.0,Mobile,3.0
U0074,C015,2025-08-03,89.9,80.3,Mobile,1.0
U0229,C046,2025-12-27,40.0,83.4,Tablet,1.0
U0492,C035,2026-03-14,117.6,91.9,Tablet,4.0
U0315,C048,2025-10-06,21.6,54.0,Tablet,2.0
U0239,C008,2025-08-19,38.2,63.7,Mobile,3.0
U0407,C026,2025-06-29,41.8,34.3,Mobile,0.0
U0266,C048,2026-04-13,22.9,57.3,TV,5.0
U0395,C046,2025-05-25,6.3,13.2,Desktop,1.0
U0339,C036,2026-03-01,59.6,50.9,TV,0.0
U0436,C050,2025-10-15,52.9,37.5,Desktop,3.0
U0254,C025,2025-05-30,26.8,34.4,Mobile,1.0
U0497,C022,2025-12-14,61.2,74.6,Desktop,4.0
U0455,C013,2026-03-23,109.2,79.7,TV,5.0
U0027,C034,2025-07-10,18.8,39.2,Mobile,5.0
U0495,C010,2025-08-11,10.8,10.2,Desktop,0.0
U0162,C031,2026-01-16,33.4,25.9,Tablet,0.0
U0413,C011,2025-12-26,31.6,27.0,Tablet,0.0
U0019,C008,2026-04-03,23.3,38.8,TV,2.0
U0079,C017,2025-10-20,9.2,23.0,Desktop,4.0
U0470,C003,2025-07-28,29.4,70.0,Tablet,5.0
U0254,C004,2025-12-14,10.2,37.8,TV,4.0
U0451,C024,2026-03-13,56.8,74.8,Desktop,1.0
U0397,C045,2025-12-06,77.2,75.7,Mobile,2.0
U0332,C050,2025-10-21,11.3,8.0,Tablet,3.0
U0055,C045,2025-12-17,22.2,21.8,TV,5.0
U0259,C049,2026-03-15,4.4,12.0,Tablet,0.0
U0121,C039,2026-03-03,77.5,81.6,Mobile,3.0
U0187,C031,2026-01-19,86.2,66.8,TV,0.0
U0223,C042,2026-01-27,27.5,58.6,Mobile,0.0
U0462,C029,2025-08-19,33.9,60.6,TV,2.0
U0434,C014,2026-03-20,15.6,39.1,TV,0.0
U0112,C031,2025-04-26,99.7,77.3,Desktop,0.0
U0057,C047,2026-01-20,14.7,18.2,Desktop,3.0
U0066,C026,2025-08-19,85.8,70.3,Mobile,0.0
U0149,C010,2026-03-23,80.9,76.3,Tablet,0.0
U0258,C008,2025-07-01,17.0,28.4,TV,3.0
U0036,C013,2025-04-29,119.7,87.4,Tablet,4.0
U0145,C029,2025-08-07,24.5,43.7,TV,1.0
U0351,C040,2025-09-09,104.3,76.7,Tablet,0.0
U0102,C049,2025-06-25,8.4,22.7,Desktop,4.0
U0359,C030,2025-11-14,57.6,69.4,Mobile,1.0
U0473,C021,2025-08-22,22.5,59.1,Desktop,0.0
U0152,C008,2025-06-30,48.3,80.5,Mobile,1.0
U0346,C007,2025-08-01,45.6,34.0,Tablet,3.0
U0290,C027,2025-10-27,57.4,77.6,Mobile,0.0
U0142,C050,2026-03-18,86.7,61.5,TV,0.0
U0239,C014,2025-09-17,24.7,61.8,TV,0.0
U0231,C010,2026-03-07,79.1,74.6,Tablet,3.0
U0162,C005,2025-12-29,56.6,71.7,Mobile,3.0
U0050,C050,2025-05-17,16.1,11.4,Mobile,0.0
U0308,C032,2025-07-10,48.1,63.3,TV,0.0
U0040,C014,2025-07-22,24.1,60.2,Tablet,5.0
U0114,C032,2025-05-17,25.8,34.0,Desktop,0.0
U0280,C002,2025-08-29,25.1,45.7,Mobile,1.0
U0020,C048,2026-02-22,8.8,22.1,Mobile,0.0
U0479,C022,2025-09-23,64.0,78.0,Tablet,0.0
U0010,C043,2025-10-09,18.2,26.0,TV,0.0
U0226,C010,2025-11-25,65.1,61.4,Mobile,3.0
U0315,C036,2026-03-14,73.1,62.5,Mobile,5.0
U0349,C047,2025-05-23,35.6,43.9,Mobile,2.0
U0154,C014,2025-06-27,26.3,65.8,Desktop,2.0
U0433,C030,2026-04-07,50.2,60.5,Tablet,4.0
U0181,C032,2025-11-25,60.3,79.4,TV,5.0
U0243,C036,2026-01-19,70.6,60.3,TV,0.0
U0381,C013,2026-03-29,68.6,50.1,Desktop,3.0
U0499,C033,2026-01-21,50.4,34.5,Mobile,4.0
U0441,C002,2026-02-15,14.0,25.5,Tablet,0.0
U0370,C049,2025-08-30,23.0,62.2,Desktop,5.0
U0450,C050,2026-01-21,99.5,70.6,Desktop,0.0
U0381,C028,2025-08-08,120.5,82.0,Tablet,0.0
U0298,C042,2025-08-09,29.8,63.3,Tablet,3.0
U0055,C009,2026-02-28,55.8,61.3,Desktop,2.0
U0025,C003,2026-02-24,6.9,16.5,Desktop,0.0
U0246,C014,2025-05-06,29.8,74.5,Tablet,1.0
U0484,C009,2025-05-26,16.0,17.6,Mobile,4.0
U0179,C046,2025-08-11,8.0,16.6,Tablet,0.0
U0165,C033,2025-05-07,15.5,10.6,Mobile,5.0
U0450,C021,2025-12-18,15.5,40.8,TV,0.0
U0430,C005,2025-05-10,22.7,28.7,TV,0.0
U0267,C012,2025-11-07,56.3,52.1,Tablet,3.0
U0302,C007,2025-09-04,59.5,44.4,Mobile,3.0
U0048,C003,2025-12-01,31.7,75.5,Mobile,5.0
U0254,C021,2025-11-30,16.8,44.1,Mobile,5.0
U0082,C030,2025-10-19,44.2,53.3,Tablet,3.0
U0317,C048,2026-04-01,15.2,38.1,TV,2.0
U0173,C001,2025-11-03,63.7,70.8,Tablet,3.0
U0099,C023,2025-05-18,71.1,60.8,TV,5.0
U0018,C041,2026-04-14,81.4,55.0,TV,1.0
U0231,C031,2025-11-27,36.8,28.5,Tablet,2.0
U0460,C028,2026-04-01,124.8,84.9,Tablet,0.0
U0485,C003,2026-04-19,28.1,67.0,TV,0.0
U0288,C025,2025-12-28,70.4,90.3,Tablet,3.0
U0011,C001,2026-03-10,53.7,59.7,Mobile,2.0
U0310,C001,2026-04-17,34.3,38.1,TV,1.0
U0032,C048,2025-07-17,33.8,84.6,TV,0.0
U0391,C038,2026-01-31,31.2,35.4,Desktop,2.0
U0395,C014,2025-07-27,22.7,56.7,Mobile,4.0
U0423,C015,2026-02-22,89.8,80.2,TV,0.0
U0164,C022,2025-07-07,65.4,79.8,Tablet,0.0
U0098,C024,2025-11-04,69.2,91.1,Mobile,0.0
U0421,C044,2025-05-21,56.1,92.0,Tablet,4.0
U0311,C030,2025-08-09,77.6,93.5,Tablet,0.0
U0420,C021,2025-12-08,14.1,37.1,Mobile,5.0
U0213,C012,2026-03-12,107.0,99.1,Mobile,2.0
U0265,C037,2025-07-05,27.2,32.4,TV,4.0
U0081,C033,2025-04-30,89.6,61.4,TV,0.0
U0227,C043,2025-10-12,5.1,7.3,TV,5.0
U0062,C027,2025-12-13,43.4,58.6,Tablet,5.0
U0118,C003,2025-09-29,20.2,48.2,Mobile,5.0
U0433,C034,2025-06-06,3.0,6.2,Desktop,0.0
U0043,C016,2025-06-16,17.2,55.6,TV,5.0
U0251,C008,2025-07-29,50.9,84.9,Tablet,0.0
U0166,C048,2026-01-20,30.3,75.8,Tablet,3.0
U0075,C004,2025-06-16,24.6,91.1,Desktop,2.0
U0480,C012,2025-12-02,13.3,12.3,Tablet,3.0
U0187,C046,2025-11-09,26.2,54.6,Tablet,0.0
U0189,C002,2025-05-09,38.4,69.9,TV,5.0
U0264,C029,2025-07-27,39.4,70.3,Desktop,5.0
U0456,C043,2025-11-25,54.6,78.0,Desktop,0.0
U0117,C022,2025-12-30,67.7,82.6,Tablet,4.0
U0057,C031,2025-05-03,63.1,48.9,Tablet,0.0
U0216,C005,2026-01-12,69.4,87.8,Mobile,2.0
U0177,C035,2025-07-13,96.8,75.6,Desktop,5.0
U0429,C027,2026-03-26,29.2,39.4,TV,1.0
U0107,C018,2025-08-05,24.1,20.6,TV,3.0
U0305,C006,2025-10-07,37.7,53.8,Tablet,2.0
U0373,C044,2026-04-02,28.4,46.5,Desktop,0.0
U0005,C030,2026-03-23,54.2,65.3,Tablet,4.0
U0070,C009,2025-05-20,44.5,48.9,Desktop,1.0
U0418,C035,2025-10-26,83.1,64.9,Mobile,0.0
U0366,C040,2026-02-08,102.0,75.0,Mobile,1.0
U0387,C032,2025-12-21,40.4,53.2,Mobile,2.0
U0272,C017,2026-03-14,23.1,57.7,Mobile,1.0
U0095,C041,2025-07-16,119.1,80.5,Mobile,0.0
U0422,C006,2025-07-04,45.8,65.4,Tablet,4.0
U0457,C020,2025-09-24,10.2,9.3,Desktop,0.0
U0348,C016,2025-04-24,25.6,82.5,Desktop,5.0
U0303,C045,2025-09-10,79.6,78.0,Tablet,5.0
U0489,C006,2025-09-09,60.9,87.0,Desktop,0.0
U0209,C027,2025-09-29,53.7,72.6,Desktop,2.0
U0287,C014,2025-06-15,27.0,67.4,TV,1.0
U0232,C008,2025-04-29,38.5,64.1,Tablet,3.0
U0130,C031,2025-05-11,51.7,40.1,Desktop,3.0
U0048,C031,2025-06-26,83.8,65.0,TV,1.0
U0159,C012,2025-08-09,64.7,59.9,Desktop,1.0
U0253,C003,2025-07-02,29.5,70.2,TV,2.0
U0487,C008,2025-08-13,29.0,48.3,Mobile,2.0
U0406,C036,2025-04-23,33.2,28.4,Tablet,2.0
U0356,C031,2026-04-06,71.9,55.7,TV,3.0
U0294,C004,2026-04-15,10.4,38.5,Desktop,1.0
U0214,C019,2025-05-01,101.5,89.8,Mobile,5.0
U0119,C047,2026-03-05,23.5,29.0,Tablet,3.0
U0110,C035,2025-10-05,94.5,73.8,Tablet,0.0
U0256,C001,2026-01-27,18.2,20.2,Mobile,2.0
U0128,C020,2026-01-31,33.8,30.7,TV,3.0
U0011,C049,2026-02-10,20.4,55.2,Mobile,0.0
U0233,C024,2025-08-27,28.3,37.2,Mobile,1.0
U0048,C010,2026-01-30,7.5,7.1,Tablet,3.0
U0475,C009,2026-02-22,55.1,60.6,Desktop,5.0
U0124,C033,2025-05-19,134.2,91.9,Tablet,1.0
U0457,C042,2025-05-30,38.7,82.4,TV,0.0
U0086,C015,2025-09-21,93.1,83.1,Desktop,3.0
U0143,C018,2026-02-11,94.4,80.7,Tablet,0.0
U0257,C016,2025-10-26,22.5,72.6,Desktop,0.0
U0070,C010,2025-11-25,95.6,90.2,TV,3.0
U0110,C020,2026-01-20,102.0,92.7,Mobile,3.0
U0417,C033,2025-06-11,87.0,59.6,Mobile,4.0
U0381,C037,2026-01-20,68.0,80.9,Desktop,1.0
U0057,C011,2026-03-27,84.1,71.9,TV,0.0
U0071,C033,2025-12-04,140.3,96.1,Tablet,5.0
U0135,C040,2026-03-11,45.7,33.6,Desktop,2.0
U0227,C029,2025-07-11,41.5,74.1,TV,5.0
U0377,C039,2025-05-05,57.1,60.1,Tablet,0.0
U0251,C010,2025-12-04,31.5,29.7,Desktop,2.0
U0345,C023,2026-04-05,46.6,39.8,Desktop,2.0
U0278,C022,2025-06-24,40.3,49.2,Mobile,5.0
U0466,C025,2026-04-06,45.3,58.1,Tablet,2.0
U0467,C023,2025-05-01,67.0,57.3,Mobile,4.0
U0277,C015,2025-07-24,75.3,67.2,TV,1.0
U0009,C008,2025-11-26,31.4,52.3,Mobile,4.0
U0374,C016,2025-10-27,12.4,39.9,Tablet,3.0
U0202,C041,2025-05-19,102.7,69.4,Tablet,5.0
U0146,C035,2025-11-29,41.5,32.4,TV,2.0
U0288,C007,2025-07-05,55.2,41.2,Mobile,0.0
U0497,C002,2025-08-19,24.3,44.2,Desktop,1.0
U0008,C037,2025-08-12,42.3,50.4,Tablet,3.0
U0149,C033,2025-12-10,85.6,58.6,Mobile,5.0
U0125,C047,2025-09-04,59.8,73.8,Tablet,5.0
U0495,C039,2025-06-02,19.4,20.4,Mobile,0.0
U0174,C006,2025-05-09,37.0,52.9,TV,3.0
U0448,C010,2025-12-27,48.2,45.5,Tablet,3.0
U0078,C028,2025-05-20,142.4,96.9,Mobile,0.0
U0096,C011,2025-10-17,55.9,47.8,TV,3.0
U0236,C016,2025-07-04,26.7,86.1,Desktop,0.0
U0391,C011,2025-10-14,108.7,92.9,Desktop,0.0
U0378,C027,2025-11-28,14.3,19.3,Desktop,4.0
U0273,C011,2025-07-31,68.8,58.8,Mobile,0.0
U0469,C027,2026-02-06,55.6,75.2,Mobile,1.0
U0481,C044,2025-09-01,36.4,59.6,Tablet,5.0
U0345,C026,2025-06-13,30.6,25.1,TV,0.0
U0069,C014,2025-07-27,27.9,69.7,TV,5.0
U0247,C050,2025-09-28,108.6,77.0,Tablet,5.0
U0079,C013,2025-12-08,29.3,21.4,TV,0.0
U0298,C043,2025-09-22,45.4,64.8,TV,4.0
U0298,C014,2025-05-05,15.1,37.8,Mobile,2.0
U0103,C030,2026-03-15,20.4,24.6,TV,3.0
U0124,C026,2026-01-26,74.4,61.0,Mobile,0.0
U0074,C037,2025-12-10,37.8,45.0,Desktop,0.0
U0347,C022,2025-07-30,60.7,74.0,Desktop,0.0
U0423,C019,2025-09-21,92.3,81.7,Desktop,0.0
U0458,C001,2025-11-12,25.1,27.9,Tablet,2.0
U0007,C047,2025-05-01,71.3,88.0,TV,0.0
U0064,C002,2025-12-27,28.1,51.1,Desktop,4.0
U0492,C037,2025-05-09,14.0,16.7,Tablet,2.0
U0485,C034,2025-11-06,7.3,15.2,Mobile,4.0
U0321,C007,2025-06-02,56.4,42.1,Tablet,0.0
U0076,C018,2026-04-17,50.4,43.1,TV,5.0
U0354,C038,2025-06-10,28.6,32.5,Tablet,1.0
U0307,C044,2025-11-07,56.6,92.8,Tablet,5.0
U0482,C030,2025-10-27,44.0,53.0,TV,5.0
U0161,C030,2026-02-22,21.8,26.3,Desktop,0.0
U0025,C007,2025-08-28,48.2,36.0,Desktop,4.0
U0380,C044,2025-09-28,51.5,84.4,Mobile,1.0
U0215,C048,2025-07-24,25.2,62.9,Tablet,4.0
U0032,C022,2025-05-23,75.4,92.0,Tablet,3.0
U0282,C013,2025-09-07,133.3,97.3,Mobile,0.0
U0020,C018,2025-08-11,55.1,47.1,Mobile,0.0
U0467,C006,2026-03-25,63.7,91.0,TV,0.0
U0439,C037,2025-05-14,82.2,97.8,Desktop,2.0
U0063,C036,2025-06-15,84.9,72.6,TV,1.0
U0382,C035,2026-04-16,15.5,12.1,Mobile,4.0
U0446,C050,2025-12-27,105.9,75.1,Tablet,1.0
U0446,C017,2025-06-20,27.9,69.7,Desktop,3.0
U0231,C029,2026-02-15,52.8,94.3,TV,1.0
U0468,C023,2025-08-30,47.4,40.5,Tablet,2.0
U0123,C043,2026-02-26,50.3,71.9,TV,5.0
U0153,C042,2026-01-10,39.2,83.3,Mobile,0.0
U0327,C003,2026-04-08,20.4,48.6,Mobile,0.0
U0047,C028,2025-08-27,118.0,80.3,Mobile,1.0
U0460,C025,2025-12-28,32.6,41.8,Desktop,1.0
U0138,C040,2025-09-19,78.3,57.6,Tablet,3.0
U0358,C036,2025-08-08,54.5,46.6,TV,5.0
U0055,C040,2026-02-10,18.9,13.9,Mobile,0.0
U0213,C015,2025-10-23,89.0,79.5,Mobile,2.0
U0290,C014,2025-04-21,21.3,53.3,Desktop,3.0
U0016,C018,2025-06-17,56.9,48.6,TV,1.0
U0418,C024,2025-11-11,38.8,51.1,TV,0.0
U0326,C033,2026-03-19,90.2,61.8,Mobile,4.0
U0250,C045,2025-12-14,8.1,7.9,Mobile,2.0
U0009,C043,2026-01-01,51.8,74.0,Mobile,0.0
U0357,C040,2025-06-30,113.2,83.2,Tablet,0.0
U0160,C031,2025-12-01,35.9,27.8,TV,0.0
U0401,C002,2025-10-05,48.8,88.7,Tablet,3.0
U0229,C050,2025-09-13,69.5,49.3,TV,4.0
U0286,C027,2026-01-03,56.1,75.8,TV,2.0
U0211,C009,2025-09-21,53.0,58.2,TV,0.0
U0217,C009,2025-07-06,72.8,80.0,TV,0.0
U0471,C010,2025-05-11,69.9,65.9,Tablet,3.0
U0250,C034,2026-01-29,25.6,53.4,TV,5.0
U0277,C002,2025-07-02,40.0,72.7,Mobile,5.0
U0022,C048,2025-04-19,16.9,42.3,Desktop,3.0
U0048,C029,2025-09-09,32.9,58.7,Mobile,1.0
U0268,C033,2025-10-28,24.4,16.7,Desktop,0.0
U0397,C015,2025-08-02,91.4,81.6,Desktop,0.0
U0491,C038,2025-12-02,66.6,75.7,Desktop,0.0
U0488,C005,2025-04-20,52.9,66.9,TV,2.0
U0419,C038,2025-09-19,48.3,54.9,Desktop,0.0
U0405,C046,2025-09-12,39.5,82.2,TV,0.0
U0388,C046,2026-01-09,21.7,45.2,Desktop,5.0
U0306,C043,2025-10-17,37.8,54.0,Mobile,2.0
U0150,C037,2025-07-14,28.0,33.3,Mobile,3.0
U0288,C032,2026-03-10,11.9,15.6,Desktop,0.0
U0385,C037,2025-12-18,61.5,73.2,Mobile,0.0
U0398,C027,2025-06-27,60.5,81.7,Tablet,1.0
U0321,C042,2026-02-06,42.6,90.6,TV,1.0
U0120,C018,2025-06-08,14.5,12.4,Tablet,0.0
U0233,C009,2026-03-30,79.4,87.3,TV,1.0
U0450,C014,2025-07-04,23.4,58.5,Mobile,3.0
U0209,C038,2025-11-28,32.1,36.5,Mobile,3.0
U0190,C037,2026-04-02,42.6,50.7,Desktop,0.0
U0464,C038,2026-03-06,34.4,39.1,Mobile,2.0
U0421,C027,2026-01-29,65.8,88.9,Desktop,0.0
U0477,C031,2025-11-25,34.7,26.9,TV,4.0
U0461,C031,2025-12-09,50.8,39.4,Mobile,2.0
U0197,C032,2025-08-02,39.3,51.7,Tablet,0.0
U0409,C032,2025-05-27,14.0,18.4,Mobile,4.0
U0476,C003,2026-01-15,5.0,11.8,Desktop,4.0
U0418,C018,2025-07-04,102.4,87.5,Mobile,0.0
U0098,C021,2025-04-19,34.2,90.0,Desktop,0.0
U0480,C044,2025-07-01,18.4,30.1,Tablet,3.0
U0185,C039,2025-12-07,71.5,75.3,Tablet,3.0
U0476,C008,2025-09-22,22.1,36.9,Mobile,0.0
U0098,C029,2025-09-04,12.0,21.5,TV,2.0
U0478,C049,2025-10-18,31.0,83.7,Mobile,4.0
U0404,C030,2025-06-14,63.0,75.9,Desktop,2.0
U0033,C019,2025-11-07,83.8,74.2,TV,1.0
U0230,C023,2025-08-11,98.3,84.0,Desktop,2.0
U0164,C029,2025-09-18,30.3,54.1,TV,0.0
U0401,C039,2025-04-25,82.0,86.3,Mobile,4.0
U0472,C047,2026-04-19,40.7,50.2,Desktop,2.0
U0411,C011,2026-03-05,33.2,28.4,Desktop,5.0
U0416,C047,2025-08-28,26.8,33.1,Mobile,0.0
U0083,C048,2025-09-23,26.2,65.6,TV,0.0
U0055,C004,2025-11-02,14.0,51.7,TV,4.0
U0067,C044,2025-06-18,13.7,22.4,Desktop,3.0
U0104,C009,2025-10-17,26.9,29.6,Tablet,0.0
U0350,C012,2025-07-13,38.9,36.0,Tablet,2.0
U0213,C010,2025-10-11,47.2,44.5,Desktop,0.0
U0356,C030,2026-03-13,15.8,19.0,Desktop,0.0
U0332,C038,2025-09-16,61.2,69.5,Mobile,2.0
U0380,C033,2025-07-04,105.4,72.2,Tablet,0.0
U0155,C024,2025-07-30,64.2,84.5,Tablet,0.0
U0050,C006,2025-10-04,27.4,39.1,TV,3.0
U0196,C031,2025-12-04,91.1,70.6,TV,2.0
U0040,C013,2025-04-29,29.5,21.5,Desktop,3.0
U0364,C003,2026-01-17,41.6,99.1,TV,2.0
U0350,C043,2026-03-21,39.1,55.9,Mobile,5.0
U0367,C007,2025-06-14,67.7,50.5,Tablet,3.0
U0471,C002,2025-06-18,49.0,89.1,Desktop,2.0
U0232,C045,2025-10-28,17.9,17.5,Desktop,5.0
U0218,C006,2025-12-23,63.8,91.2,Tablet,5.0
U0128,C050,2026-01-05,58.8,41.7,Mobile,4.0
U0432,C046,2025-09-10,21.9,45.6,Mobile,5.0
U0054,C006,2026-01-01,13.4,19.1,Tablet,2.0
U0460,C008,2025-12-23,33.0,55.0,Tablet,0.0
U0206,C025,2025-09-10,70.0,89.7,Desktop,2.0
U0340,C045,2026-03-31,89.7,87.9,Desktop,0.0
U0415,C009,2025-10-01,58.8,64.6,Tablet,4.0
U0491,C002,2026-01-17,46.8,85.1,Tablet,2.0
U0105,C017,2025-08-08,25.9,64.8,Mobile,5.0
U0230,C033,2025-07-13,41.3,28.3,Tablet,0.0
U0241,C001,2026-02-02,16.9,18.8,Tablet,2.0
U0052,C045,2025-04-29,40.1,39.3,Tablet,3.0
U0409,C007,2025-05-13,94.3,70.4,Mobile,3.0
U0252,C047,2026-01-19,53.8,66.4,TV,0.0
U0061,C021,2025-06-04,19.9,52.4,Mobile,0.0
U0301,C047,2025-08-23,10.7,13.2,TV,2.0
U0338,C023,2026-02-09,38.4,32.8,Tablet,2.0
U0367,C041,2025-08-15,103.2,69.7,Desktop,0.0
U0045,C017,2025-09-18,14.1,35.2,Desktop,1.0
U0020,C030,2025-10-28,11.0,13.3,TV,2.0
U0271,C046,2025-12-19,29.5,61.5,Mobile,0.0
U0041,C046,2026-01-09,16.3,34.0,Tablet,0.0
U0316,C020,2025-07-26,34.0,30.9,Mobile,3.0
U0304,C004,2026-01-11,6.2,23.0,Mobile,0.0
U0453,C028,2026-03-14,103.8,70.6,Desktop,2.0
U0088,C015,2026-01-03,78.4,70.0,Desktop,4.0
U0215,C001,2025-08-17,26.5,29.4,Mobile,2.0
U0462,C045,2025-06-23,33.5,32.8,TV,4.0
U0183,C034,2025-08-21,45.9,95.6,Mobile,0.0
U0384,C022,2025-06-30,76.7,93.5,TV,0.0
U0191,C034,2025-06-20,18.2,37.9,Mobile,4.0
U0275,C032,2025-08-07,60.0,79.0,TV,0.0
U0233,C022,2025-08-19,57.4,70.0,Desktop,5.0
U0398,C037,2026-03-27,14.7,17.5,TV,0.0
U0435,C018,2026-02-22,62.6,53.5,Mobile,3.0
U0039,C046,2026-02-10,22.7,47.2,TV,4.0
U0217,C032,2026-02-24,54.9,72.3,Mobile,2.0
U0404,C035,2025-11-21,112.9,88.2,Tablet,1.0
U0493,C047,2025-09-16,72.7,89.8,Desktop,4.0
U0493,C008,2025-08-11,50.3,83.8,Tablet,5.0
U0186,C031,2025-08-03,58.2,45.1,TV,1.0
U0158,C031,2025-08-16,92.1,71.4,Desktop,3.0
U0027,C017,2025-06-16,22.2,55.5,TV,4.0
U0247,C007,2025-05-10,50.5,37.7,Mobile,4.0
U0094,C046,2025-09-02,7.3,15.2,Desktop,1.0
U0110,C041,2025-10-25,96.5,65.2,Tablet,2.0
U0357,C012,2025-04-25,71.7,66.4,Mobile,5.0
U0444,C049,2026-01-30,23.1,62.5,TV,0.0
U0036,C005,2025-06-17,76.2,96.5,Desktop,5.0
U0193,C006,2025-06-24,15.3,21.8,Mobile,4.0
U0140,C005,2026-02-23,36.5,46.2,Tablet,3.0
U0482,C033,2025-11-12,13.7,9.4,TV,3.0
U0356,C021,2026-01-04,19.5,51.2,TV,5.0
U0151,C047,2026-03-17,74.8,92.4,Desktop,5.0
U0393,C036,2025-08-29,58.7,50.2,Tablet,0.0
U0213,C028,2026-01-13,102.6,69.8,TV,5.0
U0493,C037,2025-08-31,40.7,48.4,Tablet,1.0
U0421,C012,2025-07-07,98.9,91.6,TV,5.0
U0491,C013,2025-04-29,94.9,69.3,Tablet,0.0
U0315,C044,2026-03-21,15.7,25.8,Tablet,0.0
U0100,C025,2026-01-29,71.1,91.2,Desktop,2.0
U0133,C041,2025-08-11,127.7,86.3,Mobile,3.0
U0215,C040,2025-08-31,23.0,16.9,TV,2.0
U0474,C006,2025-08-14,42.9,61.3,Desktop,3.0
U0351,C019,2025-05-21,71.4,63.2,Mobile,4.0
U0145,C022,2025-08-30,37.8,46.1,Mobile,3.0
U0173,C008,2025-12-28,33.7,56.2,Mobile,1.0
U0193,C002,2025-08-05,45.9,83.5,Tablet,5.0
U0422,C009,2026-02-07,83.6,91.9,TV,5.0
U0128,C002,2025-08-07,32.3,58.8,Tablet,3.0
U0335,C036,2025-11-22,29.2,25.0,Mobile,0.0
U0241,C042,2025-07-11,9.3,19.7,Desktop,1.0
U0395,C034,2025-09-03,39.4,82.0,Mobile,4.0
U0026,C004,2025-04-23,13.9,51.5,Mobile,1.0
U0452,C035,2025-05-21,21.9,17.1,Desktop,4.0
U0250,C019,2025-09-10,87.0,77.0,TV,0.0
U0289,C040,2025-08-03,124.6,91.6,Desktop,2.0
U0479,C038,2025-10-26,71.9,81.7,Mobile,0.0
U0414,C024,2025-12-01,11.6,15.2,TV,0.0
U0221,C019,2025-10-06,91.8,81.2,Tablet,1.0
U0052,C018,2025-07-12,97.2,83.1,Desktop,3.0
U0127,C003,2026-02-05,20.6,49.0,TV,5.0
U0397,C005,2025-07-09,27.0,34.2,Tablet,2.0
U0124,C008,2026-01-03,54.6,91.0,Desktop,5.0
U0222,C048,2025-09-11,39.3,98.2,Mobile,2.0
U0098,C040,2025-06-08,108.8,80.0,Tablet,5.0
U0278,C034,2025-06-13,12.2,25.4,Tablet,5.0
U0231,C020,2025-06-27,58.6,53.3,Desktop,1.0
U0212,C014,2026-03-03,24.8,62.1,Mobile,0.0
U0033,C050,2025-08-08,110.5,78.4,Mobile,1.0
U0170,C018,2025-07-16,42.1,36.0,Desktop,1.0
U0190,C037,2026-03-26,61.8,73.6,Mobile,2.0
U0155,C018,2025-05-13,18.8,16.1,Tablet,3.0
U0429,C013,2025-11-21,51.9,37.9,Tablet,2.0
U0414,C004,2025-07-29,20.2,75.0,Desktop,4.0
U0217,C035,2026-01-07,82.7,64.6,TV,4.0
U0408,C030,2026-03-20,54.0,65.1,Desktop,0.0
U0084,C046,2025-08-05,32.4,67.4,TV,5.0
U0018,C015,2025-08-18,79.2,70.7,TV,3.0
U0300,C021,2026-01-30,24.9,65.6,Tablet,2.0
U0331,C019,2025-07-05,68.4,60.5,Desktop,5.0
U0177,C008,2026-04-07,17.0,28.3,Tablet,0.0
U0166,C022,2025-08-18,32.6,39.8,Mobile,4.0
U0462,C041,2025-11-08,134.1,90.6,Tablet,2.0
U0351,C017,2026-02-23,21.6,54.1,TV,0.0
U0361,C039,2025-11-24,86.6,91.2,Mobile,0.0
U0449,C004,2025-10-11,24.7,91.4,Mobile,0.0
U0054,C050,2025-06-09,59.5,42.2,Desktop,1.0
U0485,C006,2025-10-31,60.9,87.0,Mobile,0.0
U0407,C041,2025-10-19,134.2,90.7,Desktop,4.0
U0257,C007,2025-10-15,46.0,34.3,Tablet,0.0
U0461,C001,2025-10-15,81.5,90.5,Mobile,0.0
U0278,C025,2026-02-11,61.6,79.0,Desktop,3.0
U0500,C014,2026-03-26,18.1,45.2,TV,2.0
U0475,C024,2025-09-10,57.9,76.2,TV,0.0
U0240,C014,2025-09-10,28.8,72.0,Mobile,5.0
U0247,C031,2026-03-21,56.4,43.7,Desktop,0.0
U0309,C040,2025-08-09,93.3,68.6,Desktop,1.0
U0405,C003,2025-08-21,22.2,52.9,TV,3.0
U0263,C011,2025-06-15,24.3,20.8,Desktop,0.0
U0254,C033,2026-02-13,85.6,58.6,TV,0.0
U0277,C026,2025-08-28,106.1,87.0,Mobile,4.0
U0097,C031,2025-07-05,108.4,84.0,Tablet,5.0
U0073,C036,2025-06-11,56.7,48.5,TV,5.0
U0017,C006,2025-10-09,26.2,37.4,Desktop,0.0
U0328,C040,2025-11-06,36.0,26.5,Desktop,1.0
U0025,C028,2025-08-08,61.6,41.9,TV,1.0
U0038,C018,2025-11-02,70.2,60.0,TV,1.0
U0292,C047,2026-01-25,47.3,58.4,Mobile,3.0
U0298,C034,2025-05-24,32.8,68.4,Mobile,2.0
U0426,C023,2026-03-06,22.3,19.1,Mobile,4.0
U0094,C049,2025-09-30,20.8,56.1,Tablet,0.0
U0496,C047,2025-11-30,35.6,43.9,Tablet,0.0
U0489,C013,2025-07-24,89.3,65.2,Tablet,0.0
U0021,C013,2025-07-16,93.4,68.2,Tablet,2.0
U0139,C015,2025-10-15,47.4,42.3,Tablet,0.0
U0377,C036,2025-05-30,91.6,78.3,Mobile,4.0
U0303,C019,2025-08-05,77.6,68.7,Tablet,4.0
U0320,C042,2026-03-25,27.0,57.5,Desktop,5.0
U0008,C029,2025-10-23,21.4,38.3,Desktop,3.0
U0500,C025,2026-04-07,66.2,84.9,Tablet,3.0
U0354,C049,2025-11-07,22.2,60.0,TV,3.0
U0457,C040,2025-12-16,59.6,43.8,TV,3.0
U0052,C019,2025-11-14,80.8,71.5,Desktop,0.0
U0206,C032,2025-12-26,31.0,40.8,TV,0.0
U0372,C040,2025-08-30,67.3,49.5,Mobile,4.0
U0005,C013,2025-10-25,52.5,38.3,Tablet,4.0
U0444,C003,2025-08-05,36.7,87.3,Mobile,0.0
U0028,C032,2026-02-25,36.7,48.3,Tablet,5.0
U0134,C010,2026-03-11,65.4,61.7,Tablet,3.0
U0450,C035,2026-02-02,67.2,52.5,Mobile,4.0
U0216,C002,2025-05-06,31.4,57.0,Tablet,0.0
U0458,C044,2025-09-11,8.5,14.0,Mobile,3.0
U0413,C001,2026-01-14,51.4,57.1,Mobile,0.0
U0424,C045,2025-11-29,30.9,30.3,Desktop,4.0
U0338,C006,2025-09-29,49.3,70.4,Desktop,5.0
U0058,C047,2025-08-21,39.9,49.2,TV,2.0
U0426,C002,2025-08-09,23.0,41.9,Tablet,0.0
U0443,C021,2026-03-10,12.6,33.2,Mobile,2.0
U0334,C008,2025-12-21,25.2,42.0,Desktop,0.0
U0013,C044,2025-07-30,28.7,47.1,TV,1.0
U0064,C025,2026-02-01,43.1,55.3,Tablet,3.0
U0415,C034,2025-08-27,43.3,90.3,Desktop,4.0
U0195,C029,2025-09-02,28.0,50.0,Desktop,5.0
U0153,C010,2025-12-16,51.7,48.8,TV,3.0
U0274,C006,2025-06-22,52.3,74.7,TV,0.0
U0136,C036,2025-10-31,116.3,99.4,Tablet,0.0
U0105,C001,2025-07-27,87.4,97.1,Mobile,0.0
U0360,C012,2025-06-06,27.6,25.6,Mobile,2.0
U0354,C008,2026-01-29,6.4,10.7,Tablet,2.0
U0137,C027,2025-05-30,60.6,81.9,TV,3.0
U0401,C013,2025-11-13,22.6,16.5,TV,3.0
U0121,C024,2025-12-12,69.8,91.9,TV,2.0
U0043,C032,2025-09-06,45.8,60.2,Tablet,1.0
U0121,C010,2025-09-18,42.6,40.2,Mobile,5.0
U0274,C041,2025-05-05,33.0,22.3,Desktop,4.0
U0499,C042,2025-11-26,40.5,86.1,TV,3.0
U0070,C017,2025-05-21,7.2,18.0,Desktop,3.0
U0057,C004,2025-10-12,4.7,17.4,Desktop,4.0
U0321,C012,2025-11-08,59.8,55.4,Tablet,5.0
U0244,C015,2025-10-28,49.3,44.0,Desktop,5.0
U0267,C007,2025-08-03,74.1,55.3,Desktop,5.0
U0440,C019,2025-05-05,41.2,36.5,Desktop,1.0
U0202,C040,2025-08-20,113.3,83.3,Tablet,0.0
U0048,C022,2025-08-17,73.4,89.5,Tablet,0.0
U0318,C047,2025-06-17,54.4,67.1,Mobile,3.0
U0296,C028,2025-07-07,41.7,28.4,Desktop,0.0
U0053,C035,2025-10-15,52.4,40.9,TV,4.0
U0130,C047,2026-01-10,51.9,64.1,Tablet,0.0
U0459,C025,2025-05-22,62.9,80.7,TV,2.0
U0477,C001,2025-07-01,52.9,58.8,TV,1.0
U0007,C030,2025-08-11,14.9,18.0,TV,0.0
U0223,C044,2025-10-09,36.8,60.3,TV,2.0
U0209,C043,2025-09-24,21.1,30.1,Mobile,5.0
U0184,C027,2025-05-24,62.5,84.5,TV,0.0
U0247,C047,2025-10-09,29.9,36.9,Desktop,4.0
U0231,C001,2025-06-19,43.4,48.2,TV,3.0
U0335,C012,2025-08-06,63.6,58.9,Desktop,0.0
U0353,C010,2025-07-21,70.6,66.6,Mobile,4.0
U0413,C008,2026-03-04,32.1,53.5,Desktop,3.0
U0351,C046,2025-09-19,34.0,70.9,Tablet,4.0
U0354,C005,2025-08-29,60.9,77.1,TV,5.0
U0032,C024,2025-11-18,39.6,52.1,Mobile,3.0
U0102,C008,2025-09-19,51.1,85.1,TV,0.0
U0291,C022,2026-04-14,38.8,47.3,TV,1.0
U0014,C044,2025-09-23,19.8,32.5,Desktop,5.0
U0284,C047,2025-07-03,41.1,50.7,Desktop,1.0
U0382,C034,2026-01-03,9.1,19.0,TV,3.0
U0383,C033,2026-02-17,30.5,20.9,TV,0.0
U0180,C022,2025-06-07,54.4,66.3,Desktop,2.0
U0102,C004,2025-06-15,1.9,7.0,TV,5.0
U0072,C034,2025-06-07,17.2,35.9,TV,2.0
U0217,C014,2025-11-02,15.1,37.8,Desktop,3.0
U0010,C017,2025-10-18,36.9,92.2,Desktop,2.0
U0221,C001,2025-11-09,56.2,62.4,Mobile,5.0
U0170,C030,2025-12-27,54.0,65.0,Mobile,4.0
U0089,C032,2025-10-25,30.2,39.8,TV,2.0
U0267,C019,2025-12-15,45.1,39.9,Mobile,0.0
U0113,C045,2025-10-23,48.3,47.4,Tablet,2.0
U0443,C002,2026-01-30,46.5,84.5,TV,4.0
U0260,C043,2025-06-30,29.0,41.4,Mobile,4.0
U0020,C023,2025-07-16,110.2,94.2,Tablet,5.0
U0147,C037,2026-01-22,13.3,15.8,Mobile,4.0
U0277,C005,2026-03-24,51.5,65.2,Desktop,1.0
U0182,C026,2025-07-19,51.7,42.4,Tablet,4.0
U0087,C025,2025-10-08,33.2,42.6,Desktop,4.0
U0116,C040,2026-03-06,60.7,44.6,Tablet,5.0
U0282,C002,2025-10-20,36.9,67.0,Desktop,2.0
U0121,C031,2025-07-10,83.6,64.8,Desktop,5.0
U0483,C034,2026-02-02,34.2,71.2,Tablet,3.0
U0049,C002,2025-11-22,46.3,84.1,Desktop,1.0
U0160,C012,2025-11-03,15.2,14.1,TV,2.0
U0317,C026,2025-07-29,48.2,39.5,Tablet,3.0
U0292,C032,2025-05-01,68.6,90.3,Desktop,2.0
U0364,C040,2025-09-09,90.2,66.3,TV,5.0
U0424,C016,2025-04-24,2.4,7.7,TV,4.0
U0084,C013,2026-02-11,19.0,13.9,Desktop,0.0
U0454,C018,2025-05-06,84.1,71.9,TV,3.0
U0162,C004,2025-05-01,25.7,95.3,Desktop,4.0
U0028,C002,2026-04-11,24.6,44.7,Tablet,1.0
U0075,C005,2025-07-09,30.6,38.7,Mobile,0.0
U0065,C038,2025-05-02,53.3,60.6,Tablet,4.0
U0175,C034,2026-01-11,34.9,72.8,Tablet,3.0
U0391,C028,2025-08-14,38.1,25.9,Tablet,3.0
U0099,C017,2025-10-30,30.3,75.8,Mobile,0.0
U0230,C023,2025-09-07,35.1,30.0,TV,0.0
U0113,C042,2025-04-28,8.3,17.7,Mobile,1.0
U0235,C013,2025-10-18,131.2,95.8,Tablet,3.0
U0004,C008,2026-01-31,35.3,58.8,Tablet,4.0
U0030,C043,2025-09-11,62.4,89.2,TV,0.0
U0101,C032,2025-05-09,22.5,29.6,Mobile,3.0
U0404,C002,2025-10-23,46.3,84.1,Mobile,4.0
U0365,C019,2025-05-23,35.0,31.0,TV,0.0
U0072,C011,2025-07-20,54.6,46.7,Desktop,3.0
U0452,C046,2025-09-22,39.4,82.1,Desktop,3.0
U0049,C022,2025-09-15,41.8,51.0,TV,1.0
U0414,C029,2025-11-21,51.2,91.4,TV,0.0
U0097,C037,2025-08-31,64.9,77.3,TV,0.0
U0066,C037,2026-04-05,66.0,78.6,Desktop,4.0
U0382,C029,2025-10-02,16.7,29.9,Tablet,5.0
U0031,C044,2025-12-11,24.5,40.2,TV,0.0
U0032,C028,2026-02-16,71.3,48.5,Tablet,2.0
U0352,C042,2025-06-02,38.4,81.6,Desktop,4.0
U0328,C031,2025-12-14,76.8,59.5,Tablet,0.0
U0440,C011,2025-10-23,112.0,95.7,Desktop,2.0
U0309,C006,2025-05-07,52.1,74.5,Tablet,3.0
U0453,C006,2026-02-21,64.8,92.5,Mobile,2.0
U0154,C021,2025-05-16,19.2,50.5,Desktop,2.0
U0441,C001,2025-12-09,69.2,76.9,Tablet,1.0
U0481,C006,2026-01-13,37.7,53.8,Mobile,0.0
U0485,C036,2026-02-24,106.6,91.1,Tablet,4.0
U0133,C038,2025-11-11,6.2,7.0,Tablet,3.0
U0266,C039,2025-11-22,72.2,76.0,Mobile,0.0
U0468,C006,2026-03-09,52.3,74.7,Tablet,5.0
U0133,C019,2025-10-23,28.5,25.2,Mobile,4.0
U0460,C032,2025-12-19,21.2,27.9,Mobile,5.0
U0428,C050,2025-11-15,115.2,81.7,Desktop,2.0
U0128,C026,2025-07-27,91.6,75.1,Mobile,4.0
U0434,C030,2025-05-29,12.8,15.4,Mobile,3.0
U0368,C024,2025-07-10,68.4,90.0,Mobile,3.0
U0223,C010,2026-04-07,70.9,66.9,Tablet,1.0
U0096,C009,2025-11-08,32.7,35.9,Desktop,5.0
U0131,C010,2025-09-20,31.6,29.8,TV,1.0
U0154,C036,2025-09-13,16.6,14.2,Tablet,0.0
U0036,C039,2025-11-02,44.9,47.3,Tablet,2.0
U0379,C035,2025-10-28,32.1,25.1,Mobile,0.0
U0238,C007,2025-11-22,123.7,92.3,Tablet,0.0
U0069,C013,2026-01-09,21.5,15.7,Mobile,0.0
U0007,C029,2026-01-20,25.6,45.8,Tablet,1.0
U0268,C006,2026-02-25,33.5,47.8,Tablet,5.0
U0227,C048,2026-03-27,23.0,57.5,Tablet,2.0
U0345,C016,2026-01-30,18.3,59.1,Mobile,5.0
U0134,C023,2025-06-02,67.9,58.0,TV,0.0
U0130,C040,2026-01-23,75.6,55.6,Desktop,1.0
U0425,C006,2025-11-10,42.4,60.6,TV,4.0
U0192,C028,2025-11-01,112.7,76.7,Mobile,4.0
U0098,C026,2025-10-29,112.4,92.1,Tablet,2.0
U0241,C039,2025-09-22,56.4,59.4,Mobile,0.0
U0321,C030,2025-10-13,56.5,68.1,Mobile,1.0
U0468,C006,2025-05-07,61.3,87.6,Tablet,3.0
U0499,C021,2025-07-24,18.8,49.4,Mobile,0.0
U0393,C038,2025-07-22,12.4,14.1,TV,0.0
U0347,C016,2025-05-23,17.7,57.1,TV,1.0
U0273,C047,2025-09-24,20.7,25.6,TV,0.0
U0002,C034,2025-06-23,18.2,37.9,Desktop,1.0
U0011,C043,2025-10-11,34.9,49.8,Tablet,1.0
U0181,C013,2026-01-31,85.2,62.2,Tablet,5.0
U0323,C020,2025-11-04,63.2,57.5,TV,0.0
U0121,C037,2026-01-01,44.8,53.3,Tablet,5.0
U0427,C037,2025-05-04,52.1,62.0,Desktop,1.0
U0084,C024,2025-07-22,58.6,77.1,Tablet,0.0
U0420,C007,2025-05-06,81.7,61.0,Mobile,0.0
U0201,C013,2025-11-21,120.7,88.1,Mobile,0.0
U0191,C013,2026-03-15,52.5,38.3,Tablet,3.0
U0012,C003,2025-07-29,35.8,85.2,Desktop,5.0
U0279,C020,2025-08-14,95.3,86.6,Tablet,3.0
U0015,C047,2025-12-03,54.8,67.6,Mobile,5.0
U0278,C013,2026-03-25,63.0,46.0,TV,0.0
U0271,C039,2026-03-17,68.8,72.4,TV,0.0
U0239,C049,2026-03-01,21.2,57.2,Desktop,2.0
U0266,C025,2025-07-30,56.3,72.2,Tablet,4.0
U0233,C045,2025-10-10,23.6,23.1,Tablet,3.0
U0267,C003,2025-08-20,22.3,53.2,Tablet,2.0
U0179,C010,2025-10-03,8.8,8.3,TV,3.0
U0244,C036,2025-11-29,100.0,85.5,Mobile,3.0
U0146,C009,2026-01-05,74.3,81.6,TV,4.0
U0244,C050,2026-04-16,81.6,57.9,Tablet,5.0
U0089,C047,2026-04-17,76.2,94.1,Mobile,2.0
U0364,C045,2025-04-23,47.0,46.1,Tablet,4.0
U0335,C040,2025-07-04,97.5,71.7,Mobile,3.0
U0408,C021,2025-05-10,25.6,67.4,Desktop,0.0
U0377,C013,2026-01-23,98.6,72.0,TV,4.0
U0488,C004,2025-12-28,18.2,67.4,Mobile,5.0
U0375,C010,2025-08-08,76.6,72.3,Mobile,3.0
U0305,C015,2025-12-09,109.0,97.3,Tablet,0.0
U0164,C019,2025-07-07,35.9,31.8,Tablet,0.0
U0132,C010,2026-03-15,53.1,50.1,Desktop,3.0
U0475,C041,2026-01-30,92.2,62.3,Mobile,0.0
U0422,C015,2026-02-01,49.1,43.8,Tablet,0.0
U0320,C050,2025-12-25,19.9,14.1,Mobile,0.0
U0120,C038,2025-08-12,31.4,35.7,TV,4.0
U0335,C038,2026-01-02,10.6,12.1,Tablet,0.0
U0179,C002,2025-10-23,38.9,70.8,Desktop,2.0
U0419,C046,2026-01-02,10.5,21.9,TV,1.0
U0469,C015,2025-09-04,82.7,73.8,Desktop,3.0
U0458,C022,2025-09-12,76.8,93.7,Mobile,0.0
U0271,C005,2026-01-03,43.5,55.1,Tablet,1.0
U0171,C039,2025-09-29,60.7,63.9,Mobile,4.0
U0450,C013,2026-04-10,120.8,88.2,Mobile,2.0
U0178,C026,2025-09-19,28.8,23.6,Tablet,0.0
U0109,C020,2025-06-10,84.0,76.4,Tablet,2.0
U0077,C031,2025-12-05,100.0,77.5,Tablet,4.0
U0029,C029,2025-10-01,16.1,28.7,Mobile,4.0
U0388,C033,2026-01-14,129.2,88.5,Desktop,5.0
U0401,C013,2025-12-27,67.5,49.3,Desktop,4.0
U0155,C009,2026-03-11,70.3,77.3,Mobile,2.0
U0115,C023,2026-03-12,75.6,64.6,Mobile,1.0
U0125,C042,2026-04-04,8.1,17.2,Tablet,4.0
U0478,C002,2025-06-13,13.9,25.2,Tablet,0.0
U0203,C018,2025-10-21,43.2,36.9,Mobile,1.0
U0294,C016,2025-05-20,28.5,92.0,Tablet,4.0
U0081,C016,2025-04-24,24.1,77.6,TV,0.0
U0333,C021,2025-09-30,11.1,29.2,Tablet,5.0
U0159,C028,2025-06-21,97.0,66.0,Desktop,4.0
U0288,C043,2026-02-18,53.3,76.1,Tablet,3.0
U0425,C040,2025-04-25,35.8,26.3,TV,0.0
U0266,C036,2025-12-05,107.6,92.0,Desktop,5.0
U0110,C007,2025-12-29,119.1,88.9,Mobile,1.0
U0083,C043,2025-10-10,63.3,90.4,Desktop,1.0
U0122,C017,2025-08-01,17.5,43.8,TV,4.0
U0019,C049,2025-06-25,26.5,71.5,Mobile,2.0
U0475,C034,2025-10-01,27.2,56.6,Mobile,2.0
U0331,C012,2026-01-20,46.3,42.9,Desktop,0.0
U0451,C016,2025-10-18,29.6,95.5,TV,1.0
U0305,C047,2025-09-23,20.5,25.3,Mobile,2.0
U0400,C001,2025-07-13,31.1,34.6,Mobile,1.0
U0478,C013,2026-02-15,85.5,62.4,Desktop,0.0
U0469,C015,2025-06-21,35.1,31.3,Tablet,5.0
U0021,C020,2026-04-10,54.8,49.8,Tablet,2.0
U0263,C044,2025-05-25,37.9,62.1,Mobile,0.0
U0173,C036,2026-01-15,67.9,58.0,TV,0.0
U0371,C009,2025-08-02,53.2,58.5,TV,5.0
U0082,C035,2025-11-29,44.7,34.9,Tablet,5.0
U0391,C019,2025-06-11,102.6,90.8,Desktop,5.0
U0080,C021,2025-08-23,32.0,84.2,Mobile,5.0
U0494,C015,2025-04-29,36.6,32.7,Desktop,1.0
U0188,C036,2025-07-01,38.8,33.2,Tablet,0.0
U0204,C038,2025-09-25,20.8,23.6,Desktop,5.0
U0310,C041,2026-01-19,112.9,76.3,TV,5.0
U0324,C005,2025-04-23,41.9,53.1,Tablet,4.0
U0217,C010,2026-01-19,22.9,21.6,TV,1.0
U0239,C041,2026-01-11,32.3,21.8,Tablet,1.0
U0035,C007,2026-04-07,64.3,48.0,Desktop,3.0
U0290,C028,2025-06-13,115.1,78.3,Tablet,2.0
U0338,C005,2026-01-26,60.0,76.0,Tablet,0.0
U0135,C003,2025-11-20,34.6,82.5,Mobile,3.0
U0145,C007,2025-12-02,84.0,62.7,TV,0.0
U0307,C015,2026-03-19,62.7,56.0,Mobile,1.0
U0403,C030,2025-11-14,43.2,52.1,Desktop,0.0
U0337,C028,2025-05-20,99.2,67.5,TV,3.0
U0290,C015,2026-02-02,83.4,74.5,Tablet,4.0
U0487,C038,2025-04-21,86.8,98.6,TV,5.0
U0252,C004,2025-08-29,4.9,18.0,Desktop,5.0
U0368,C001,2026-01-02,62.5,69.4,TV,4.0
U0210,C042,2025-12-13,16.8,35.8,Desktop,2.0
U0044,C043,2026-02-14,21.5,30.7,Tablet,0.0
U0063,C002,2025-11-02,37.2,67.6,TV,1.0
U0024,C029,2025-08-12,30.2,54.0,Mobile,2.0
U0443,C033,2025-10-20,111.3,76.2,Tablet,0.0
U0058,C049,2026-03-13,15.4,41.5,Desktop,4.0
U0247,C035,2025-09-28,99.6,77.8,Tablet,0.0
U0139,C009,2025-12-21,57.4,63.1,TV,3.0
U0005,C047,2025-11-06,25.4,31.4,Tablet,1.0
U0098,C045,2025-05-22,34.6,33.9,Desktop,3.0
U0326,C019,2026-01-28,53.2,47.1,Desktop,0.0
U0432,C034,2025-05-19,28.9,60.2,Mobile,3.0
U0096,C010,2025-07-15,54.4,51.3,Tablet,2.0
U0184,C041,2025-05-15,118.4,80.0,Desktop,1.0
U0264,C036,2025-09-24,79.1,67.6,Mobile,0.0
U0258,C044,2025-09-12,19.9,32.6,Tablet,5.0
U0365,C026,2025-11-07,67.5,55.3,Desktop,0.0
U0183,C025,2025-12-27,29.4,37.7,Desktop,3.0
U0085,C012,2025-11-06,52.3,48.4,Tablet,2.0
U0121,C003,2026-03-12,33.9,80.7,TV,0.0
U0231,C029,2025-12-01,11.4,20.3,Mobile,4.0
U0341,C017,2025-11-18,33.9,84.7,Mobile,0.0
U0454,C023,2026-01-16,30.3,25.9,Mobile,4.0
U0090,C041,2025-08-02,40.6,27.4,Desktop,0.0
U0340,C038,2026-01-31,28.7,32.6,TV,5.0
U0294,C010,2026-04-16,56.2,53.0,Mobile,3.0
U0170,C045,2026-02-13,57.7,56.6,Mobile,4.0
U0360,C048,2026-04-05,12.0,30.1,Desktop,1.0
U0376,C047,2025-12-19,78.9,97.4,Mobile,2.0
U0164,C031,2026-03-18,40.2,31.2,TV,3.0
U0158,C024,2025-10-16,53.6,70.5,Mobile,4.0
U0185,C015,2025-10-26,65.7,58.7,TV,1.0
U0321,C001,2025-05-18,52.1,57.9,Mobile,2.0
U0361,C031,2026-02-22,51.7,40.1,Desktop,0.0
U0370,C044,2026-01-03,27.6,45.2,TV,2.0
U0039,C043,2025-06-11,40.3,57.6,Tablet,2.0
U0435,C042,2025-07-22,2.5,5.3,Tablet,5.0
U0343,C042,2025-06-08,21.6,45.9,Desktop,1.0
U0293,C025,2026-03-12,27.4,35.1,Mobile,3.0
U0129,C043,2026-03-02,30.0,42.8,Desktop,4.0
U0153,C049,2025-07-11,28.6,77.2,Mobile,5.0
U0322,C019,2025-05-26,101.0,89.4,TV,4.0
U0268,C012,2025-12-08,34.7,32.1,Mobile,4.0
U0233,C021,2026-03-27,6.5,17.1,Desktop,0.0
U0417,C005,2025-07-15,48.1,60.9,TV,5.0
U0257,C005,2025-11-14,76.6,97.0,Tablet,0.0
U0354,C043,2025-09-23,48.6,69.5,Tablet,0.0
U0475,C014,2026-02-17,19.0,47.4,TV,1.0
U0460,C039,2026-03-10,73.3,77.2,Mobile,4.0
U0372,C033,2025-06-13,45.6,31.2,Desktop,3.0
U0019,C011,2025-12-08,103.2,88.2,TV,2.0
U0036,C036,2025-06-27,100.0,85.5,TV,0.0
U0266,C008,2025-08-26,36.6,61.0,Mobile,0.0
U0301,C043,2025-07-07,25.3,36.2,Desktop,3.0
U0230,C039,2025-05-14,65.1,68.5,Desktop,3.0
U0372,C028,2025-05-30,61.3,41.7,Tablet,5.0
U0199,C030,2026-03-11,70.1,84.4,Mobile,1.0
U0119,C035,2025-05-06,37.0,28.9,TV,0.0
U0008,C036,2025-10-25,109.7,93.8,Tablet,0.0
U0180,C005,2026-01-18,13.0,16.5,Desktop,2.0
U0027,C016,2025-11-05,15.0,48.4,Mobile,0.0
U0193,C003,2025-12-17,26.4,62.8,Tablet,2.0
U0398,C047,2025-05-22,47.2,58.3,Desktop,2.0
U0226,C024,2025-05-07,49.8,65.5,Desktop,2.0
U0344,C004,2025-06-20,11.2,41.6,TV,3.0
U0162,C031,2025-09-03,115.8,89.8,Mobile,3.0
U0103,C021,2025-07-27,24.5,64.6,Mobile,2.0
U0026,C014,2025-07-31,32.1,80.2,Desktop,1.0
U0079,C036,2025-05-27,101.0,86.3,Desktop,4.0
U0325,C042,2025-06-15,21.1,45.0,Desktop,5.0
U0318,C041,2025-08-16,80.5,54.4,Mobile,0.0
U0145,C034,2026-04-07,28.8,60.1,Desktop,1.0
U0347,C037,2025-10-23,64.7,77.0,TV,0.0
U0195,C027,2026-04-04,34.4,46.5,Tablet,1.0
U0049,C006,2026-02-03,47.5,67.8,Mobile,5.0
U0436,C035,2025-06-04,69.2,54.1,Tablet,2.0
U0336,C002,2025-07-27,20.5,37.3,Mobile,0.0
U0494,C028,2025-12-09,30.6,20.8,Desktop,3.0
U0018,C002,2025-06-22,39.5,71.8,Desktop,2.0
U0300,C045,2026-03-16,68.6,67.3,Desktop,5.0
U0449,C005,2026-02-18,39.4,49.9,Mobile,2.0
U0170,C006,2025-05-08,48.4,69.1,Mobile,1.0
U0102,C022,2025-04-19,78.0,95.1,Tablet,0.0
U0249,C004,2025-12-06,20.7,76.5,Mobile,4.0
U0454,C007,2025-07-01,93.5,69.8,Mobile,4.0
U0167,C012,2025-07-21,92.0,85.2,TV,4.0
U0136,C013,2025-08-29,116.7,85.2,Desktop,4.0
U0401,C006,2026-02-22,65.9,94.1,Mobile,0.0
U0070,C009,2026-03-17,25.8,28.4,TV,1.0
U0255,C042,2025-11-07,21.8,46.4,Mobile,5.0
U0373,C036,2026-03-21,67.6,57.8,Desktop,0.0
U0149,C041,2026-03-20,110.6,74.7,TV,0.0
U0234,C003,2026-03-28,30.7,73.1,Mobile,0.0
U0102,C048,2025-07-03,9.9,24.7,Tablet,0.0
U0161,C004,2026-04-16,12.6,46.5,Tablet,3.0
U0387,C019,2026-03-14,76.4,67.6,Desktop,0.0
U0126,C018,2025-05-16,82.4,70.4,Desktop,2.0
U0428,C016,2025-12-31,8.6,27.7,Desktop,0.0
U0310,C020,2025-10-26,53.1,48.3,TV,0.0
U0295,C050,2025-10-19,110.5,78.4,TV,4.0
U0195,C018,2026-03-25,81.5,69.7,Mobile,0.0
U0083,C038,2025-10-01,41.1,46.7,Mobile,0.0
U0279,C019,2025-11-13,104.3,92.3,Desktop,5.0
U0020,C004,2026-02-26,19.7,73.0,Desktop,3.0
U0102,C044,2026-03-16,37.0,60.6,Mobile,5.0
U0356,C012,2025-05-13,74.4,68.9,Tablet,0.0
U0223,C046,2026-02-01,15.6,32.4,Desktop,2.0
U0436,C016,2025-09-03,3.3,10.5,Tablet,2.0
U0121,C001,2026-03-03,28.4,31.6,Desktop,1.0
U0071,C030,2026-03-07,37.5,45.2,Mobile,0.0
U0486,C038,2025-07-10,80.7,91.7,TV,5.0
U0202,C040,2025-05-17,82.4,60.6,Tablet,4.0
U0288,C020,2026-03-03,59.1,53.7,Tablet,0.0
U0264,C038,2025-09-04,59.0,67.0,Mobile,5.0
U0275,C045,2025-12-10,71.3,69.9,Mobile,0.0
U0338,C035,2026-01-20,103.8,81.1,TV,4.0
U0048,C024,2025-08-01,50.2,66.1,Mobile,0.0
U0446,C009,2025-07-02,5.1,5.6,TV,0.0
U0405,C015,2025-09-20,90.0,80.4,Mobile,2.0
U0295,C035,2025-05-26,83.1,64.9,Tablet,0.0
U0351,C046,2025-07-28,17.5,36.5,Tablet,1.0
U0187,C027,2026-03-16,15.7,21.2,Desktop,1.0
U0338,C023,2025-09-12,109.0,93.2,TV,2.0
U0476,C039,2025-12-20,77.0,81.0,TV,2.0
U0051,C029,2025-05-26,46.3,82.7,TV,1.0
U0256,C047,2025-10-08,43.3,53.5,Mobile,4.0
U0081,C025,2026-04-11,13.2,16.9,Mobile,4.0
U0500,C029,2025-07-29,50.2,89.7,Desktop,0.0
U0485,C023,2026-02-10,73.5,62.8,Mobile,0.0
U0397,C035,2025-06-25,111.9,87.4,TV,2.0
U0352,C022,2025-11-01,55.9,68.2,Desktop,0.0
U0307,C027,2025-12-16,65.5,88.5,TV,5.0
U0074,C045,2026-04-14,27.8,27.3,Desktop,5.0
U0458,C043,2025-08-01,46.4,66.3,TV,3.0
U0149,C044,2025-10-15,26.8,44.0,TV,3.0
U0371,C029,2025-06-03,48.8,87.1,Mobile,3.0
U0375,C029,2025-06-20,13.8,24.7,Tablet,1.0
U0487,C029,2025-07-19,9.6,17.1,Desktop,5.0
U0198,C048,2026-02-07,36.0,90.1,Desktop,2.0
U0158,C004,2025-05-25,24.7,91.6,Desktop,4.0
U0276,C010,2025-08-02,52.9,49.9,Tablet,0.0
U0380,C018,2025-05-04,24.2,20.7,Desktop,0.0
U0347,C005,2025-05-12,48.5,61.4,TV,3.0
U0076,C022,2026-01-01,71.4,87.1,Desktop,1.0
U0032,C004,2025-07-24,21.5,79.6,Mobile,1.0
U0304,C020,2025-06-29,55.0,50.0,Desktop,1.0
U0297,C019,2026-04-01,15.6,13.8,Desktop,2.0
U0032,C027,2026-01-18,5.1,6.9,TV,0.0
U0119,C026,2026-01-17,66.0,54.1,TV,0.0
U0236,C042,2026-02-09,19.6,41.8,Mobile,1.0
U0084,C019,2025-05-12,82.9,73.4,Mobile,2.0
U0088,C003,2025-09-11,16.4,39.1,TV,0.0
U0047,C023,2025-12-27,20.0,17.1,Tablet,0.0
U0242,C034,2025-10-27,39.9,83.1,Tablet,4.0
U0433,C006,2025-07-27,31.9,45.5,TV,4.0
U0198,C041,2026-01-07,117.2,79.2,Tablet,0.0
U0393,C048,2025-10-17,20.4,51.0,Tablet,5.0
U0159,C039,2026-03-22,73.5,77.4,Tablet,0.0
U0415,C049,2025-12-23,12.0,32.3,Mobile,0.0
U0125,C008,2025-10-17,17.9,29.9,TV,1.0
U0246,C034,2025-05-05,34.2,71.2,Tablet,3.0
U0366,C006,2025-07-08,22.8,32.5,Mobile,3.0
U0172,C046,2025-10-05,1.9,4.0,Tablet,1.0
U0145,C001,2026-01-03,43.0,47.8,Tablet,2.0
U0432,C046,2026-02-08,46.9,97.7,Desktop,2.0
U0012,C003,2026-03-21,22.7,54.0,Tablet,1.0
U0020,C036,2025-08-26,100.4,85.8,TV,1.0
U0493,C005,2025-05-30,43.1,54.5,Desktop,5.0
U0339,C023,2025-09-07,59.3,50.7,Mobile,5.0
U0197,C049,2025-10-30,8.1,21.9,TV,5.0
U0390,C014,2025-07-05,36.7,91.7,Mobile,0.0
U0162,C039,2025-08-17,70.0,73.7,Tablet,0.0
U0131,C001,2026-02-24,59.8,66.4,Tablet,3.0
U0031,C031,2025-12-01,21.5,16.7,Mobile,4.0
U0196,C036,2025-06-06,55.5,47.4,Tablet,3.0
U0099,C040,2025-09-19,62.3,45.8,TV,2.0
U0309,C001,2026-03-19,79.7,88.6,Mobile,0.0
U0459,C015,2025-10-17,47.9,42.8,TV,0.0
U0235,C021,2025-11-04,29.0,76.4,TV,3.0
U0068,C049,2025-09-28,9.2,25.0,Tablet,1.0
U0444,C050,2026-03-21,114.5,81.2,Tablet,3.0
U0468,C033,2025-07-01,141.6,97.0,Desktop,3.0
U0255,C009,2025-05-19,55.5,61.0,Tablet,1.0
U0225,C020,2025-05-14,40.7,37.0,Tablet,2.0
U0438,C041,2026-03-03,14.7,9.9,Tablet,1.0
U0005,C001,2025-08-03,22.1,24.6,Mobile,1.0
U0105,C036,2026-01-30,46.9,40.1,Desktop,1.0
U0344,C013,2025-09-04,47.3,34.5,Desktop,1.0
U0169,C026,2025-10-18,6.5,5.3,Tablet,3.0
U0155,C014,2025-05-05,33.2,83.1,Desktop,0.0
U0399,C023,2025-07-11,74.8,63.9,Desktop,4.0
U0418,C024,2025-07-11,29.6,38.9,Desktop,5.0
U0352,C028,2025-04-23,61.3,41.7,Mobile,1.0
U0380,C044,2026-03-19,35.7,58.6,Mobile,4.0
U0382,C033,2026-04-14,127.0,87.0,TV,5.0
U0186,C032,2025-08-15,60.6,79.7,TV,4.0
U0039,C011,2025-06-21,78.4,67.0,Desktop,0.0
U0499,C004,2026-03-17,13.4,49.7,Mobile,4.0
U0022,C003,2026-01-19,26.2,62.5,Desktop,4.0
U0419,C041,2025-10-22,137.6,93.0,TV,5.0
U0438,C006,2025-09-14,63.6,90.9,Mobile,0.0
U0451,C022,2026-03-31,49.0,59.7,TV,2.0
U0107,C039,2026-04-16,83.5,87.9,Tablet,0.0
U0279,C023,2025-05-15,43.1,36.8,TV,5.0
U0435,C038,2025-12-02,44.6,50.7,Desktop,5.0
U0396,C021,2025-10-05,18.5,48.8,TV,2.0
U0309,C008,2025-09-08,35.8,59.6,Desktop,2.0
U0100,C025,2025-07-24,59.1,75.8,Desktop,2.0
U0470,C031,2025-08-16,118.7,92.0,TV,3.0
U0254,C035,2026-01-11,72.8,56.9,Desktop,1.0
U0413,C021,2025-12-01,21.7,57.0,Desktop,0.0
U0092,C011,2026-02-22,69.7,59.6,TV,0.0
U0439,C024,2025-12-15,39.6,52.1,Mobile,5.0
U0498,C007,2025-08-05,34.4,25.7,TV,4.0
U0032,C046,2026-03-09,25.2,52.4,Tablet,1.0
U0259,C021,2026-01-21,2.5,6.7,Mobile,5.0
U0376,C019,2025-10-05,66.8,59.1,TV,0.0
U0351,C021,2025-08-24,26.5,69.7,Tablet,3.0
U0161,C002,2025-05-05,19.2,35.0,Mobile,2.0
U0352,C019,2026-02-04,109.4,96.8,Desktop,0.0
U0434,C037,2025-08-23,61.9,73.7,Tablet,4.0
U0386,C041,2025-08-26,9.5,6.4,Tablet,1.0
U0066,C031,2026-01-20,24.5,19.0,Desktop,0.0
U0375,C007,2025-11-15,37.8,28.2,Desktop,5.0
U0044,C033,2025-09-20,81.9,56.1,Mobile,2.0
U0312,C027,2026-01-09,16.9,22.8,Tablet,3.0
U0166,C015,2025-11-06,49.7,44.4,Mobile,5.0
U0289,C007,2025-10-30,107.7,80.4,Mobile,2.0
U0069,C004,2025-07-29,23.2,85.9,TV,3.0
U0481,C041,2026-01-20,86.6,58.5,Desktop,5.0
U0487,C002,2025-07-25,34.9,63.4,TV,1.0
U0405,C011,2025-06-17,64.6,55.2,Tablet,1.0
U0444,C010,2025-06-17,97.9,92.4,Mobile,0.0
U0282,C010,2026-03-17,58.4,55.1,Mobile,4.0
U0066,C024,2026-03-29,65.8,86.6,Tablet,5.0
U0089,C039,2026-03-09,31.6,33.3,Tablet,5.0
U0252,C002,2025-10-13,36.8,66.9,TV,1.0
U0170,C009,2026-03-09,46.8,51.4,TV,5.0
U0249,C023,2026-04-11,99.5,85.0,Mobile,1.0
U0166,C017,2026-02-17,18.7,46.7,Desktop,3.0
U0076,C020,2025-11-15,21.7,19.7,Tablet,0.0
U0476,C043,2025-12-01,7.1,10.2,Mobile,2.0
U0138,C040,2025-04-27,55.6,40.9,Mobile,1.0
U0190,C028,2025-11-08,111.9,76.1,TV,1.0
U0497,C050,2025-06-07,73.5,52.1,TV,2.0
U0271,C033,2026-02-14,55.8,38.2,Tablet,2.0
U0484,C024,2025-08-19,67.0,88.2,Mobile,2.0
U0381,C019,2025-07-03,61.7,54.6,Mobile,0.0
U0155,C021,2026-02-16,21.2,55.9,Mobile,5.0
U0148,C009,2025-10-17,78.7,86.5,Desktop,3.0
U0150,C013,2026-04-08,8.6,6.3,Tablet,0.0
U0311,C002,2025-10-10,17.1,31.0,Desktop,0.0
U0473,C015,2025-09-26,96.1,85.8,Tablet,0.0
U0375,C049,2025-07-27,20.9,56.6,Tablet,2.0
U0442,C027,2025-09-27,49.9,67.4,Desktop,2.0
U0120,C002,2025-09-27,48.9,88.9,Desktop,3.0
U0225,C038,2026-02-17,68.5,77.8,TV,0.0
U0375,C023,2025-10-13,62.9,53.8,Tablet,3.0
U0267,C015,2025-06-08,54.2,48.4,Mobile,0.0
U0260,C041,2025-10-11,3.8,2.6,Mobile,2.0
U0241,C045,2025-06-18,9.3,9.1,Tablet,2.0
U0331,C008,2025-05-04,32.9,54.9,Tablet,5.0
U0204,C028,2026-02-01,48.5,33.0,TV,4.0
U0133,C020,2025-04-22,40.9,37.2,Tablet,1.0
U0496,C039,2025-06-13,53.6,56.4,Mobile,3.0
U0494,C001,2026-02-05,60.0,66.7,TV,4.0
U0141,C021,2025-06-03,29.9,78.7,Tablet,0.0
U0358,C047,2025-09-01,22.9,28.3,TV,1.0
U0222,C017,2025-05-24,33.9,84.7,Mobile,0.0
U0271,C012,2025-09-07,82.1,76.0,Tablet,5.0
U0115,C013,2025-04-25,88.8,64.8,Mobile,4.0
U0414,C012,2026-01-26,98.9,91.6,Desktop,1.0
U0358,C006,2025-08-06,9.5,13.6,TV,0.0
U0081,C016,2025-12-24,15.9,51.3,Desktop,0.0
U0320,C031,2025-06-26,82.2,63.7,Tablet,5.0
U0061,C047,2025-08-21,46.1,56.9,Desktop,4.0
U0397,C029,2026-04-13,41.9,74.8,Tablet,4.0
U0284,C050,2025-08-23,71.6,50.8,TV,4.0
U0442,C049,2025-08-12,16.4,44.3,Tablet,4.0
U0476,C043,2025-07-27,46.6,66.6,TV,0.0
U0337,C040,2025-06-21,50.2,36.9,Tablet,0.0
U0022,C009,2026-04-07,38.2,42.0,Tablet,0.0
U0244,C020,2025-06-12,93.5,85.0,Mobile,0.0
U0024,C032,2026-01-09,35.6,46.9,Desktop,0.0
U0217,C009,2025-05-15,50.9,55.9,Tablet,2.0
U0251,C048,2026-01-26,35.8,89.4,TV,5.0
U0282,C044,2025-05-26,45.1,74.0,TV,1.0
U0341,C009,2025-10-14,55.7,61.2,Tablet,1.0
U0437,C023,2026-04-02,61.7,52.7,TV,0.0
U0253,C027,2026-04-06,61.5,83.1,TV,5.0
U0139,C006,2025-12-26,64.3,91.8,Mobile,3.0
U0212,C034,2026-02-09,27.5,57.3,TV,2.0
U0383,C045,2025-06-06,93.5,91.7,Tablet,3.0
U0429,C048,2026-02-27,23.5,58.7,Tablet,0.0
U0467,C002,2025-07-04,26.8,48.8,Desktop,1.0
U0274,C026,2025-12-07,89.3,73.2,TV,4.0
U0257,C030,2025-12-12,44.2,53.2,Tablet,0.0
U0411,C011,2026-01-23,29.5,25.2,Desktop,0.0
U0013,C027,2026-01-31,13.2,17.8,Tablet,3.0
U0313,C023,2026-02-12,92.8,79.3,Mobile,0.0
U0443,C046,2026-03-09,22.5,46.9,TV,4.0
U0192,C039,2025-05-21,70.4,74.1,TV,2.0
U0032,C029,2025-10-19,29.0,51.8,Mobile,1.0
U0168,C021,2026-01-12,17.4,45.7,Mobile,5.0
U0344,C020,2025-12-16,38.7,35.2,Mobile,1.0
U0095,C018,2025-10-08,83.2,71.1,Desktop,0.0
U0126,C022,2025-06-09,49.6,60.5,TV,0.0
U0260,C018,2026-02-25,112.3,96.0,TV,4.0
U0232,C030,2025-09-28,11.4,13.7,Mobile,1.0
U0001,C002,2025-06-27,52.6,95.7,Mobile,2.0
U0121,C028,2025-07-17,39.8,27.1,TV,0.0
U0139,C024,2025-05-12,37.2,49.0,Mobile,4.0
U0498,C006,2025-05-01,19.0,27.2,TV,1.0
U0323,C036,2026-03-17,76.0,65.0,TV,3.0
U0455,C020,2025-05-29,40.1,36.5,Desktop,2.0
U0216,C038,2025-07-14,40.9,46.5,TV,0.0
U0465,C013,2025-05-03,66.0,48.2,Desktop,3.0
U0393,C048,2025-12-12,19.8,49.4,Mobile,1.0
U0328,C014,2025-09-30,18.8,47.0,Mobile,1.0
U0160,C046,2025-06-26,43.0,89.6,Tablet,2.0
U0064,C012,2025-05-09,24.2,22.4,Desktop,5.0
U0378,C002,2025-07-17,19.4,35.2,TV,0.0
U0325,C031,2026-01-19,105.1,81.5,TV,5.0
U0388,C039,2025-05-05,73.3,77.2,Desktop,1.0
U0273,C033,2026-03-30,82.9,56.8,Desktop,0.0
U0488,C001,2025-04-20,71.8,79.8,Mobile,4.0
U0373,C032,2025-09-01,32.8,43.1,Desktop,0.0
U0154,C043,2025-11-12,19.1,27.3,Desktop,4.0
U0446,C031,2026-02-11,39.2,30.4,Tablet,3.0
U0192,C031,2025-12-26,111.2,86.2,Mobile,0.0
U0319,C017,2025-12-07,28.1,70.2,Tablet,2.0
U0479,C006,2025-05-20,34.9,49.8,Mobile,2.0
U0078,C050,2026-02-12,125.8,89.2,TV,3.0
U0061,C023,2026-01-15,72.4,61.9,Mobile,4.0
U0269,C001,2025-11-11,73.1,81.2,Mobile,3.0
U0322,C039,2025-11-23,58.1,61.2,Mobile,4.0
U0249,C036,2026-01-02,103.4,88.4,Desktop,0.0
U0459,C033,2025-08-15,107.2,73.4,Tablet,1.0
U0231,C038,2026-02-26,72.7,82.6,Mobile,0.0
U0084,C017,2025-06-21,1.1,2.7,TV,3.0
U0353,C041,2025-07-26,110.7,74.8,Tablet,1.0
U0005,C045,2025-05-02,68.2,66.9,Tablet,3.0
U0052,C019,2025-05-26,24.4,21.6,Desktop,2.0
U0459,C004,2025-08-28,5.2,19.1,TV,0.0
U0096,C029,2026-04-07,38.2,68.2,Tablet,0.0
U0307,C038,2025-12-03,35.8,40.7,TV,3.0
U0498,C006,2025-10-13,23.7,33.8,TV,5.0
U0461,C010,2025-07-03,99.9,94.2,Desktop,1.0
U0452,C032,2026-01-12,35.6,46.8,Tablet,0.0
U0283,C023,2026-04-19,59.6,50.9,TV,4.0
U0414,C048,2025-05-03,21.9,54.8,Mobile,3.0
U0254,C033,2025-09-01,98.4,67.4,Tablet,3.0
U0333,C015,2025-06-09,75.9,67.8,TV,4.0
U0384,C039,2025-10-22,59.4,62.5,Mobile,0.0
U0458,C021,2025-07-22,12.0,31.7,Mobile,5.0
U0420,C017,2025-05-27,3.8,9.4,Desktop,0.0
U0038,C014,2026-03-18,21.3,53.2,TV,4.0
U0345,C045,2026-01-27,67.4,66.1,Mobile,0.0
U0466,C018,2026-03-12,14.0,12.0,TV,5.0
U0360,C007,2026-01-23,3.1,2.3,Mobile,0.0
U0315,C045,2026-03-25,63.4,62.2,Mobile,2.0
U0314,C003,2026-01-03,18.1,43.1,TV,4.0
U0263,C010,2025-06-21,31.8,30.0,TV,1.0
U0033,C034,2025-08-13,34.3,71.5,Mobile,1.0
U0421,C002,2025-11-21,34.9,63.4,TV,2.0
U0270,C006,2025-12-29,30.0,42.9,Desktop,3.0
U0114,C007,2025-04-29,98.0,73.1,Desktop,5.0
U0081,C014,2026-04-04,22.6,56.4,Tablet,5.0
U0493,C011,2025-09-23,66.9,57.2,Mobile,3.0
U0391,C048,2026-03-20,21.4,53.5,Tablet,4.0
U0459,C029,2025-12-15,55.6,99.3,Desktop,4.0
U0130,C001,2026-02-19,23.7,26.3,Tablet,4.0
U0474,C030,2025-09-14,44.2,53.2,Tablet,4.0
U0161,C049,2025-06-23,17.5,47.3,Tablet,1.0
U0133,C007,2026-03-29,119.5,89.2,TV,3.0
U0001,C014,2026-01-25,19.7,49.3,TV,0.0
U0198,C018,2025-12-22,35.2,30.1,Mobile,2.0
U0219,C037,2025-10-23,23.6,28.1,TV,0.0
U0473,C026,2025-06-29,66.5,54.5,Mobile,2.0
U0340,C037,2025-11-21,67.0,79.8,Desktop,5.0
U0143,C037,2025-07-14,59.1,70.4,Mobile,2.0
U0159,C042,2025-04-27,30.5,64.9,Mobile,0.0
U0365,C032,2025-11-23,33.4,43.9,Desktop,4.0
U0222,C017,2026-03-26,13.4,33.4,Mobile,5.0
U0207,C038,2026-01-27,38.8,44.1,Tablet,3.0
U0250,C038,2025-12-11,62.5,71.0,TV,3.0
U0222,C013,2026-03-19,74.1,54.1,Desktop,5.0
U0494,C044,2025-08-13,29.4,48.2,TV,3.0
U0062,C002,2025-04-24,14.4,26.1,Mobile,0.0
U0134,C024,2025-05-29,39.2,51.6,Mobile,4.0
U0030,C010,2026-01-08,93.2,87.9,Tablet,5.0
U0330,C049,2025-08-04,3.5,9.4,Mobile,2.0
U0270,C047,2025-08-29,52.5,64.8,Mobile,5.0
U0189,C047,2025-05-18,74.0,91.3,Desktop,0.0
U0360,C009,2025-08-29,49.8,54.7,Desktop,2.0
U0320,C047,2025-07-17,66.2,81.7,Desktop,4.0
U0318,C042,2025-08-06,32.4,69.0,Tablet,0.0
U0225,C033,2026-01-23,113.6,77.8,Desktop,4.0
U0382,C038,2025-12-13,68.4,77.7,TV,2.0
U0242,C015,2025-12-03,26.4,23.6,Mobile,0.0
U0383,C029,2025-08-22,46.8,83.5,Desktop,0.0
U0224,C038,2025-07-26,40.3,45.8,TV,0.0
U0276,C034,2025-10-06,18.0,37.5,Tablet,5.0
U0346,C049,2025-06-09,31.9,86.2,TV,3.0
U0287,C009,2025-08-04,30.5,33.5,Desktop,3.0
U0210,C006,2025-08-24,39.7,56.7,Mobile,4.0
U0408,C015,2025-11-04,56.1,50.1,TV,5.0
U0212,C002,2026-03-15,1.2,2.1,Desktop,0.0
U0311,C012,2025-10-25,81.2,75.2,Tablet,2.0
U0411,C004,2025-06-09,22.9,84.8,Desktop,4.0
U0415,C001,2026-03-23,44.8,49.8,Desktop,4.0
U0253,C047,2026-03-27,67.9,83.8,Desktop,2.0
U0244,C046,2025-12-31,34.5,71.9,Desktop,3.0
U0085,C017,2025-08-15,14.6,36.4,TV,0.0
U0293,C028,2025-08-21,139.5,94.9,Tablet,4.0
U0028,C030,2025-12-23,74.8,90.1,Mobile,1.0
U0323,C002,2025-06-02,42.9,78.0,TV,0.0
U0354,C022,2026-02-21,57.6,70.3,TV,4.0
U0481,C013,2026-02-07,110.8,80.9,TV,0.0
U0334,C018,2025-11-06,58.6,50.1,Desktop,4.0
U0373,C044,2025-09-20,25.5,41.8,Tablet,0.0
U0488,C041,2025-09-09,36.4,24.6,Desktop,1.0
U0207,C046,2026-03-23,37.7,78.5,Tablet,0.0
U0394,C034,2025-12-20,40.0,83.4,Desktop,5.0
U0028,C003,2026-01-28,26.4,62.8,Desktop,4.0
U0148,C040,2025-05-25,52.6,38.7,Mobile,3.0
U0457,C013,2025-10-11,22.3,16.3,Mobile,2.0
U0332,C035,2025-08-09,37.4,29.2,Mobile,0.0
U0223,C040,2026-01-08,98.2,72.2,Desktop,3.0
U0206,C015,2025-08-04,80.6,72.0,TV,5.0
U0031,C019,2025-05-03,81.6,72.2,Tablet,0.0
U0103,C032,2025-08-25,57.7,75.9,Mobile,1.0
U0239,C002,2026-01-23,47.9,87.1,Tablet,5.0
U0207,C047,2025-10-01,41.0,50.6,TV,0.0
U0008,C045,2025-12-31,91.0,89.2,Mobile,1.0
U0125,C043,2025-12-16,54.5,77.9,Mobile,4.0
U0491,C042,2025-10-21,20.9,44.5,Desktop,0.0
U0387,C027,2025-12-02,68.2,92.1,Mobile,4.0
U0400,C034,2025-08-20,9.1,18.9,Desktop,1.0
U0455,C006,2025-05-03,28.8,41.2,Tablet,1.0
U0158,C002,2026-03-04,30.7,55.9,Tablet,2.0
U0439,C002,2025-08-06,39.5,71.9,Tablet,5.0
U0168,C033,2025-06-01,103.8,71.1,Mobile,0.0
U0315,C038,2025-11-13,66.6,75.7,Mobile,1.0
U0261,C016,2025-11-11,19.6,63.1,Mobile,2.0
U0243,C015,2025-10-31,74.6,66.6,TV,3.0
U0343,C045,2025-10-05,32.2,31.6,Desktop,0.0
U0331,C018,2026-03-15,60.1,51.4,Tablet,3.0
U0385,C034,2026-02-24,41.2,85.8,Mobile,0.0
U0166,C018,2026-03-01,63.2,54.0,Tablet,2.0
U0129,C049,2025-10-27,13.2,35.7,Tablet,5.0
U0281,C045,2026-04-19,35.5,34.8,Mobile,0.0
U0246,C050,2026-02-14,134.1,95.1,Tablet,0.0
U0203,C015,2025-08-07,69.4,62.0,TV,1.0
U0158,C023,2026-04-12,74.5,63.7,TV,0.0
U0472,C015,2025-07-02,103.8,92.7,Mobile,3.0
U0157,C008,2025-07-25,40.0,66.7,Mobile,1.0
U0365,C003,2025-08-20,17.5,41.7,Desktop,4.0
U0278,C007,2026-01-18,69.9,52.2,Mobile,4.0
U0383,C034,2025-08-22,16.7,34.8,TV,1.0
U0052,C038,2025-09-25,69.0,78.4,TV,1.0
U0214,C024,2026-01-12,32.5,42.7,TV,1.0
U0302,C032,2025-07-27,18.1,23.8,Desktop,2.0
U0266,C020,2025-08-23,76.6,69.6,Mobile,3.0
U0091,C004,2025-10-26,10.1,37.4,TV,1.0
U0427,C024,2025-07-05,27.3,35.9,Mobile,4.0
U0351,C039,2026-02-03,42.5,44.7,Mobile,2.0
U0085,C023,2025-07-10,76.4,65.3,Mobile,3.0
U0244,C041,2025-06-28,64.4,43.5,Tablet,1.0
U0311,C050,2025-08-24,45.5,32.3,Mobile,0.0
U0040,C050,2025-08-26,56.7,40.2,TV,1.0
U0326,C041,2025-08-27,57.1,38.6,Desktop,0.0
U0451,C027,2025-09-03,52.1,70.4,TV,0.0
U0193,C037,2026-04-12,45.4,54.1,TV,1.0
U0363,C002,2025-11-17,39.7,72.1,Tablet,0.0
U0166,C024,2025-11-15,45.8,60.3,Desktop,0.0
U0246,C047,2025-10-11,46.2,57.0,Tablet,5.0
U0445,C034,2025-09-05,19.2,40.0,Mobile,3.0
U0161,C019,2026-01-24,67.6,59.8,Mobile,2.0
U0270,C028,2025-09-14,80.4,54.7,Mobile,4.0
U0477,C022,2025-09-24,66.6,81.2,Mobile,1.0
U0146,C014,2026-01-27,22.0,55.0,Mobile,5.0
U0474,C047,2025-09-08,58.5,72.2,TV,5.0
U0489,C024,2025-11-22,68.1,89.6,Desktop,2.0
U0142,C049,2025-12-08,30.1,81.4,TV,0.0
U0405,C034,2026-02-26,10.0,20.9,Desktop,2.0
U0499,C020,2025-12-29,36.0,32.7,Tablet,1.0
U0176,C044,2025-07-07,28.1,46.0,TV,0.0
U0388,C002,2025-05-19,35.9,65.3,Desktop,4.0
U0475,C002,2025-11-03,50.9,92.5,Tablet,1.0
U0408,C021,2025-07-12,35.9,94.4,Mobile,1.0
U0239,C050,2025-11-07,19.6,13.9,TV,2.0
U0235,C010,2025-12-30,82.4,77.7,Mobile,2.0
U0036,C049,2025-04-23,17.0,46.0,TV,0.0
U0134,C028,2025-07-24,64.5,43.9,TV,3.0
U0356,C047,2026-02-19,65.0,80.3,Tablet,2.0
U0092,C001,2026-04-10,65.2,72.4,TV,5.0
U0262,C025,2025-12-10,28.2,36.2,Tablet,5.0
U0062,C031,2025-08-11,58.4,45.3,TV,0.0
U0064,C035,2025-10-20,80.8,63.1,Mobile,0.0
U0342,C007,2025-12-26,62.4,46.6,TV,3.0
U0388,C036,2026-02-16,80.4,68.7,Mobile,3.0
U0480,C030,2025-06-09,30.0,36.2,TV,0.0
U0347,C024,2025-10-28,38.3,50.4,Mobile,0.0
U0129,C017,2025-12-25,14.3,35.7,Tablet,1.0
U0093,C010,2025-06-16,101.7,95.9,Desktop,0.0
U0141,C021,2025-06-22,28.8,75.7,Mobile,0.0
U0433,C038,2025-06-21,36.3,41.3,TV,2.0
U0052,C005,2026-01-02,54.0,68.4,TV,2.0
U0071,C038,2025-05-10,63.5,72.2,Desktop,0.0
U0474,C035,2025-08-18,97.9,76.5,Mobile,1.0
U0264,C034,2026-01-27,36.5,76.1,Tablet,3.0
U0201,C024,2025-12-14,50.4,66.3,TV,5.0
U0043,C020,2025-08-27,101.2,92.0,Desktop,0.0
U0364,C002,2025-08-22,15.8,28.8,Desktop,2.0
U0052,C033,2026-02-14,59.6,40.8,Desktop,5.0
U0079,C040,2026-01-02,34.0,25.0,Tablet,3.0
U0445,C024,2026-03-04,38.4,50.5,Mobile,4.0
U0316,C012,2025-08-08,89.1,82.5,Tablet,2.0
U0428,C038,2025-11-25,67.1,76.3,Tablet,5.0
U0269,C028,2026-01-19,24.0,16.3,Mobile,1.0
U0334,C042,2025-09-11,3.8,8.0,Mobile,4.0
U0256,C035,2025-08-06,102.0,79.7,Desktop,1.0
U0492,C043,2025-11-01,57.7,82.4,Tablet,1.0
U0345,C027,2025-10-03,67.6,91.4,Mobile,4.0
U0230,C017,2026-01-11,20.1,50.2,Desktop,4.0
U0279,C048,2025-05-23,13.7,34.2,Tablet,3.0
U0402,C017,2026-02-21,36.4,91.0,TV,2.0
U0168,C008,2025-10-31,24.8,41.4,Desktop,1.0
U0092,C035,2025-08-31,85.5,66.8,Desktop,2.0
U0314,C006,2025-05-20,64.7,92.4,TV,2.0
U0309,C006,2025-06-09,10.0,14.3,Mobile,0.0
U0125,C013,2026-04-17,49.7,36.3,Desktop,0.0
U0048,C028,2025-10-09,121.1,82.4,Tablet,5.0
U0387,C037,2026-02-28,65.5,78.0,TV,0.0
U0424,C029,2025-06-24,51.7,92.3,Tablet,4.0
U0280,C009,2025-11-28,18.8,20.7,Desktop,3.0
U0253,C007,2026-03-03,68.9,51.4,Desktop,1.0
U0026,C035,2025-10-19,42.1,32.9,Mobile,0.0
U0049,C045,2025-11-13,82.6,81.0,Desktop,3.0
U0049,C017,2025-10-13,20.2,50.5,TV,1.0
U0468,C016,2025-10-22,15.9,51.3,TV,0.0
U0073,C045,2026-01-03,86.0,84.3,Mobile,5.0
U0013,C022,2025-08-16,39.4,48.1,Mobile,4.0
U0277,C045,2026-01-05,77.8,76.3,Mobile,4.0
U0483,C003,2025-09-03,37.5,89.2,Desktop,1.0
U0322,C014,2025-11-13,24.1,60.2,Mobile,3.0
U0155,C027,2025-11-18,28.4,38.4,Tablet,3.0
U0391,C003,2025-12-07,28.2,67.2,Desktop,5.0
U0446,C001,2025-12-16,10.3,11.5,Desktop,2.0
U0411,C010,2025-11-04,50.5,47.6,Mobile,1.0
U0225,C038,2026-02-16,61.7,70.1,Tablet,3.0
U0366,C033,2026-01-17,60.7,41.6,TV,2.0
U0192,C023,2025-12-30,108.9,93.1,Desktop,4.0
U0356,C021,2025-12-04,24.2,63.8,Desktop,1.0
U0055,C041,2025-11-20,140.3,94.8,Mobile,5.0
U0190,C005,2025-06-17,17.5,22.1,Mobile,2.0
U0209,C024,2025-12-19,60.9,80.1,Mobile,4.0
U0139,C004,2026-03-31,6.0,22.3,Tablet,0.0
U0207,C035,2025-05-09,81.2,63.4,Tablet,4.0
U0009,C031,2026-02-21,69.4,53.8,TV,4.0
U0311,C042,2025-07-27,31.9,67.8,Tablet,3.0
U0148,C006,2025-10-14,45.1,64.4,Mobile,1.0
U0065,C040,2025-12-09,73.4,54.0,TV,1.0
U0057,C041,2025-07-14,99.9,67.5,Desktop,0.0
U0142,C020,2026-03-05,18.6,16.9,Mobile,3.0
U0482,C041,2025-11-19,28.1,19.0,TV,0.0
U0492,C035,2025-05-25,108.9,85.1,Mobile,2.0
U0074,C027,2025-11-25,58.0,78.4,Mobile,1.0
U0219,C043,2026-03-12,32.8,46.8,Desktop,0.0
U0450,C042,2025-08-22,17.1,36.3,Tablet,0.0
U0498,C041,2025-12-28,76.8,51.9,Tablet,4.0
U0202,C006,2025-07-06,51.3,73.3,Mobile,0.0
U0067,C042,2026-02-21,12.7,27.0,Desktop,5.0
U0215,C022,2026-03-10,79.8,97.3,Desktop,1.0
U0269,C018,2025-09-06,79.1,67.6,Tablet,2.0
U0150,C034,2025-05-08,33.0,68.7,Mobile,0.0
U0426,C045,2025-12-20,61.6,60.4,Tablet,0.0
U0438,C029,2026-02-26,28.1,50.1,Tablet,5.0
U0237,C038,2025-10-31,44.4,50.4,Tablet,5.0
U0424,C001,2025-12-16,44.4,49.3,Tablet,2.0
U0076,C034,2026-01-17,34.4,71.6,Tablet,3.0
U0374,C026,2025-04-29,98.5,80.7,Desktop,1.0
U0412,C037,2026-03-23,37.3,44.4,Mobile,3.0
U0184,C019,2026-03-27,89.6,79.3,Tablet,5.0
U0090,C035,2025-12-10,85.5,66.8,Mobile,1.0
U0221,C024,2025-10-22,69.8,91.8,Mobile,3.0
U0474,C039,2025-11-08,18.9,19.9,Desktop,0.0
U0168,C043,2025-07-01,26.0,37.2,Desktop,5.0
U0119,C043,2025-08-31,40.2,57.4,Tablet,1.0
U0089,C024,2025-11-24,36.3,47.7,Tablet,4.0
U0469,C031,2025-11-25,39.0,30.2,Desktop,1.0
U0439,C044,2026-03-23,16.0,26.3,Desktop,4.0
U0400,C037,2025-07-22,48.9,58.2,TV,5.0
U0456,C003,2025-10-06,13.1,31.3,Desktop,0.0
U0495,C032,2025-09-04,58.3,76.7,TV,4.0
U0220,C021,2025-06-07,19.9,52.5,TV,5.0
U0016,C041,2026-01-27,67.9,45.9,Desktop,5.0
U0338,C013,2025-06-14,104.0,75.9,Mobile,2.0
U0355,C003,2025-05-15,31.4,74.8,Tablet,1.0
U0427,C042,2025-12-22,13.4,28.6,Mobile,1.0
U0017,C042,2025-05-26,37.7,80.2,Mobile,3.0
U0309,C001,2025-07-04,63.8,70.9,Mobile,3.0
U0028,C020,2026-03-29,44.2,40.2,Tablet,0.0
U0361,C018,2025-05-22,105.9,90.5,Mobile,4.0
U0246,C038,2025-12-23,50.6,57.5,Desktop,0.0
U0008,C011,2025-06-29,18.3,15.6,Desktop,0.0
U0242,C027,2025-10-19,68.2,92.2,Mobile,4.0
U0261,C013,2025-06-29,122.3,89.3,Tablet,1.0
U0160,C006,2026-03-20,48.8,69.7,TV,4.0
U0289,C033,2025-12-16,32.3,22.1,TV,2.0
U0331,C006,2026-02-05,33.4,47.7,Mobile,2.0
U0347,C021,2025-06-02,14.2,37.5,Mobile,5.0
U0133,C043,2025-12-20,14.5,20.7,TV,1.0
U0448,C030,2025-11-08,9.5,11.4,Mobile,0.0
U0327,C011,2025-10-13,59.4,50.8,Mobile,0.0
U0216,C002,2026-03-09,11.7,21.2,TV,5.0
U0294,C020,2026-04-11,103.0,93.6,Mobile,5.0
U0363,C025,2025-10-28,33.2,42.6,TV,1.0
U0002,C036,2025-05-27,98.5,84.2,Desktop,5.0
U0060,C042,2026-02-24,11.4,24.3,Tablet,0.0
U0006,C033,2026-02-07,61.0,41.8,TV,0.0
U0278,C033,2025-12-03,45.4,31.1,TV,5.0
U0301,C006,2025-06-03,23.2,33.1,Desktop,1.0
U0151,C017,2025-11-27,39.0,97.4,TV,1.0
U0186,C013,2025-09-15,113.2,82.6,TV,0.0
U0290,C008,2025-07-16,14.9,24.9,Desktop,2.0
U0255,C034,2025-12-08,20.6,42.9,Tablet,2.0
U0269,C003,2026-04-06,37.2,88.6,Mobile,4.0
U0119,C007,2026-03-18,98.0,73.1,Desktop,0.0
U0322,C033,2025-07-28,98.1,67.2,Desktop,0.0
U0197,C016,2026-03-02,23.6,76.0,TV,4.0
U0408,C038,2026-02-17,43.6,49.6,Tablet,1.0
U0271,C047,2025-10-03,18.1,22.4,Mobile,1.0
U0025,C045,2026-02-25,84.6,82.9,Tablet,5.0
U0039,C034,2025-06-07,46.1,96.0,Mobile,0.0
U0126,C022,2025-06-19,55.5,67.7,Tablet,4.0
U0089,C034,2025-11-07,20.2,42.0,Tablet,5.0
U0358,C033,2025-12-25,133.9,91.7,Desktop,3.0
U0259,C020,2025-08-08,66.1,60.1,Desktop,5.0
U0259,C005,2025-10-22,62.6,79.2,Desktop,5.0
U0439,C031,2025-10-08,56.0,43.4,Tablet,5.0
U0065,C008,2025-11-10,32.0,53.4,Tablet,3.0
U0195,C028,2026-03-20,91.6,62.3,TV,3.0
U0253,C038,2026-04-11,41.8,47.5,Desktop,0.0
U0015,C027,2025-04-27,32.0,43.2,Desktop,5.0
U0408,C050,2025-05-30,24.1,17.1,Desktop,5.0
U0149,C009,2025-04-21,36.3,39.9,TV,1.0
U0030,C013,2026-01-06,59.9,43.7,Desktop,1.0
U0358,C044,2025-04-24,45.2,74.1,Mobile,1.0
U0435,C017,2025-10-17,7.2,18.1,Desktop,4.0
U0260,C029,2025-09-21,6.0,10.7,Desktop,0.0
U0080,C014,2025-09-13,26.3,65.7,TV,1.0
U0049,C011,2026-02-07,35.6,30.4,Tablet,4.0
U0207,C019,2025-12-17,29.2,25.8,Mobile,2.0
U0251,C007,2026-04-11,38.2,28.5,Desktop,0.0
U0046,C012,2025-06-04,77.8,72.0,Tablet,4.0
U0347,C001,2026-01-02,33.4,37.1,Desktop,1.0
U0399,C029,2026-04-06,20.4,36.4,Tablet,2.0
U0362,C032,2026-03-07,43.2,56.9,TV,4.0
U0033,C037,2025-10-19,45.9,54.6,TV,4.0
U0005,C035,2025-12-01,111.0,86.7,TV,2.0
U0354,C024,2025-07-06,52.2,68.7,TV,0.0
U0132,C011,2025-07-03,50.7,43.3,Desktop,2.0
U0002,C011,2025-07-13,53.9,46.1,TV,5.0
U0288,C002,2025-09-06,43.7,79.5,Tablet,4.0
U0421,C013,2025-12-08,42.5,31.0,Mobile,0.0
U0027,C044,2025-05-12,55.9,91.7,Tablet,2.0
U0447,C047,2026-02-04,55.0,67.9,Mobile,3.0
U0426,C038,2025-10-30,35.5,40.3,Desktop,3.0
U0363,C023,2025-05-15,94.9,81.1,Desktop,1.0
U0207,C028,2026-03-12,42.6,29.0,TV,3.0
U0340,C001,2025-09-03,53.8,59.8,Tablet,4.0
U0143,C028,2025-07-18,72.8,49.5,Mobile,0.0
U0376,C033,2026-03-12,66.9,45.8,Desktop,5.0
U0309,C044,2025-04-23,56.6,92.8,Tablet,2.0
U0299,C026,2025-12-01,97.7,80.1,Mobile,0.0
U0059,C020,2025-05-25,88.0,80.0,Mobile,1.0
U0097,C044,2025-10-15,37.3,61.1,Mobile,3.0
U0098,C005,2025-04-30,38.8,49.1,Tablet,0.0
U0175,C045,2025-11-14,40.5,39.7,Tablet,2.0
U0227,C011,2025-06-04,96.1,82.1,TV,1.0
U0233,C040,2025-09-27,94.5,69.5,Tablet,0.0
U0201,C047,2025-06-21,44.4,54.8,TV,0.0
U0055,C020,2025-09-19,52.2,47.5,Desktop,2.0
U0015,C049,2025-10-27,29.7,80.3,Tablet,2.0
U0035,C048,2025-06-02,33.8,84.5,Tablet,5.0
U0177,C020,2026-03-21,99.3,90.3,Mobile,0.0
U0164,C012,2025-05-19,58.2,53.9,Desktop,1.0
U0264,C034,2025-08-08,15.9,33.1,Mobile,4.0
U0351,C026,2025-12-18,97.0,79.5,TV,1.0
U0181,C002,2026-02-07,45.3,82.3,Mobile,5.0
U0131,C011,2025-05-29,50.5,43.2,Mobile,1.0
U0403,C039,2025-10-23,25.6,27.0,Tablet,4.0
U0095,C002,2026-02-16,15.8,28.8,Mobile,3.0
U0448,C021,2025-10-03,26.3,69.3,Mobile,5.0
U0270,C046,2025-10-21,24.6,51.3,Desktop,3.0
U0165,C010,2025-08-11,86.7,81.8,Mobile,5.0
U0073,C046,2025-12-06,21.0,43.8,Mobile,5.0
U0185,C029,2025-05-22,33.8,60.4,Mobile,0.0
U0202,C008,2025-08-30,51.5,85.8,Tablet,3.0
U0085,C011,2025-08-27,104.6,89.4,Mobile,3.0
U0173,C029,2025-05-11,20.5,36.6,Mobile,1.0
U0284,C039,2025-06-06,36.1,38.0,Desktop,4.0
U0420,C035,2025-10-26,66.4,51.9,Desktop,5.0
U0050,C035,2025-06-01,119.0,93.0,Desktop,5.0
U0327,C010,2025-11-01,52.7,49.7,Tablet,0.0
U0045,C005,2025-06-24,69.1,87.5,Tablet,0.0
U0033,C013,2025-10-21,51.4,37.5,TV,2.0
U0403,C042,2026-01-15,5.4,11.4,Tablet,2.0
U0056,C037,2025-12-31,47.9,57.0,Mobile,0.0
U0344,C027,2025-11-12,61.9,83.7,Desktop,3.0
U0382,C047,2026-03-05,45.7,56.4,Desktop,3.0
U0407,C014,2025-10-30,37.4,93.4,Tablet,2.0
U0110,C049,2025-12-18,10.3,27.9,TV,2.0
U0337,C044,2026-03-07,55.6,91.2,Mobile,5.0
U0229,C018,2025-12-06,37.9,32.4,Desktop,1.0
U0215,C030,2025-05-30,41.0,49.4,TV,4.0
U0478,C009,2026-04-11,71.8,78.9,TV,3.0
U0352,C001,2025-08-22,65.2,72.4,Tablet,5.0
U0146,C043,2026-03-20,41.4,59.1,Mobile,2.0
U0275,C027,2025-07-08,53.1,71.7,TV,0.0
U0394,C024,2025-08-04,25.0,32.9,Mobile,5.0
U0070,C037,2025-10-13,59.8,71.2,TV,0.0
U0186,C005,2026-03-21,63.1,79.9,Desktop,4.0
U0221,C026,2025-12-02,68.1,55.8,TV,4.0
U0221,C022,2025-05-10,73.4,89.5,Mobile,1.0
U0355,C009,2026-01-11,58.9,64.7,Tablet,0.0
U0127,C003,2026-01-14,25.6,60.9,Desktop,5.0
U0470,C049,2025-10-10,33.0,89.1,Mobile,3.0
U0133,C047,2025-09-14,64.9,80.1,Tablet,0.0
U0090,C016,2025-12-22,17.6,56.7,Tablet,4.0
U0433,C043,2025-08-07,49.0,70.0,Mobile,4.0
U0042,C036,2025-10-14,71.7,61.3,Desktop,1.0
U0333,C006,2025-12-08,20.4,29.1,Desktop,1.0
U0066,C029,2025-04-29,44.9,80.1,Tablet,0.0
U0391,C030,2025-05-16,41.2,49.6,Tablet,4.0
U0391,C008,2026-02-28,35.6,59.3,Desktop,5.0
U0193,C006,2025-10-26,66.4,94.8,Desktop,3.0
U0057,C026,2025-06-25,36.7,30.1,Mobile,0.0
U0088,C012,2026-04-09,44.9,41.6,Desktop,0.0
U0471,C034,2026-03-15,44.8,93.3,Desktop,4.0
U0462,C004,2025-11-18,20.2,74.7,TV,0.0
U0248,C020,2026-02-03,107.0,97.3,Desktop,1.0
U0233,C045,2025-09-07,97.4,95.5,Tablet,2.0
U0300,C046,2026-03-16,35.9,74.8,Desktop,0.0
U0429,C041,2025-05-24,103.0,69.6,Tablet,0.0
U0443,C048,2025-11-11,23.7,59.3,Tablet,1.0
U0027,C005,2026-01-15,66.0,83.6,TV,2.0
U0150,C013,2026-04-14,91.4,66.7,Mobile,0.0
U0135,C034,2026-02-20,21.2,44.1,TV,5.0
U0431,C050,2025-05-15,89.0,63.1,TV,1.0
U0061,C014,2025-07-02,35.0,87.5,TV,0.0
U0115,C003,2025-12-09,20.2,48.1,TV,3.0
U0154,C022,2025-05-17,63.0,76.8,TV,0.0
U0212,C044,2025-12-02,21.7,35.6,Mobile,4.0
U0232,C050,2025-09-17,113.2,80.3,Tablet,4.0
U0197,C015,2025-11-01,65.9,58.8,Mobile,0.0
U0416,C011,2025-09-28,44.5,38.0,Tablet,3.0
U0185,C007,2025-09-27,15.5,11.6,Tablet,0.0
U0365,C011,2025-05-24,41.2,35.2,Desktop,0.0
U0028,C001,2025-12-31,56.2,62.4,Desktop,0.0
U0396,C001,2026-03-06,32.9,36.5,TV,0.0
U0239,C033,2025-06-17,102.6,70.3,Mobile,5.0
U0414,C026,2025-06-23,81.1,66.5,TV,1.0
U0470,C015,2025-05-06,66.3,59.2,TV,4.0
U0155,C011,2026-01-05,90.2,77.1,Desktop,4.0
U0267,C015,2025-06-22,75.4,67.3,Tablet,0.0
U0093,C017,2026-01-25,38.5,96.2,TV,3.0
U0137,C010,2026-02-13,100.2,94.5,Mobile,4.0
U0221,C030,2026-02-27,67.1,80.9,Mobile,3.0
U0111,C023,2025-08-22,92.9,79.4,Desktop,0.0
U0113,C050,2026-02-04,82.6,58.6,Mobile,5.0
U0121,C017,2026-03-18,36.4,91.0,Desktop,3.0
U0377,C037,2025-09-07,5.6,6.7,Mobile,4.0
U0177,C043,2025-10-22,65.8,94.0,Tablet,3.0
U0155,C042,2025-11-08,44.2,94.0,Desktop,2.0
U0059,C046,2025-05-07,26.6,55.5,Mobile,3.0
U0044,C030,2025-11-08,41.9,50.5,TV,1.0
U0137,C047,2025-11-04,50.0,61.7,Desktop,0.0
U0284,C012,2025-11-10,36.5,33.8,Desktop,2.0
U0284,C027,2025-09-09,14.9,20.2,Tablet,4.0
U0443,C011,2026-02-05,84.7,72.4,TV,5.0
U0402,C050,2025-08-01,42.3,30.0,Tablet,4.0
U0083,C023,2025-08-23,55.2,47.2,Desktop,4.0
U0058,C021,2025-05-29,18.8,49.5,TV,4.0
U0260,C022,2025-07-28,75.4,92.0,Mobile,3.0
U0422,C012,2025-08-20,42.9,39.7,TV,1.0
U0096,C021,2025-06-12,25.0,65.8,Mobile,5.0
U0010,C032,2025-09-06,55.1,72.5,Tablet,0.0
U0331,C049,2025-06-03,29.6,80.0,TV,1.0
U0057,C006,2026-02-03,6.2,8.9,Desktop,0.0
U0206,C044,2026-01-20,41.1,67.3,Tablet,3.0
U0239,C004,2025-07-23,17.4,64.6,TV,4.0
U0069,C045,2026-03-04,77.9,76.4,Tablet,0.0
U0223,C014,2025-12-31,13.9,34.8,Mobile,5.0
U0180,C038,2025-06-28,48.4,55.0,Mobile,2.0
U0293,C041,2025-06-15,106.0,71.6,Mobile,1.0
U0091,C049,2025-08-01,22.6,61.0,Mobile,1.0
U0101,C041,2026-01-18,120.5,81.4,Mobile,2.0
U0085,C015,2025-11-08,96.4,86.1,Desktop,0.0
U0161,C001,2025-06-13,71.1,79.0,Desktop,0.0
U0045,C019,2025-10-21,69.7,61.7,TV,5.0
U0136,C018,2026-02-27,57.9,49.5,Mobile,2.0
U0392,C004,2026-02-21,11.2,41.3,TV,0.0
U0464,C049,2025-06-09,24.2,65.3,Mobile,1.0
U0159,C009,2026-04-04,69.1,75.9,Mobile,0.0
U0073,C008,2026-01-11,2.8,4.6,Mobile,0.0
U0351,C017,2025-06-28,21.0,52.5,Mobile,4.0
U0073,C021,2026-02-23,17.2,45.3,Desktop,0.0
U0374,C012,2025-05-04,8.2,7.6,Mobile,3.0
U0100,C018,2025-09-17,45.7,39.1,Tablet,3.0
U0055,C018,2025-07-08,78.5,67.1,Tablet,4.0
U0296,C013,2026-01-05,87.8,64.1,TV,2.0
U0413,C029,2026-03-16,37.9,67.6,Desktop,0.0
U0496,C018,2025-09-19,90.7,77.5,Tablet,0.0
U0373,C001,2026-01-04,64.6,71.8,TV,5.0
U0051,C019,2026-02-17,74.6,66.0,Mobile,0.0
U0077,C034,2026-03-13,37.8,78.7,Desktop,0.0
U0393,C009,2026-04-16,63.6,69.9,Desktop,2.0
U0245,C010,2025-08-12,51.3,48.4,TV,3.0
U0006,C033,2026-02-26,113.3,77.6,TV,1.0
U0210,C039,2025-12-25,43.8,46.1,Desktop,0.0
U0311,C031,2025-10-22,94.2,73.0,Tablet,3.0
U0257,C034,2026-01-31,47.9,99.8,Desktop,0.0
U0208,C040,2025-11-01,55.8,41.0,Mobile,1.0
U0089,C002,2025-08-22,49.2,89.4,Desktop,0.0
U0341,C019,2025-09-22,40.9,36.2,Mobile,0.0
U0224,C004,2025-06-14,12.0,44.6,Desktop,0.0
U0142,C012,2025-06-05,25.6,23.7,Tablet,0.0
U0287,C038,2026-01-07,55.5,63.1,Desktop,0.0
U0290,C028,2026-03-18,31.9,21.7,Tablet,4.0
U0010,C031,2025-09-01,46.3,35.9,TV,3.0
U0029,C023,2025-05-29,23.4,20.0,Mobile,4.0
U0456,C040,2026-03-31,85.3,62.7,TV,3.0
U0026,C031,2025-12-17,119.3,92.5,Desktop,3.0
U0486,C032,2025-06-01,15.8,20.8,Mobile,5.0
U0298,C013,2026-02-02,89.2,65.1,Desktop,4.0
U0299,C034,2025-07-12,28.7,59.7,Tablet,4.0
U0366,C025,2025-10-03,28.7,36.8,Mobile,3.0
U0359,C001,2025-10-14,25.5,28.3,TV,0.0
U0140,C042,2025-07-15,33.3,70.9,Tablet,5.0
U0376,C032,2026-04-17,19.3,25.4,TV,4.0
U0203,C033,2025-11-15,114.3,78.3,Mobile,5.0
U0366,C004,2025-07-03,13.2,48.8,TV,3.0
U0228,C044,2025-05-19,32.9,54.0,Mobile,0.0
U0319,C012,2026-04-06,73.4,68.0,TV,2.0
U0193,C038,2025-12-01,60.2,68.4,Tablet,4.0
U0290,C013,2026-02-24,114.9,83.9,TV,0.0
U0302,C043,2025-06-20,45.4,64.9,Mobile,1.0
U0383,C019,2025-09-04,86.8,76.8,Desktop,5.0
U0044,C045,2026-01-17,42.4,41.6,TV,0.0
U0102,C026,2025-06-05,74.5,61.1,Tablet,3.0
U0250,C036,2025-10-15,84.7,72.4,Mobile,0.0
U0344,C035,2025-07-24,62.8,49.1,TV,1.0
U0052,C021,2026-03-07,24.5,64.6,Desktop,0.0
U0468,C046,2025-10-24,34.1,71.0,Tablet,2.0
U0046,C009,2025-09-02,52.3,57.5,Tablet,3.0
U0352,C009,2026-04-18,87.5,96.1,Tablet,4.0
U0454,C039,2025-12-30,70.7,74.4,TV,5.0
U0407,C041,2026-03-28,76.2,51.5,Desktop,2.0
U0218,C012,2026-03-24,98.7,91.4,Tablet,2.0
U0129,C004,2025-08-15,17.2,63.7,Mobile,5.0
U0085,C048,2026-01-19,9.2,23.1,Mobile,0.0
U0153,C038,2025-11-11,80.3,91.2,Tablet,3.0
U0455,C045,2025-04-26,52.6,51.6,Tablet,4.0
U0283,C050,2025-08-29,101.9,72.3,TV,2.0
U0358,C016,2025-09-24,8.2,26.3,Tablet,5.0
U0101,C041,2026-03-11,54.8,37.0,Mobile,0.0
U0297,C005,2025-09-10,50.2,63.5,Mobile,2.0
U0133,C033,2026-03-19,23.9,16.4,TV,2.0
U0161,C009,2025-07-22,25.8,28.4,Mobile,2.0
U0191,C003,2025-12-25,34.2,81.5,Mobile,2.0
U0289,C030,2025-11-03,30.5,36.8,Mobile,4.0
U0496,C029,2025-07-06,16.5,29.4,TV,5.0
U0050,C013,2025-11-23,106.6,77.8,Mobile,0.0
U0092,C014,2026-01-31,31.8,79.4,Mobile,1.0
U0114,C005,2025-04-29,16.2,20.5,Tablet,0.0
U0272,C033,2026-01-10,73.1,50.1,Mobile,0.0
U0039,C049,2026-03-05,32.6,88.1,Mobile,4.0
U0398,C035,2025-09-25,63.9,49.9,Mobile,4.0
U0061,C010,2025-05-23,62.3,58.8,TV,0.0
U0055,C006,2025-10-01,64.0,91.5,Desktop,0.0
U0479,C022,2025-06-10,47.4,57.8,Tablet,0.0
U0169,C021,2025-05-26,15.7,41.4,Tablet,3.0
U0265,C027,2025-09-02,63.9,86.3,Desktop,2.0
U0028,C040,2026-03-25,119.1,87.6,Tablet,4.0
U0158,C024,2026-03-12,18.2,24.0,Tablet,3.0
U0085,C026,2025-07-07,75.5,61.9,Mobile,1.0
U0061,C029,2025-11-13,34.3,61.3,Desktop,0.0
U0122,C015,2026-02-07,77.8,69.5,Mobile,0.0
U0093,C034,2025-09-18,26.2,54.6,Mobile,0.0
U0500,C027,2025-09-28,36.6,49.4,Mobile,2.0
U0127,C028,2026-03-28,128.0,87.1,Mobile,4.0
U0016,C040,2026-04-14,44.9,33.0,Mobile,0.0
U0006,C032,2025-08-01,60.0,78.9,TV,3.0
U0059,C006,2025-11-26,24.6,35.1,Desktop,5.0
U0411,C022,2025-12-01,55.8,68.1,Tablet,0.0
U0439,C039,2025-09-11,24.7,26.0,Mobile,4.0
U0084,C032,2025-04-29,35.4,46.6,Desktop,1.0
U0100,C020,2026-03-27,62.6,56.9,TV,2.0
U0195,C011,2025-08-13,100.3,85.7,Tablet,4.0
U0054,C016,2026-02-28,19.6,63.3,Tablet,3.0
U0485,C029,2025-07-15,14.2,25.3,TV,5.0
U0430,C031,2025-12-24,94.9,73.6,Desktop,0.0
U0407,C023,2025-06-26,83.8,71.6,Mobile,0.0
U0225,C006,2025-06-23,57.5,82.2,TV,5.0
U0330,C036,2025-11-02,27.4,23.4,Desktop,0.0
U0445,C007,2026-04-18,67.7,50.5,Desktop,0.0
U0269,C030,2025-06-03,47.9,57.7,Mobile,4.0
U0066,C011,2026-01-02,94.0,80.3,Tablet,4.0
U0338,C036,2026-02-16,108.2,92.5,Mobile,3.0
U0310,C024,2025-04-20,12.8,16.8,Mobile,1.0
U0319,C035,2026-04-02,96.3,75.2,Tablet,4.0
U0344,C027,2025-11-17,66.5,89.8,TV,0.0
U0152,C001,2025-08-08,22.1,24.5,Tablet,3.0
U0052,C039,2025-08-11,22.3,23.5,TV,0.0
U0113,C021,2025-10-02,19.7,51.9,TV,1.0
U0002,C023,2026-02-25,100.9,86.2,Tablet,4.0
U0444,C006,2026-02-16,63.7,91.0,Desktop,1.0
U0210,C026,2025-10-10,53.4,43.8,Desktop,1.0
U0141,C024,2025-10-06,54.8,72.1,TV,3.0
U0381,C024,2025-09-08,66.2,87.1,Tablet,0.0
U0305,C025,2026-04-09,58.3,74.7,Desktop,3.0
U0168,C040,2025-06-21,59.8,44.0,TV,0.0
U0006,C010,2026-03-28,64.6,60.9,Desktop,0.0
U0200,C016,2025-08-26,14.8,47.6,Tablet,2.0
U0214,C034,2025-07-24,38.8,80.9,Desktop,3.0
U0412,C006,2025-10-17,42.5,60.7,Tablet,0.0
U0467,C021,2025-05-23,12.5,32.9,TV,4.0
U0376,C017,2026-03-01,12.4,31.0,TV,1.0
U0071,C042,2025-08-14,20.7,44.0,TV,0.0
U0325,C003,2026-03-21,18.8,44.8,Tablet,0.0
U0273,C037,2026-01-03,49.8,59.3,Mobile,1.0
U0373,C017,2025-10-13,23.0,57.4,TV,4.0
U0253,C042,2025-06-28,24.1,51.2,TV,0.0
U0221,C016,2026-04-17,17.2,55.5,TV,0.0
U0392,C001,2026-04-05,22.7,25.2,Desktop,0.0
U0172,C013,2026-01-03,34.2,25.0,Mobile,4.0
U0214,C046,2025-05-18,34.1,71.1,Mobile,5.0
U0485,C029,2025-10-21,28.5,50.9,Mobile,0.0
U0452,C038,2026-02-25,27.2,30.9,Mobile,5.0
U0111,C045,2026-03-04,25.5,25.0,TV,3.0
U0166,C030,2026-01-09,62.2,74.9,Mobile,5.0
U0364,C035,2026-02-06,103.8,81.1,Mobile,0.0
U0213,C032,2025-11-19,6.5,8.5,Desktop,2.0
U0413,C007,2026-02-05,44.9,33.5,TV,4.0
U0488,C042,2025-08-11,41.8,89.0,Desktop,3.0
U0304,C019,2025-06-16,15.5,13.7,Desktop,0.0
U0257,C023,2026-03-22,65.1,55.6,Tablet,3.0
U0225,C040,2025-09-26,115.1,84.6,Tablet,3.0
U0459,C006,2025-10-03,27.5,39.3,TV,0.0
U0393,C020,2025-05-12,41.1,37.4,Tablet,3.0
U0485,C029,2025-10-07,16.9,30.1,Mobile,2.0
U0286,C012,2025-08-15,69.2,64.1,TV,0.0
U0391,C016,2025-05-03,14.4,46.6,Mobile,1.0
U0468,C037,2026-01-10,20.5,24.4,Tablet,0.0
U0036,C035,2026-04-17,37.0,28.9,Mobile,3.0
U0093,C049,2026-02-28,34.6,93.6,TV,0.0
U0472,C010,2026-01-01,5.4,5.1,Desktop,3.0
U0394,C041,2026-02-27,125.4,84.7,Mobile,0.0
U0439,C013,2025-12-11,88.5,64.6,Desktop,5.0
U0057,C039,2025-04-22,24.3,25.6,Tablet,0.0
U0422,C024,2025-08-31,68.6,90.2,Tablet,0.0
U0230,C046,2025-08-10,36.8,76.7,Tablet,4.0
U0420,C036,2025-05-28,63.5,54.3,Mobile,4.0
U0169,C032,2025-07-17,72.7,95.7,Desktop,0.0
U0217,C042,2025-11-03,32.0,68.1,Desktop,4.0
U0462,C004,2025-11-17,4.9,18.1,Mobile,4.0
U0021,C040,2026-01-21,59.3,43.6,Desktop,0.0
U0274,C022,2025-04-25,64.6,78.8,Tablet,5.0
U0357,C005,2025-08-09,59.2,75.0,Mobile,0.0
U0264,C010,2025-04-20,79.2,74.7,Desktop,5.0
U0141,C047,2025-09-27,68.9,85.1,Desktop,0.0
U0370,C020,2025-12-14,79.1,71.9,Tablet,4.0
U0308,C005,2025-11-10,55.9,70.7,Tablet,3.0
U0146,C003,2025-10-17,38.2,90.9,Desktop,3.0
U0313,C006,2025-07-13,50.0,71.4,TV,1.0
U0184,C046,2025-10-22,22.5,46.8,Mobile,3.0
U0226,C004,2025-11-17,11.9,44.1,Tablet,3.0
U0054,C016,2025-06-07,23.4,75.5,TV,3.0
U0281,C023,2025-11-29,31.0,26.5,Desktop,3.0
U0462,C039,2026-03-14,67.3,70.8,Mobile,1.0
U0126,C003,2026-02-22,9.5,22.6,Tablet,0.0
U0205,C013,2025-07-25,36.4,26.6,Mobile,3.0
U0015,C019,2025-06-05,43.7,38.7,TV,1.0
U0359,C031,2025-12-14,107.7,83.5,TV,0.0
U0329,C033,2025-06-12,113.7,77.9,Tablet,5.0
U0044,C010,2025-06-21,49.9,47.1,TV,0.0
U0310,C035,2026-01-08,109.2,85.3,Desktop,0.0
U0217,C024,2025-12-20,44.4,58.4,Desktop,0.0
U0358,C010,2025-05-04,90.9,85.8,Tablet,2.0
U0487,C043,2026-04-16,14.7,21.0,Tablet,0.0
U0333,C038,2025-10-02,31.9,36.3,Mobile,0.0
U0289,C033,2025-12-06,102.3,70.1,Desktop,4.0
U0166,C042,2025-05-20,15.6,33.2,TV,2.0
U0158,C014,2025-09-27,39.7,99.2,TV,0.0
U0412,C037,2025-06-29,39.1,46.6,Mobile,5.0
U0396,C028,2026-03-23,108.5,73.8,Desktop,5.0
U0394,C011,2025-05-13,54.2,46.3,Desktop,0.0
U0067,C013,2026-01-04,44.5,32.5,Mobile,3.0
U0136,C006,2025-08-06,57.6,82.3,TV,5.0
U0418,C012,2025-12-13,49.1,45.5,Tablet,0.0
U0230,C013,2025-04-20,127.8,93.3,Mobile,3.0
U0444,C050,2025-11-16,83.8,59.4,Desktop,3.0
U0469,C022,2025-08-31,37.6,45.8,Desktop,0.0
U0044,C043,2025-08-22,57.4,82.0,TV,2.0
U0328,C030,2025-07-20,40.9,49.3,Desktop,5.0
U0225,C030,2025-09-18,41.9,50.5,Tablet,4.0
U0169,C042,2025-08-22,39.8,84.7,Mobile,1.0
U0340,C031,2026-02-13,102.8,79.7,Mobile,0.0
U0307,C009,2025-04-30,51.3,56.4,Desktop,2.0
U0365,C034,2025-10-21,7.7,16.1,TV,4.0
U0371,C024,2026-03-22,55.6,73.2,TV,2.0
U0291,C044,2026-04-01,42.6,69.8,Desktop,3.0
U0099,C029,2026-04-19,37.5,66.9,Desktop,5.0
U0016,C020,2025-11-01,61.3,55.7,TV,2.0
U0417,C012,2025-05-20,66.6,61.7,Desktop,3.0
U0037,C032,2025-07-17,26.8,35.3,Mobile,1.0
U0443,C035,2025-06-27,90.2,70.5,Desktop,1.0
U0348,C024,2026-03-22,43.5,57.2,Tablet,1.0
U0296,C025,2025-08-04,38.8,49.7,TV,0.0
U0495,C016,2025-08-13,24.4,78.8,Mobile,2.0
U0289,C014,2025-04-28,24.6,61.4,TV,5.0
U0391,C025,2025-07-29,41.0,52.6,TV,2.0
U0358,C027,2025-11-01,6.9,9.3,TV,5.0
U0376,C021,2025-12-22,5.2,13.8,Mobile,5.0
U0386,C010,2025-10-27,41.9,39.5,Tablet,5.0
U0307,C050,2025-05-04,110.0,78.0,TV,4.0
U0153,C011,2025-10-18,55.8,47.7,Tablet,0.0
U0189,C031,2026-01-14,81.3,63.0,Mobile,1.0
U0342,C001,2025-12-12,26.2,29.1,TV,4.0
U0500,C036,2025-06-03,72.1,61.6,TV,1.0
U0003,C045,2026-02-18,52.6,51.6,Tablet,2.0
U0310,C037,2025-06-11,37.7,44.9,Mobile,0.0
U0155,C047,2025-06-27,74.8,92.3,Desktop,2.0
U0420,C032,2025-07-04,66.1,87.0,Tablet,1.0
U0463,C039,2025-12-03,54.4,57.3,Mobile,1.0
U0173,C005,2026-03-01,28.8,36.4,Desktop,4.0
U0251,C009,2026-01-14,22.2,24.4,Desktop,0.0
U0140,C014,2026-04-17,10.7,26.8,Desktop,4.0
U0442,C032,2025-11-17,22.7,29.9,Desktop,3.0
U0482,C033,2025-08-12,50.1,34.3,TV,2.0
U0187,C039,2025-10-03,75.7,79.7,Desktop,5.0
U0292,C044,2025-08-10,38.0,62.3,Mobile,1.0
U0144,C033,2026-02-04,94.9,65.0,Desktop,1.0
U0268,C004,2025-07-31,23.9,88.5,Desktop,4.0
U0421,C001,2025-06-30,50.9,56.6,TV,3.0
U0198,C010,2025-10-12,58.9,55.6,TV,3.0
U0187,C003,2025-10-22,15.5,37.0,TV,1.0
U0357,C048,2025-10-07,3.2,8.0,Tablet,0.0
U0017,C033,2025-09-06,20.4,14.0,Tablet,4.0
U0023,C019,2025-05-28,97.3,86.1,Mobile,3.0
U0086,C044,2026-03-16,51.4,84.2,Desktop,2.0
U0021,C009,2025-04-21,81.7,89.8,Tablet,3.0
U0252,C026,2025-06-19,16.0,13.1,Mobile,5.0
U0060,C001,2025-12-27,29.5,32.8,TV,0.0
U0176,C017,2025-11-25,14.1,35.2,Mobile,5.0
U0340,C047,2025-04-26,33.5,41.3,TV,3.0
U0154,C029,2025-08-31,33.9,60.6,Mobile,0.0
U0208,C042,2025-12-15,36.7,78.0,Tablet,2.0
U0202,C043,2025-06-16,48.1,68.7,Mobile,3.0
U0278,C009,2025-10-23,32.9,36.2,Tablet,2.0
U0279,C045,2025-04-27,64.3,63.0,Tablet,0.0
U0176,C029,2025-05-27,40.9,73.1,Desktop,1.0
U0016,C023,2025-07-11,80.8,69.1,TV,2.0
U0092,C042,2025-12-24,39.8,84.6,TV,1.0
U0005,C011,2026-02-05,58.1,49.7,Tablet,3.0
U0431,C001,2025-06-08,65.2,72.4,Tablet,0.0
U0348,C048,2026-02-01,18.8,46.9,TV,0.0
U0454,C035,2025-11-27,49.9,39.0,Mobile,0.0
U0357,C044,2025-09-04,37.5,61.5,Desktop,4.0
U0248,C048,2025-11-06,28.6,71.4,Tablet,1.0
U0324,C011,2025-06-06,25.3,21.6,Desktop,3.0
U0058,C004,2025-06-22,16.3,60.2,Tablet,2.0
U0342,C002,2026-03-23,16.7,30.3,Mobile,5.0
U0240,C033,2025-11-23,27.2,18.6,Mobile,0.0
U0063,C003,2025-11-01,23.6,56.1,Tablet,4.0
U0001,C033,2026-04-11,105.6,72.3,Desktop,1.0
U0459,C013,2025-05-23,116.3,84.9,Mobile,3.0
U0429,C050,2025-08-24,112.0,79.4,Desktop,0.0
U0409,C006,2025-11-03,61.9,88.4,Desktop,5.0
U0060,C008,2025-08-09,23.1,38.5,TV,1.0
U0464,C039,2025-09-13,66.5,70.0,TV,1.0
U0253,C026,2025-12-21,32.6,26.7,Desktop,0.0
U0462,C028,2025-05-01,42.8,29.1,Desktop,0.0
U0369,C018,2026-02-14,60.8,52.0,Mobile,4.0
U0065,C040,2026-01-03,32.5,23.9,Mobile,5.0
U0172,C017,2025-05-23,14.3,35.8,Desktop,0.0
U0481,C041,2025-08-02,119.4,80.7,Tablet,4.0
U0079,C035,2025-06-01,115.5,90.2,Mobile,0.0
U0440,C041,2025-09-04,79.9,54.0,Desktop,2.0
U0216,C011,2025-05-16,54.9,46.9,Desktop,0.0
U0399,C014,2025-07-24,34.0,85.0,TV,0.0
U0080,C014,2025-06-28,27.1,67.8,Mobile,0.0
U0183,C045,2025-05-30,37.5,36.8,Tablet,5.0
U0065,C011,2026-01-15,46.7,39.9,Tablet,0.0
U0455,C034,2025-11-04,29.2,60.9,Mobile,0.0
U0382,C015,2025-06-13,103.7,92.6,TV,3.0
U0491,C026,2025-09-17,101.9,83.5,Tablet,0.0
U0406,C047,2025-09-06,40.4,49.9,TV,5.0
U0418,C028,2025-12-27,78.4,53.3,Desktop,0.0
U0041,C037,2025-08-02,47.3,56.3,Mobile,1.0
U0138,C026,2025-11-13,3.7,3.0,TV,3.0
U0088,C014,2026-02-06,19.2,48.0,Mobile,5.0
U0159,C037,2025-08-11,79.1,94.2,Tablet,0.0
U0404,C023,2025-10-07,47.5,40.6,TV,5.0
U0348,C019,2025-07-26,92.8,82.1,Desktop,5.0
U0246,C023,2025-11-12,96.9,82.8,Desktop,2.0
U0406,C020,2025-06-14,58.6,53.3,Tablet,0.0
U0260,C040,2025-10-21,46.1,33.9,TV,4.0
U0226,C015,2025-08-06,110.2,98.4,Mobile,0.0
U0489,C031,2025-07-22,44.9,34.8,TV,5.0
U0433,C002,2025-05-18,27.2,49.5,Desktop,0.0
U0397,C049,2026-03-02,25.6,69.3,Tablet,1.0
U0108,C003,2026-02-14,11.3,26.9,Tablet,4.0
U0019,C007,2026-03-26,63.4,47.3,Tablet,4.0
U0318,C043,2026-04-17,38.9,55.6,Desktop,0.0
U0022,C039,2025-10-02,59.2,62.3,Tablet,3.0
U0354,C027,2025-11-07,45.7,61.8,Desktop,0.0
U0104,C011,2025-10-03,97.8,83.6,Tablet,1.0
U0043,C047,2025-10-26,23.7,29.3,Desktop,3.0
U0036,C026,2025-06-24,19.4,15.9,TV,3.0
U0425,C027,2026-01-24,23.5,31.7,Desktop,0.0
U0242,C043,2025-04-19,64.4,92.0,Mobile,1.0
U0402,C041,2025-09-02,105.7,71.4,Tablet,0.0
U0461,C021,2025-05-12,14.9,39.2,Mobile,2.0
U0499,C018,2025-05-04,97.2,83.1,Desktop,0.0
U0377,C035,2025-04-28,40.4,31.6,Desktop,1.0
U0341,C032,2026-01-22,60.5,79.6,TV,4.0
U0434,C006,2025-09-15,68.0,97.1,Mobile,1.0
U0240,C047,2025-04-29,73.4,90.6,Tablet,0.0
U0340,C017,2026-01-20,35.2,88.0,Desktop,0.0
U0318,C029,2026-02-06,47.5,84.9,TV,5.0
U0118,C018,2025-07-26,99.5,85.0,Tablet,3.0
U0253,C045,2025-07-21,81.6,80.0,Tablet,0.0
U0313,C037,2026-04-11,62.3,74.2,Desktop,1.0
U0134,C016,2026-03-15,5.4,17.4,TV,4.0
U0008,C040,2025-12-02,63.9,47.0,Mobile,2.0
U0039,C023,2025-11-07,78.4,67.0,TV,0.0
U0191,C016,2026-02-08,27.6,89.1,Mobile,2.0
U0418,C027,2026-02-13,57.9,78.2,Mobile,2.0
U0258,C046,2025-12-20,34.6,72.1,TV,5.0
U0248,C010,2025-11-25,55.9,52.7,TV,2.0
U0145,C014,2025-11-27,19.6,49.0,Tablet,0.0
U0447,C001,2025-07-05,76.1,84.6,TV,4.0
U0084,C009,2025-07-28,82.8,91.0,Desktop,5.0
U0154,C032,2025-11-23,65.1,85.6,Tablet,1.0
U0364,C002,2025-11-12,14.9,27.1,Mobile,2.0
U0222,C037,2025-11-21,32.8,39.1,Mobile,5.0
U0083,C046,2025-10-27,6.9,14.4,Mobile,1.0
U0161,C035,2025-10-27,65.5,51.2,Tablet,0.0
U0430,C019,2025-07-30,84.5,74.8,Desktop,0.0
U0244,C031,2026-01-01,10.6,8.2,Desktop,3.0
U0259,C042,2025-09-11,42.2,89.7,Tablet,1.0
U0477,C043,2025-07-26,28.0,40.0,Tablet,4.0
U0402,C038,2025-08-22,59.8,67.9,Tablet,0.0
U0392,C039,2026-01-13,77.1,81.2,TV,3.0
U0286,C011,2025-05-20,63.4,54.2,TV,5.0
U0399,C042,2025-10-23,28.1,59.8,Mobile,5.0
U0034,C046,2025-08-31,38.6,80.4,Tablet,5.0
U0330,C011,2025-06-26,70.9,60.6,TV,2.0
U0050,C013,2025-05-24,34.9,25.5,Tablet,2.0
U0496,C038,2026-02-09,75.6,85.9,Tablet,4.0
U0003,C013,2025-12-23,109.1,79.6,Desktop,5.0
U0405,C041,2025-12-26,85.4,57.7,Tablet,2.0
U0254,C020,2025-10-28,21.9,19.9,Mobile,2.0
U0407,C002,2025-10-29,13.6,24.8,TV,2.0
U0273,C036,2026-04-18,46.2,39.5,Desktop,3.0
U0322,C011,2026-03-11,58.1,49.7,Desktop,2.0
U0327,C049,2025-07-16,19.6,53.1,Mobile,3.0
U0270,C029,2026-03-28,7.6,13.5,Mobile,2.0
U0360,C013,2026-04-09,62.6,45.7,TV,0.0
U0451,C010,2025-09-11,54.2,51.1,TV,4.0
U0112,C025,2025-08-10,77.0,98.7,TV,1.0
U0402,C050,2025-05-03,101.9,72.3,Tablet,0.0
U0214,C050,2025-11-30,66.8,47.4,Tablet,3.0
U0353,C043,2025-07-29,18.1,25.8,Tablet,0.0
U0381,C029,2025-12-03,35.1,62.7,Mobile,3.0
U0262,C009,2025-05-03,37.8,41.5,Mobile,4.0
U0302,C017,2025-05-06,15.2,38.1,Mobile,5.0
U0101,C020,2026-01-22,40.0,36.4,Desktop,0.0
U0260,C037,2025-07-22,63.7,75.8,Mobile,1.0
U0159,C044,2025-08-26,30.4,49.9,Desktop,5.0
U0354,C044,2025-07-13,43.2,70.8,Mobile,2.0
U0064,C015,2026-02-27,13.2,11.8,Desktop,2.0
U0356,C009,2025-07-19,87.6,96.3,TV,0.0
U0449,C024,2025-09-06,43.3,57.0,Desktop,0.0
U0479,C016,2025-10-19,4.2,13.6,Mobile,0.0
U0024,C049,2025-11-01,35.1,94.8,Tablet,1.0
U0318,C023,2025-09-06,22.1,18.9,Tablet,2.0
U0104,C026,2026-02-22,97.0,79.5,Desktop,2.0
U0310,C023,2026-03-15,40.2,34.4,TV,4.0
U0329,C026,2025-08-22,86.0,70.5,Desktop,5.0
U0112,C037,2025-09-15,66.0,78.6,Desktop,0.0
U0038,C033,2025-10-04,115.5,79.1,TV,0.0
U0360,C031,2025-12-12,61.1,47.4,Mobile,1.0
U0257,C046,2025-04-26,44.1,91.8,Mobile,0.0
U0496,C049,2026-02-15,27.1,73.3,Desktop,0.0
U0033,C017,2026-04-19,30.6,76.4,Tablet,5.0
U0429,C041,2025-12-27,98.3,66.4,Tablet,5.0
U0004,C018,2025-12-31,88.5,75.6,TV,1.0
U0102,C040,2025-05-01,93.3,68.6,Desktop,1.0
U0426,C026,2025-07-18,42.3,34.7,Mobile,5.0
U0238,C032,2025-05-11,29.3,38.5,Mobile,0.0
U0061,C023,2026-01-20,96.9,82.8,Desktop,1.0
U0230,C006,2026-04-18,36.8,52.6,TV,0.0
U0305,C030,2025-12-25,80.3,96.7,Tablet,0.0
U0426,C019,2025-06-05,73.0,64.6,Tablet,5.0
U0481,C034,2026-01-28,36.9,76.8,Tablet,4.0
U0239,C028,2025-09-21,117.3,79.8,Mobile,4.0
U0313,C012,2025-11-20,90.0,83.3,TV,4.0
U0253,C050,2025-09-01,25.0,17.7,Tablet,4.0
U0208,C014,2025-08-18,22.1,55.3,Mobile,5.0
U0033,C003,2025-10-06,22.7,54.1,Tablet,5.0
U0106,C017,2026-02-25,36.9,92.3,Mobile,1.0
U0253,C014,2025-10-07,14.9,37.2,Tablet,0.0
U0351,C023,2026-03-29,106.0,90.6,Tablet,0.0
U0298,C050,2025-12-11,75.9,53.8,TV,1.0
U0423,C035,2025-09-19,102.1,79.8,Mobile,3.0
U0056,C013,2025-05-11,52.3,38.2,Tablet,4.0
U0071,C039,2025-06-29,74.5,78.4,Desktop,5.0
U0392,C046,2025-08-04,44.0,91.6,TV,5.0
U0347,C046,2025-12-13,20.0,41.6,TV,3.0
U0300,C013,2025-07-09,99.6,72.7,Tablet,2.0
U0153,C006,2025-05-04,44.9,64.2,TV,4.0
U0168,C015,2026-02-02,81.1,72.4,Desktop,0.0
U0424,C034,2025-05-06,39.5,82.3,Mobile,4.0
U0189,C023,2025-08-17,67.6,57.8,Desktop,0.0
U0469,C048,2025-05-12,24.3,60.7,Tablet,4.0
U0466,C011,2025-07-29,58.9,50.3,TV,0.0
U0316,C023,2025-08-31,72.8,62.2,Mobile,0.0
U0179,C026,2025-11-19,89.7,73.5,Tablet,5.0
U0493,C017,2025-07-21,4.6,11.5,TV,2.0
U0497,C001,2025-04-29,44.5,49.5,Desktop,0.0
U0026,C013,2025-12-06,30.3,22.1,Tablet,0.0
U0091,C006,2026-02-18,35.6,50.8,Mobile,0.0
U0463,C046,2025-07-01,40.1,83.5,Desktop,3.0
U0070,C014,2026-02-17,29.9,74.8,Mobile,5.0
U0472,C011,2025-09-08,37.0,31.6,Desktop,2.0
U0300,C003,2025-11-04,8.3,19.8,Desktop,2.0
U0193,C012,2026-01-11,98.7,91.4,Mobile,0.0
U0092,C007,2025-07-30,68.2,50.9,Mobile,2.0
U0330,C019,2025-07-26,81.2,71.9,Desktop,0.0
U0325,C006,2026-03-31,19.0,27.1,Tablet,4.0
U0135,C008,2025-04-22,38.6,64.4,TV,4.0
U0265,C048,2026-01-07,35.3,88.3,Tablet,1.0
U0251,C016,2026-03-16,11.1,35.7,Tablet,0.0
U0264,C014,2025-08-19,29.0,72.6,Tablet,1.0
U0351,C046,2026-01-24,39.7,82.7,Desktop,0.0
U0104,C034,2025-11-09,32.3,67.2,Mobile,2.0
U0278,C015,2026-01-10,58.7,52.4,TV,0.0
U0123,C017,2025-05-26,11.7,29.2,Tablet,0.0
U0183,C006,2025-09-25,17.4,24.9,Tablet,0.0
U0058,C032,2026-01-03,75.2,99.0,Mobile,0.0
U0378,C012,2025-05-25,95.3,88.2,Desktop,4.0
U0405,C030,2025-05-14,76.5,92.2,Desktop,2.0
U0120,C018,2026-03-31,93.5,79.9,Desktop,4.0
U0030,C036,2025-08-17,77.0,65.8,TV,5.0
U0008,C013,2025-06-23,112.8,82.3,TV,2.0
U0472,C041,2026-03-17,136.5,92.2,Desktop,2.0
U0215,C042,2025-11-19,28.4,60.5,Desktop,4.0
U0134,C006,2025-05-14,56.1,80.2,Mobile,0.0
U0383,C041,2025-06-23,62.6,42.3,Mobile,4.0
U0397,C031,2025-06-27,82.3,63.8,Desktop,0.0
U0440,C037,2025-10-03,65.4,77.8,Desktop,3.0
U0310,C016,2025-05-08,11.8,38.0,Mobile,2.0
U0290,C020,2026-01-14,73.3,66.6,Mobile,4.0
U0109,C028,2026-04-03,91.4,62.2,Desktop,0.0
U0139,C038,2025-12-19,55.2,62.7,Tablet,0.0
U0214,C039,2025-09-07,70.8,74.5,Mobile,0.0
U0111,C003,2025-10-03,37.7,89.8,Mobile,0.0
U0042,C003,2025-08-23,17.1,40.6,Desktop,1.0
U0388,C041,2025-07-08,96.3,65.1,TV,4.0
U0199,C008,2025-09-27,30.5,50.8,Desktop,3.0
U0009,C029,2025-12-20,27.3,48.8,Tablet,0.0
U0427,C037,2025-12-16,40.4,48.1,Mobile,1.0
U0384,C003,2025-10-11,23.9,56.8,Tablet,1.0
U0016,C010,2026-02-22,64.1,60.5,Mobile,2.0
U0135,C023,2025-06-05,36.5,31.2,Tablet,1.0
U0226,C031,2026-01-26,106.3,82.4,Tablet,2.0
U0455,C014,2025-11-02,18.5,46.3,Desktop,2.0
U0087,C004,2025-10-02,2.5,9.2,TV,5.0
U0493,C040,2025-11-10,115.6,85.0,TV,0.0
U0096,C008,2025-06-10,45.4,75.6,Desktop,0.0
U0357,C029,2026-01-31,17.3,30.9,TV,1.0
U0379,C010,2025-07-05,72.0,67.9,Desktop,4.0
U0123,C002,2025-10-17,12.9,23.5,Tablet,0.0
U0116,C010,2026-03-27,59.0,55.7,Tablet,5.0
U0145,C041,2025-05-30,102.3,69.1,Mobile,0.0
U0184,C030,2026-01-23,42.7,51.5,TV,1.0
U0316,C015,2025-08-31,19.2,17.1,Desktop,0.0
U0428,C047,2026-03-15,44.4,54.8,Desktop,5.0
U0402,C014,2025-09-23,31.6,78.9,Mobile,5.0
U0415,C025,2025-05-08,35.4,45.4,Mobile,2.0
U0267,C029,2025-06-25,41.7,74.5,TV,2.0
U0325,C004,2025-07-16,6.5,23.9,Desktop,0.0
U0351,C004,2025-12-15,20.7,76.6,TV,1.0
U0116,C025,2026-02-13,53.0,68.0,Tablet,0.0
U0486,C015,2026-04-13,71.2,63.6,Tablet,0.0
U0394,C014,2025-08-01,25.3,63.3,Mobile,5.0
U0197,C029,2025-12-02,23.6,42.1,Mobile,0.0
U0165,C016,2026-03-16,16.0,51.7,Desktop,0.0
U0487,C037,2025-12-29,65.4,77.9,Tablet,1.0
U0377,C018,2025-10-05,87.5,74.8,Mobile,0.0
U0308,C007,2025-05-14,65.9,49.2,Mobile,2.0
U0093,C021,2025-04-22,34.3,90.3,TV,3.0
U0232,C034,2025-11-03,45.4,94.6,Mobile,4.0
U0300,C016,2025-11-17,15.1,48.7,Desktop,3.0
U0165,C037,2025-05-20,60.4,71.9,TV,3.0
U0336,C010,2025-05-26,80.3,75.8,Mobile,4.0
U0278,C012,2025-10-18,37.9,35.1,Desktop,0.0
U0361,C023,2025-10-17,81.0,69.2,Tablet,1.0
U0329,C034,2025-11-26,28.3,59.0,Desktop,4.0
U0095,C024,2025-08-22,56.8,74.8,Tablet,4.0
U0445,C010,2026-02-11,95.2,89.8,Mobile,0.0
U0294,C046,2025-06-06,17.6,36.7,Mobile,0.0
U0442,C016,2025-06-27,22.2,71.6,Desktop,0.0
U0194,C032,2025-12-07,64.0,84.2,Desktop,3.0
U0395,C006,2025-09-08,31.0,44.3,TV,3.0
U0488,C002,2025-09-17,42.2,76.8,Mobile,0.0
U0092,C007,2026-01-14,91.1,68.0,Tablet,0.0
U0426,C037,2025-12-02,58.9,70.1,Tablet,4.0
U0157,C003,2025-11-11,33.6,79.9,Mobile,2.0
U0358,C048,2025-11-05,20.2,50.4,TV,0.0
U0168,C025,2026-03-26,55.2,70.8,Mobile,0.0
U0312,C039,2025-05-29,27.5,28.9,Mobile,0.0
U0444,C050,2025-06-06,65.4,46.4,Desktop,5.0
U0149,C015,2025-05-27,21.1,18.8,TV,2.0
U0359,C043,2026-03-02,35.1,50.1,Mobile,0.0
U0462,C013,2025-12-27,88.2,64.4,TV,2.0
U0158,C016,2026-02-15,16.9,54.4,Desktop,0.0
U0244,C014,2025-05-04,11.9,29.7,Mobile,1.0
U0440,C016,2026-01-16,21.3,68.8,Mobile,1.0
U0391,C014,2025-04-23,26.4,66.0,TV,0.0
U0097,C050,2026-03-27,82.3,58.4,Tablet,3.0
U0084,C031,2026-03-19,106.4,82.5,Desktop,0.0
U0336,C047,2025-09-07,65.6,81.0,Tablet,5.0
U0416,C031,2025-06-16,108.9,84.4,Mobile,2.0
U0174,C042,2025-09-25,28.7,61.1,Tablet,5.0
U0245,C017,2026-01-08,27.7,69.3,Mobile,2.0
U0076,C043,2025-05-07,45.0,64.3,TV,1.0
U0044,C022,2025-07-19,70.4,85.8,Desktop,5.0
U0209,C027,2025-11-25,69.0,93.3,TV,1.0
U0140,C024,2025-05-08,43.6,57.4,TV,1.0
U0400,C038,2025-05-23,39.0,44.3,Desktop,0.0
U0497,C023,2025-10-24,74.3,63.5,Tablet,0.0
U0362,C039,2025-11-10,69.3,73.0,TV,1.0
U0142,C042,2025-07-01,25.2,53.6,Tablet,3.0
U0007,C045,2025-04-21,42.6,41.8,Tablet,3.0
U0281,C050,2026-01-08,37.8,26.8,TV,5.0
U0298,C007,2025-07-21,46.6,34.8,Tablet,4.0
U0359,C010,2025-10-05,70.9,66.9,TV,4.0
U0456,C044,2026-03-28,14.9,24.4,Tablet,5.0
U0133,C030,2025-07-17,37.2,44.8,Tablet,2.0
U0054,C030,2025-05-28,37.2,44.8,Mobile,3.0
U0121,C039,2025-12-23,51.5,54.2,TV,0.0
U0409,C002,2026-01-25,48.0,87.2,Tablet,0.0
U0155,C010,2025-10-29,57.6,54.3,Mobile,1.0
U0331,C035,2026-02-03,34.7,27.1,Desktop,4.0
U0258,C019,2025-09-16,71.3,63.1,Tablet,1.0
U0423,C012,2025-10-08,37.6,34.8,Mobile,3.0
U0003,C033,2026-04-13,43.8,30.0,TV,3.0
U0393,C042,2025-10-28,34.7,73.8,Desktop,2.0
U0084,C021,2026-03-19,35.4,93.2,TV,0.0
U0393,C026,2025-12-05,88.2,72.3,Desktop,3.0
U0174,C006,2025-06-24,34.5,49.3,Tablet,2.0
U0244,C030,2025-07-15,65.0,78.3,Desktop,5.0
U0453,C046,2025-05-01,13.9,28.9,Mobile,3.0
U0362,C037,2025-08-10,41.2,49.0,Mobile,1.0
U0463,C009,2025-10-07,59.0,64.8,Tablet,0.0
U0424,C040,2025-05-03,53.0,39.0,TV,5.0
U0370,C013,2025-11-26,31.1,22.7,Tablet,5.0
U0424,C043,2025-11-23,5.9,8.4,TV,2.0
U0010,C019,2025-06-02,56.0,49.6,Desktop,0.0
U0038,C026,2025-05-09,96.3,78.9,Mobile,5.0
U0005,C044,2025-11-16,47.2,77.3,Tablet,0.0
U0229,C035,2025-08-20,110.7,86.5,Mobile,0.0
U0146,C003,2025-04-19,8.6,20.5,Desktop,5.0
U0198,C036,2026-02-27,25.9,22.1,Desktop,2.0
U0404,C022,2025-08-23,49.7,60.6,Desktop,5.0
U0480,C021,2025-05-16,10.4,27.5,Tablet,1.0
U0211,C024,2025-09-14,34.4,45.2,Mobile,0.0
U0455,C020,2025-08-30,69.7,63.4,TV,4.0
U0442,C039,2025-08-04,60.9,64.1,TV,0.0
U0053,C015,2025-05-08,49.3,44.0,Tablet,5.0
U0410,C017,2025-12-28,27.2,67.9,Mobile,4.0
U0260,C048,2025-07-03,35.6,89.1,Desktop,1.0
U0264,C031,2026-02-11,89.1,69.1,Desktop,4.0
U0320,C033,2025-09-15,82.8,56.7,Mobile,0.0
U0489,C049,2025-08-06,33.1,89.5,TV,5.0
U0424,C004,2026-03-30,3.6,13.4,Tablet,4.0
U0479,C007,2025-11-10,66.2,49.4,Mobile,5.0
U0223,C044,2025-04-30,45.0,73.8,TV,4.0
U0201,C018,2025-10-25,21.5,18.4,Tablet,0.0
U0379,C048,2026-01-24,19.2,48.1,Tablet,0.0
U0337,C011,2025-05-05,28.0,23.9,TV,0.0
U0186,C017,2025-06-30,21.6,53.9,TV,1.0
U0233,C009,2025-07-09,80.4,88.3,Desktop,0.0
U0282,C027,2026-04-16,44.2,59.7,Mobile,3.0
U0155,C014,2025-11-17,1.8,4.5,Tablet,0.0
U0454,C018,2025-05-31,21.1,18.0,Mobile,5.0
U0356,C010,2025-11-12,102.0,96.2,Mobile,0.0
U0491,C012,2026-03-22,98.8,91.5,TV,0.0
U0068,C045,2026-01-26,38.1,37.4,Tablet,3.0
U0475,C024,2026-03-21,41.6,54.7,Mobile,2.0
U0308,C028,2025-10-19,114.2,77.7,Tablet,3.0
U0487,C009,2025-07-28,36.8,40.4,Mobile,0.0
U0441,C042,2025-12-15,32.3,68.7,Tablet,0.0
U0441,C012,2025-11-13,19.3,17.9,TV,2.0
U0260,C033,2025-08-04,108.8,74.5,Desktop,1.0
U0248,C003,2025-04-21,29.1,69.4,TV,3.0
U0309,C038,2025-12-25,54.3,61.7,Desktop,5.0
U0031,C022,2026-02-26,64.9,79.2,Desktop,1.0
U0490,C011,2026-03-08,89.0,76.1,Tablet,0.0
U0467,C042,2026-03-18,32.3,68.8,Mobile,0.0
U0285,C032,2025-08-27,29.3,38.5,Desktop,3.0
U0363,C012,2025-05-25,71.0,65.7,Tablet,3.0
U0313,C045,2026-03-06,13.0,12.7,Desktop,1.0
U0054,C029,2026-02-17,32.4,57.8,Tablet,2.0
U0054,C048,2025-04-27,35.4,88.6,Desktop,4.0
U0339,C040,2026-03-05,60.1,44.2,Desktop,4.0
U0100,C005,2025-08-29,17.1,21.6,TV,0.0
U0149,C042,2025-12-12,20.6,43.9,Tablet,0.0
U0332,C006,2025-09-23,22.5,32.1,Mobile,0.0
U0107,C017,2026-03-29,4.9,12.3,Tablet,0.0
U0310,C022,2025-11-03,43.7,53.3,Desktop,2.0
U0121,C024,2025-12-03,41.4,54.5,Mobile,4.0
U0381,C049,2025-06-01,33.1,89.4,Desktop,3.0
U0322,C043,2025-11-08,54.6,78.0,Tablet,4.0
U0291,C039,2026-01-05,20.9,22.0,TV,2.0
U0041,C026,2026-01-15,64.5,52.9,TV,5.0
U0494,C032,2025-06-13,26.7,35.1,Mobile,2.0
U0289,C004,2025-11-02,10.1,37.5,Desktop,0.0
U0093,C008,2025-05-03,43.1,71.9,TV,2.0
U0327,C025,2025-07-29,45.9,58.8,Desktop,1.0
U0417,C028,2025-07-04,38.2,26.0,Mobile,2.0
U0463,C042,2025-08-15,36.1,76.8,Mobile,0.0
U0296,C018,2025-09-07,56.5,48.3,TV,1.0
U0298,C042,2026-01-25,42.9,91.2,Mobile,1.0
U0374,C049,2025-05-30,21.2,57.4,Desktop,0.0
U0088,C002,2025-06-20,18.7,34.0,Tablet,0.0
U0373,C028,2025-07-03,72.5,49.3,TV,0.0
U0017,C038,2025-05-13,85.7,97.4,TV,2.0
U0495,C021,2025-04-27,29.3,77.1,Tablet,5.0
U0074,C043,2025-12-02,24.5,35.0,TV,3.0
U0156,C040,2026-02-06,100.2,73.7,TV,0.0
U0196,C034,2025-06-22,25.1,52.2,TV,3.0
U0290,C048,2026-02-24,31.2,77.9,TV,1.0
U0418,C046,2026-01-14,16.4,34.2,TV,0.0
U0084,C006,2025-08-08,37.9,54.1,Tablet,1.0
U0435,C046,2025-07-02,30.6,63.8,TV,3.0
U0323,C004,2026-04-12,6.3,23.2,Desktop,3.0
U0415,C004,2025-08-23,13.3,49.1,TV,3.0
U0465,C016,2025-11-18,13.8,44.4,Tablet,1.0
U0095,C032,2025-06-03,19.4,25.5,Desktop,5.0
U0311,C033,2025-09-29,83.2,57.0,Tablet,2.0
U0183,C021,2025-11-22,32.0,84.3,Tablet,5.0
U0353,C029,2026-01-27,6.9,12.3,Mobile,0.0
U0320,C024,2025-08-09,22.0,28.9,Tablet,0.0
U0310,C012,2025-09-05,56.9,52.7,Desktop,5.0
U0264,C050,2025-10-12,101.5,72.0,Desktop,2.0
U0010,C011,2025-12-06,92.2,78.8,Tablet,2.0
U0162,C032,2025-06-29,56.5,74.3,Tablet,5.0
U0124,C018,2025-09-18,57.3,49.0,Desktop,0.0
U0496,C028,2025-06-22,73.1,49.7,TV,0.0
U0272,C037,2025-04-26,35.4,42.2,Tablet,2.0
U0441,C028,2026-03-20,129.1,87.8,Desktop,0.0
U0325,C048,2025-07-17,19.4,48.4,Tablet,3.0
U0235,C030,2026-01-18,79.1,95.3,Mobile,0.0
U0230,C014,2026-01-16,34.4,85.9,Tablet,5.0
U0170,C005,2025-05-01,29.6,37.5,TV,0.0
U0127,C017,2025-12-14,36.9,92.2,Tablet,3.0
U0405,C029,2025-11-16,40.3,71.9,Tablet,1.0
U0417,C039,2025-08-17,42.3,44.5,Desktop,2.0
U0444,C016,2025-07-23,11.7,37.8,Mobile,3.0
U0379,C007,2025-05-28,92.6,69.1,Tablet,0.0
U0404,C002,2025-08-29,29.3,53.2,Tablet,3.0
U0127,C036,2025-10-08,29.4,25.1,Mobile,4.0
U0241,C034,2025-09-18,39.7,82.8,Tablet,3.0
U0001,C041,2026-02-18,75.3,50.9,Tablet,5.0
U0316,C044,2026-02-23,27.1,44.5,Tablet,0.0
U0199,C005,2025-12-04,68.9,87.2,Mobile,0.0
U0012,C046,2026-04-16,31.0,64.6,Tablet,3.0
U0132,C024,2025-06-01,58.1,76.5,Desktop,4.0
U0257,C045,2026-03-12,52.0,51.0,Tablet,3.0
U0334,C039,2026-03-03,63.3,66.6,Tablet,0.0
U0174,C045,2025-07-24,74.7,73.2,Desktop,0.0
U0157,C025,2025-12-06,70.4,90.2,Desktop,0.0
U0106,C032,2025-11-24,34.6,45.5,Tablet,0.0
U0235,C037,2025-12-21,56.7,67.5,Tablet,3.0
U0212,C049,2025-11-24,18.1,49.0,Mobile,4.0
U0211,C035,2025-05-28,95.7,74.8,Tablet,0.0
U0041,C022,2025-10-17,53.4,65.1,Tablet,4.0
U0049,C048,2025-06-11,33.8,84.5,TV,1.0
U0044,C044,2025-09-29,13.5,22.2,Mobile,0.0
U0390,C001,2026-04-07,45.2,50.2,Tablet,3.0
U0424,C007,2025-06-14,81.2,60.6,Tablet,0.0
U0414,C017,2025-08-29,34.3,85.8,Tablet,2.0
U0442,C019,2025-11-03,61.9,54.8,Mobile,0.0
U0363,C039,2025-08-16,53.7,56.5,Tablet,3.0
U0316,C039,2026-03-26,68.8,72.4,Desktop,1.0
U0356,C041,2025-07-05,96.1,64.9,TV,5.0
U0410,C027,2025-11-04,68.6,92.7,Tablet,0.0
U0104,C022,2025-11-06,40.7,49.6,Mobile,3.0
U0171,C010,2025-10-16,56.7,53.5,Desktop,0.0
U0500,C048,2025-07-04,33.7,84.3,TV,1.0
U0444,C042,2025-07-05,40.8,86.8,Tablet,1.0
U0061,C014,2025-09-26,13.5,33.7,TV,2.0
U0325,C039,2026-03-06,29.1,30.6,Desktop,2.0
U0400,C004,2026-04-11,21.2,78.4,Tablet,3.0
U0240,C042,2026-01-04,32.1,68.4,Tablet,4.0
U0309,C027,2025-07-21,48.3,65.3,Tablet,2.0
U0113,C029,2025-08-29,48.4,86.4,Tablet,3.0
U0210,C036,2026-04-01,94.9,81.1,TV,5.0
U0342,C023,2025-06-02,74.3,63.5,TV,1.0
U0282,C043,2025-05-15,63.4,90.5,Tablet,5.0
U0357,C007,2025-05-18,8.7,6.5,Desktop,4.0
U0317,C028,2026-01-05,71.9,48.9,TV,3.0
U0031,C038,2026-04-04,12.8,14.6,TV,2.0
U0122,C010,2025-08-10,90.6,85.5,TV,4.0
U0489,C033,2025-06-25,91.4,62.6,Mobile,1.0
U0012,C043,2025-04-30,47.5,67.9,Tablet,0.0
U0045,C015,2025-06-19,74.8,66.8,Tablet,5.0
U0360,C036,2025-06-19,3.7,3.2,Desktop,2.0
U0175,C037,2025-06-03,59.1,70.4,Tablet,0.0
U0242,C033,2025-12-23,112.4,77.0,TV,4.0
U0415,C032,2025-12-25,42.6,56.1,Desktop,3.0
U0207,C019,2025-07-01,103.5,91.6,Mobile,0.0
U0095,C047,2025-10-24,77.9,96.2,Desktop,2.0
U0201,C039,2026-03-15,45.5,47.9,Mobile,5.0
U0067,C050,2025-06-21,121.3,86.0,Desktop,3.0
U0272,C009,2025-10-03,42.5,46.7,Tablet,3.0
U0417,C027,2026-03-20,48.8,66.0,Tablet,0.0
U0030,C004,2026-02-12,2.2,8.1,TV,0.0
U0364,C020,2025-11-24,63.6,57.8,Desktop,4.0
U0104,C021,2025-10-15,19.2,50.5,Mobile,3.0
U0071,C039,2025-08-28,61.6,64.8,Mobile,1.0
U0069,C029,2025-06-24,44.4,79.3,Desktop,3.0
U0475,C050,2025-09-04,113.8,80.7,TV,1.0
U0463,C032,2025-11-04,59.8,78.7,TV,2.0
U0277,C050,2026-02-17,126.3,89.6,Mobile,5.0
U0256,C026,2025-09-13,18.4,15.1,Mobile,2.0
U0341,C024,2025-11-16,48.8,64.2,Mobile,0.0
U0391,C045,2025-11-12,46.3,45.4,Desktop,3.0
U0422,C006,2025-12-27,60.2,86.0,Desktop,4.0
U0380,C022,2025-07-09,60.6,73.9,Mobile,4.0
U0066,C019,2026-02-11,23.2,20.5,Desktop,0.0
U0425,C023,2026-02-10,109.4,93.5,Desktop,2.0
U0381,C001,2025-12-17,19.4,21.6,Desktop,3.0
U0189,C037,2025-07-25,24.7,29.4,Mobile,0.0
U0039,C040,2026-01-29,128.2,94.3,Tablet,5.0
U0076,C043,2026-01-08,61.1,87.3,Mobile,4.0
U0458,C038,2025-07-17,47.4,53.9,Mobile,2.0
U0324,C028,2026-03-19,48.2,32.8,Tablet,0.0
U0088,C014,2025-07-17,36.7,91.8,TV,5.0
U0116,C003,2025-09-14,15.7,37.4,Tablet,2.0
U0464,C015,2025-08-15,68.4,61.1,Tablet,1.0
U0354,C027,2026-02-12,35.9,48.5,Tablet,3.0
U0330,C015,2026-04-13,80.5,71.9,Mobile,2.0
U0242,C032,2025-12-09,51.1,67.3,TV,2.0
U0282,C006,2025-12-23,20.6,29.5,Tablet,3.0
U0164,C036,2026-01-11,76.3,65.2,Tablet,2.0
U0388,C004,2025-05-06,19.1,70.7,Tablet,0.0
U0275,C026,2025-08-10,82.8,67.9,Mobile,4.0
U0493,C005,2025-05-29,48.7,61.6,Desktop,4.0
U0282,C002,2025-10-09,23.0,41.9,Mobile,2.0
U0303,C019,2025-12-28,78.2,69.2,Mobile,4.0
U0077,C014,2025-07-28,24.8,62.0,Mobile,3.0
U0471,C003,2025-12-08,20.6,49.0,TV,4.0
U0445,C006,2026-02-27,37.1,53.0,TV,3.0
U0408,C039,2025-05-11,57.6,60.6,Mobile,5.0
U0136,C033,2026-02-18,103.5,70.9,TV,0.0
U0500,C028,2026-03-18,34.7,23.6,TV,4.0
U0454,C018,2025-08-13,8.2,7.0,Desktop,1.0
U0241,C043,2026-02-13,35.9,51.3,Tablet,3.0
U0410,C014,2025-10-10,26.3,65.8,Desktop,4.0
U0093,C046,2025-04-26,39.4,82.1,Mobile,4.0
U0456,C033,2025-04-19,71.0,48.6,Mobile,1.0
U0191,C043,2026-02-04,65.7,93.9,Tablet,0.0
U0158,C045,2025-06-09,69.8,68.4,TV,5.0
U0464,C013,2026-03-16,60.3,44.0,TV,1.0
U0168,C005,2026-01-25,22.2,28.1,TV,1.0
U0179,C017,2026-03-26,30.7,76.8,Mobile,2.0
U0292,C007,2025-09-08,26.8,20.0,TV,0.0
U0368,C023,2025-11-25,19.8,16.9,Desktop,0.0
U0431,C009,2025-11-29,65.2,71.6,Tablet,0.0
U0221,C006,2025-09-12,28.8,41.1,TV,0.0
U0378,C029,2026-03-15,39.5,70.6,Tablet,0.0
U0350,C009,2025-04-26,63.3,69.6,TV,0.0
U0239,C048,2025-11-12,22.0,54.9,Desktop,0.0
U0280,C040,2025-06-27,40.9,30.1,Desktop,2.0
U0362,C027,2025-07-21,49.4,66.8,Desktop,4.0
U0498,C021,2025-12-12,24.7,65.0,Mobile,1.0
U0499,C033,2025-09-28,89.5,61.3,TV,2.0
U0219,C041,2026-02-16,104.8,70.8,TV,3.0
U0278,C027,2026-03-12,22.9,31.0,Tablet,5.0
U0461,C037,2025-11-24,39.3,46.8,Tablet,0.0
U0137,C014,2025-08-25,11.5,28.7,Desktop,2.0
U0439,C028,2026-03-07,65.0,44.2,Mobile,3.0
U0431,C018,2026-01-28,99.1,84.7,TV,4.0
U0147,C030,2025-10-29,9.1,11.0,Desktop,5.0
U0443,C006,2026-02-14,33.5,47.8,Desktop,3.0
U0387,C037,2026-02-03,73.5,87.5,TV,1.0
U0313,C042,2025-10-18,27.6,58.8,Desktop,4.0
U0050,C007,2025-06-19,100.5,75.0,Mobile,0.0
U0038,C001,2026-03-19,60.3,67.0,Mobile,3.0
U0401,C020,2025-06-21,59.2,53.8,TV,0.0
U0440,C049,2026-01-21,5.7,15.3,Mobile,1.0
U0042,C005,2025-05-30,29.6,37.5,TV,0.0
U0203,C032,2025-04-22,24.2,31.9,Tablet,5.0
U0237,C025,2026-02-06,68.2,87.5,Desktop,4.0
U0322,C039,2025-09-01,86.5,91.1,Tablet,0.0
U0380,C027,2025-10-06,67.8,91.6,TV,0.0
U0134,C030,2025-05-20,16.0,19.3,Desktop,3.0
U0117,C029,2025-10-11,25.0,44.6,Desktop,2.0
U0356,C021,2026-02-21,35.0,92.0,Mobile,2.0
U0054,C034,2025-08-06,26.9,56.1,TV,1.0
U0240,C008,2025-08-27,2.0,3.4,Desktop,5.0
U0124,C049,2026-03-01,29.5,79.7,TV,4.0
U0131,C042,2025-05-11,46.3,98.6,Desktop,4.0
U0339,C038,2025-08-03,31.0,35.2,Desktop,4.0
U0144,C012,2025-12-04,94.9,87.9,TV,5.0
U0219,C008,2025-06-26,46.5,77.5,TV,3.0
U0301,C014,2025-10-11,18.2,45.4,TV,3.0
U0279,C042,2025-11-11,42.2,89.8,Tablet,2.0
U0233,C010,2025-12-13,14.5,13.7,Tablet,0.0
U0473,C023,2025-05-19,80.7,69.0,Tablet,3.0
U0040,C028,2026-01-27,53.4,36.3,Tablet,0.0
U0138,C046,2025-07-19,31.6,65.9,Mobile,0.0
U0443,C003,2025-11-26,24.9,59.2,TV,5.0
U0255,C022,2025-07-15,21.0,25.6,Mobile,1.0
U0316,C002,2025-09-20,7.0,12.8,Desktop,0.0
U0188,C035,2025-09-27,73.6,57.5,Tablet,3.0
U0321,C038,2026-02-27,31.9,36.3,Desktop,0.0
U0130,C041,2026-04-11,72.8,49.2,Mobile,1.0
U0351,C033,2025-06-22,108.0,74.0,TV,5.0
U0421,C008,2026-02-06,17.5,29.2,Desktop,0.0
U0419,C037,2025-09-01,42.8,50.9,TV,0.0
U0399,C012,2025-05-15,71.5,66.2,TV,5.0
U0204,C048,2025-06-13,39.0,97.6,Tablet,2.0
U0321,C041,2025-10-13,35.4,23.9,Desktop,5.0
U0337,C030,2026-03-24,28.1,33.8,Desktop,5.0
U0228,C042,2025-05-31,24.9,52.9,Desktop,4.0
U0035,C049,2025-08-09,26.7,72.2,Desktop,0.0
U0088,C001,2025-08-07,28.8,32.0,Mobile,4.0
U0421,C037,2025-07-10,76.9,91.5,Tablet,2.0
U0060,C040,2025-12-17,58.1,42.7,Desktop,5.0
U0500,C048,2025-09-07,15.6,39.1,Desktop,2.0
U0072,C026,2026-04-15,73.6,60.3,TV,0.0
U0313,C016,2025-12-17,20.4,65.7,Desktop,4.0
U0021,C011,2026-02-24,69.0,59.0,Mobile,0.0
U0207,C002,2025-09-06,35.9,65.2,Desktop,0.0
U0495,C010,2025-06-02,56.5,53.3,TV,0.0
U0160,C020,2025-05-15,76.3,69.4,Mobile,2.0
U0452,C012,2025-09-03,45.8,42.4,TV,2.0
U0250,C042,2026-02-02,19.7,41.9,TV,0.0
U0227,C005,2025-05-06,18.2,23.1,Tablet,0.0
U0274,C038,2025-05-23,28.2,32.0,Desktop,1.0
U0289,C039,2025-09-01,62.5,65.8,Tablet,4.0
U0072,C027,2025-11-26,60.6,81.9,Mobile,1.0
U0268,C021,2026-01-25,21.5,56.7,TV,3.0
U0026,C017,2025-08-30,24.4,61.1,Desktop,0.0
U0337,C013,2025-08-01,134.5,98.2,TV,4.0
U0239,C012,2025-06-16,20.4,18.9,Desktop,0.0
U0024,C022,2025-12-17,75.6,92.2,Desktop,1.0
U0211,C048,2025-04-23,11.4,28.4,TV,0.0
U0161,C016,2025-09-07,24.1,77.7,Mobile,1.0
U0125,C048,2025-10-14,17.8,44.6,TV,0.0
U0151,C017,2026-01-02,24.3,60.7,Mobile,3.0
U0232,C037,2026-04-16,53.5,63.7,Mobile,4.0
U0390,C034,2025-05-08,35.6,74.1,Tablet,5.0
U0381,C020,2025-04-29,78.5,71.4,Mobile,1.0
U0450,C014,2026-03-23,28.6,71.4,Tablet,0.0
U0423,C027,2025-10-24,18.5,25.0,Mobile,5.0
U0247,C006,2026-02-25,53.7,76.7,Desktop,3.0
U0451,C016,2026-02-07,20.6,66.6,Tablet,4.0
U0166,C013,2025-10-25,34.2,25.0,Tablet,1.0
U0213,C030,2025-08-02,75.3,90.7,Desktop,0.0
U0413,C021,2026-02-16,21.1,55.6,Tablet,2.0
U0245,C033,2026-02-20,118.7,81.3,Tablet,1.0
U0245,C006,2026-03-08,50.3,71.9,Tablet,2.0
U0239,C033,2025-04-25,58.3,39.9,TV,0.0
U0195,C050,2026-04-10,75.7,53.7,Mobile,3.0
